diagnosis,icd
AA bei Vorhofflimmern,I48.0
"AA bei Vorhofflimmern, ED 4/14",I48.9
Abdomenschmerzen,R10.4
Abdominelles Schmerzsyndrom,R10.3
ACG-Arthrose rechts,M19.01
Achillessehnenschmerzen,M76.6
Achillessehnenschmerzen links,M76.6
Achillodynie,M76.6
Achillodynie bds.,M76.6
Achillodynie links,M76.6
Achillodynie rechts,M76.6
Adenomyosis uteri,N80.0
Akromioklavikulargelenkarthrose,M19.91
Allergische Kontaktdermatitis bei Nickelallergie,L23.0
Allergische Rhinokonjunktivitis,H10.9
Allergische Rhinopathie,J30.1
Allergische Rhinopathie,J30.4
Allergische Rhinopathie durch Pollen und Katzenhaare,J30.1
Anamnestisch Muskuläre Krämpfe und Faszikulationen,R25.2
Anankastische Persönlichkeitsstruktur,F60.5
Anfallsweise auftretendes Wärmegefühl mit Schwitzen,R68.89
Anhaltende Schmerzen im Bereich der rechten Gesichtshälfte bei,G50.1
"Anti-CCP-Ak, Rheumafaktor positive rheumatoide Arthritis, ED 09/2014",M05.90
"Anti-CCP-Ak, Rheumafaktor positive rheumatoide Arthritis, ED 1993",M05.90
"Anti-CCP-Ak, Rheumafaktor positive rheumatoide Arthritis, ED 2011",M05.90
Antibiotika assoziierte Diarrhoen DD CED,K52.1
Antiphospholipid-AK,M32.9
Aortenaneurysma Typ B,I71.9
Aortenklappe,I08.3
Arthralgie,M25.50
Arthritis mehrere Lokalisationen,M07.10
"Arthritis psoriatica, HLA-B27 negativ",L40.5
"Arthritis urica, ED 1988",M10.09
"Arthritis, nicht näher bezeichnet, an nicht näher bezeichneten",M13.99
Arthrofibrose re. Kniegelenk bei Z.n. TEP mit Folge OPs,M25.56
Arzneimittel induzierte Polyneuropathie nach Chemotherapie,G62.22
Arzneimittel induzierte Polyneuropathie nach Chemotherapie,G62.20
Arzneimittelinduzierte Osteoporose,M81.49
Assoziation mit Cluster Kopfschmerzen,G44.0
"Asymmetrisch rechtsbetonte, sensorische Polyneuropathie",G62.88
Atherosklerotische Zwei-Gefäß-Erkrankung,I25.9
Atopisches [endogenes] Ekzem,L20.9
Atopisches Ekzem,L20.8
Atopisches Ekzem,L20.9
Atopisches endogenes Ekzem,L20.9
Atypische Trigeminusneuralgie rechts,G50.0
Atypischer Gesichtsschmerz,G50.1
Atypischer Gesichtsschmerz links,G50.1
Ausgeprägte BWS-/LWS-Skoliose,M41.99
Autoimmune Thyreoiditis,E06.3
Autoimmunpankreatitis,E86.1
Autoimmunthyreoiditis,E06.3
Autonome Dysregulation mit generalisierter Hyperhidrose,G90.8
Axiale Sacroileitis,M46.1
"Axiale Spondylarthritis mit peripherer Beteiligung, EM Anfang 1994/95",M45.09
"Axiale Spondylarthritis, ED 2020, EM 2018",M46.80
"Axiale Spondyloarthritis, HLA-27 positiv, ED 10/2014 mit",M45.00
Axonale demyelinisierende Polyneuropathie,G62.9
Axonale Polyneuropathie,G62.9
Axonale Polyneuropathie der Beine nach Churge-Strauß-Vaskulitis,G62.9
Axonale sensomotorische Polyneuropathie,G62.9
"Axonale-demyelinisierende Polyneuropathie, ED 1995",G62.9
Bandscheibendegenerationen in den Etagen L4/5 und L5/S1,M51.3
Bandscheibenprolaps L5/S1,M51.8
Bandscheibenvorfall L2/3,M51.9
Bandscheibenvorfall L5/S1,M51.2
Bandscheibenvorfall L5/S1 rechts mit sensiblem Syndrom,M51.2
Bandscheibenvorfall LWK5/SWK1,M51.2
Bauchschmerzen bei Z. n. perforierter Appendizitis und Ileus-OP,R10.4
Beidseitige gluteale Schmerzen,R52.9
Bein und sensibel betonte Polyneuropathie,G26.9
"Beinbetonte, primär Axonale Polyneuropathie",G62.9
Beinschmerzen,M79.69
Beinschmerzen links,M79.69
Beinschmerzen unklarer Ursache,M79.69
Belastungsabhängige Kniebeschwerden bds.,M79.66
Belastungsabhängige Schmerzen beide Knie bei,M79.66
Belastungsabhängige Schmerzen beider Füße,M79.67
Belastungsabhängige Schmerzen beider Kniegelenke,M25.56
Belastungsdyspnoe,R06.0
Belastungsinkontinenz,N39.3
Benigne Prostatahyperplasie,N40
"BET, Radiatio",C50.9
Beta Thalassämie,D56.9
"Beteiligung großer Gelenke, ED 12/2008 L40.5,",M07.00
Bewegungsabhängige Knieschmerzen links,M25.56
Bewegungsabhängige Schmerzen im Schulter-/Gürtelbereich links,M79.61
Bienengiftallergie,T63.4
Bilaterale Vestibulopathie,H81.8
Biliäre Zirrhose,K74.3
Bipolare affektive Störung,F31.9
Blasenentleerungsstörung mit deutlicher Restharnbildung,R39.1
Blasenspeicherstörung im Rahmen von erhöhten Restharnmengen,N32.8
Blähungen,R14
Brennende Schmerzen in den Beinen,M79.66
Bronchiale Hyperreagibilität mit Reizhusten,J45.9
Bronchiektasien,J47
Bruxismus mit CMD (Craniomandibuläre Dysfunktion),G44.8
Bullöses Pemphigoid,L43.1
Bursitis im Schulterbereich links,M75.5
Bursitis trochanterica links,M70.6
Bursitis trochanterica mit Tendopathie des M. tensor fasciae latae bds.,M77.9
Bursitis trochanterica rechts,M77.9
BWS- und LWS-Syndrom,M54.80
BWS-LWS-Syndrom,M54.90
BWS-Syndorm,M54.84
BWS-Syndrom,M54.83
BWS-Syndrom,M54.84
BWS-Syndrom,M54.86
BWS-Syndrom,M54.85
BWS-Syndrom,M54.80
BWS-Syndrom bei Skoliose,M41.94
BWS-Syndrom mit Myogelosen,M54.6
BWS-Syndrom re,M54.84
"BWS/LWS-Syndrom bei alten, osteoporotischen LWK 1,3 und 4 Frakturen M54.85,",M80.88
Carotis-Artriosklerose ohne hämodynamische Störung,I65.2
Cerebelläre Atrophie,G31.9
Cerebrale Microangiopathie,I67.9
Cerebrale Mikroangiopathie,I67.9
Cervicocranialsyndrom,M53.0
Cervicogener Kopfschmerz,G44.8
Cervikalsyndrom,M54.82
Chondrose L5/S1,M42.97
Chron HWS-Syndrom mit Cervicobrachialgie links bei BSP C 5/6 und Foramenstenose C 5/6 links,M53.1
Chron Rückenschmerzen,M54.80
Chron. abdominelle Schmerzen und Flankenschmerzen bds.,R10.4
Chron. Analfissur,K60.2
Chron. atypische Gesichtsschmerzen rechtsseitig,G50.1
Chron. Bauchschmerzen,R10.4
Chron. deg. LWS-Syndrom,M54.86
Chron. degenerat. Wirbelsäulensyndrom,M54.80
Chron. Erschöpfungssymptomatik,G93.3
Chron. ISG-Reizsyndrom rechts,M54.17
Chron. kalzifizierende Pankreatitis,K86.1
Chron. Knieschmerzen rechts,M17.9
Chron. Kopfschmerzen,R51
Chron. Kopfschmerzen,G44.2
Chron. Lumboischialgie links bei Bandscheibenvorfall LWK 4/5 mit,M51.2
Chron. Lumboischialgie links bei degenerativen L WS-Veränderungen,M54.86
Chron. LWS-Syndrom bei,M54.86
Chron. Müdigkeitssyndrom,G93.3
Chron. neuropathischer Schmerz im Ausbreitungsgebiet des N. rad. superf. links,G56.9
Chron. Oberbauchschmerzen,R10.1
"Chron. obstr. Lungenerkrankung, Schwergrad 3",J44.81
Chron. Pakreatitis,K86.1
Chron. Pansinusitis,J32.4
Chron. rez. Lumbalsyndrom,M54.86
Chron. rezidivierende Harnwegsinfekte,N39.0
Chron. Rückenschmerz ohne Ischialgie,M54.87
Chron. Sakroischialgie,M54.5
Chron. Schmerz im Bereich des Trochant. major re.,R52.2
Chron. Schmerzen im Sakrococczygealbereich rechts,M54.98
Chron. Schmerzsyndrom der Brust- und Lendenwirbelsäule,M54.90
Chron. Schulterschmerzen re.,M25.51
Chron. Schwindel,R42
Chron. Sinusitis,J32.9
Chron. Spannungskopfschmerz,G44.2
Chron. Unterbauchschmerzen,R10.4
Chron. Verdauungsbeschwerden,K29.5
Chron. Zervikobrachialgien,M53.1
Chronic Fatique Syndrom,G93.3
Chronic fatique syndrom,G93.3
Chronic Fatique-Syndrom,G93.3
Chronic-Fatigue-Syndrom CFS/ME,G93.3
"Chronifizierende Polyneuropathie Hände, Füße, Körper, unklarer Genese",G62.9
Chronisch degeneratives HWS-Syndrom,M54.82
Chronisch degeneratives LWS-Syndrom,M54.86
Chronisch degeneratives Wirbelsäulensyndrom,M54.80
Chronisch inflammatorisch demyelinisierende Polyneuropathie (CIDP),G61.8
Chronisch respiratorische Insuffizienz Typ I [hypoxisch],J96.10
Chronisch rezidivierende Dyspepsie,K30
Chronisch rezidivierende Lumboischialgie,M54.4
Chronisch rezidivierende Sinusitis,J32.9
Chronisch rezidivierende Urticaria,L50.8
Chronisch- degeneratives LWS-Syndrom,M54.86
Chronisch-degeneratives LWS-Syndrom,M54.86
"Chronisch-rezidivierende Rückenschmerzen, HLA-27 negativ",M54.80
Chronisch-Venöse-Insuffizienz beiderseits,I87.20
Chronische (komplizierte) Migräne,G43.3
Chronische abdominelle Schmerzen,R10.4
Chronische Analfistel,K60.3
Chronische Anämie mit rezidivierenden Eiseninfusion,D50.0
Chronische Bauchbeschwerden,R10.4
Chronische Bauchschmerzen,R10.4
Chronische Beckenschmerzensyndrom,R52.9
Chronische Bronchitis,J41.0
Chronische bronchitis,J41.0
Chronische Bronchitis,J42
Chronische bronchitis,J45.9
Chronische Bronchitis,J41.1
Chronische Cervicobrachialgie und –Cephalgie,M53.0
Chronische Ein- und Durchschlafstörungen,G47.0
Chronische Epicondylitis humeri radialis bds.,M77.0
Chronische Epicondylitis humeri ulnaris bds.,M77.1
Chronische exokrine Pankreasinsuffizienz,K86.83
Chronische Frontalsinusitis,J32.1
Chronische Gastritis,K29.5
Chronische Gastritis,K29.7
Chronische Gastritis Typ C,K29.5
"Chronische Gastritis, H.p. negativ.",K29.5
Chronische Gonalgie rechts,M25.56
Chronische Halsschmerzen,R52.9
Chronische Halsschmerzen,R07.0
Chronische Instabilität linkes Sprunggelenk,M25.57
Chronische Kopfschmerz und Schwindelsymptomatik,R51
Chronische Kopfschmerzen,G44.2
Chronische Kopfschmerzen,R51
Chronische linkseitige Gesichts- und Kopfschmerzen,G50.1
Chronische Lumbalgie bei Z. n. Bandscheiben-OP L4/L5,M51.3
Chronische Lumbalgien,M54.5
Chronische Lumboglutealgie sowie Lumboischialgie rechtsseitig mit,M54.4
Chronische LWS-Beschwerden bei Facetengelenksarthrose,M54.86
Chronische Mandibuläre Dysfunktion,K07.6
Chronische Migräne,G43.8
Chronische Migräne,G43.9
Chronische Migräne,G43.0
Chronische Migräne mit Aura,G43.1
Chronische Migräne mit und ohne Aura,G43.3
Chronische Migräne ohne Aura,G43.8
"Chronische multifokale Osteomyelitis mit mehrere Lokalisationen, EM 04/18",M86.30
Chronische myofasziale Schmerzen rechts bei,T84.9
Chronische Müdigkeit,G93.3
Chronische Müdigkeitssymptomatik,G93.3
Chronische Müdigkeitssyndrom,G93.3
Chronische Nierenerkrankung Stad G4-5 A3 bei,N18.9
Chronische Niereninsuffizienz,N18.9
Chronische Niereninsuffizienz (Std. II),N18.2
Chronische Niereninsuffizienz Stadium 2-3,N18.2
Chronische Niereninsuffizienz Stadium II,N18.2
Chronische Niereninsuffizienz Stadium III,N18.3
"Chronische Nierenkrankheit, Stadium 2",N18.2
"Chronische Nierenkrankheit, Stadium III",N18.3
Chronische Obstipation,K59.09
Chronische obstruktive Bronchitis,J41.0
Chronische Pansinusitis,J32.4
Chronische Pansinusitis,J32.9
Chronische Pansinusitis mit anhaltender nasaler Obstruktion,J32.4
Chronische Pansinusitis mit Anosmie,J32.4
Chronische Polyarthritis,M06.80
Chronische Polyarthritis bei M. Wegener,M06.99
"Chronische Polyarthritis, ACPA positive",M06.90
"Chronische Polyarthritis, ED 2015",M06.90
"Chronische Polyarthritis, HLA B27 pos.",M79.00
Chronische Rückenschmerzen,M54.99
Chronische Schmerzen bei atypischem Gesichtsschmerz,G50.1
Chronische Schmerzen Flankenschmerzen recht,R52.2
Chronische Schmerzen im linken Unterbauch,R10.4
Chronische Schmerzen in der Blase und massiver Harndrang,N32.9
"Chronische Schmerzen, und Taubheit distal US + Fuß rechts, radikulär. L5",G54.4
Chronische Schmerzkrankheit,R52.2
Chronische Schmerzstörung mit somatischen und psychischen Faktoren,F45.1
Chronische Sinusitis,J32.9
Chronische Sinusitis,J32.4
Chronische Sinusitis max. und ethmoidalis bds.,J32.4
Chronische Sinusitis maxillaris,J32.0
Chronische Spannungskopfschmerzen,G44.2
Chronische spontane Urticaria mit Angioödem (Gesicht),L50.8
Chronische Steißbeinschmerzen,M54.88
Chronische Unterbachschmerzen,R52.9
Chronische Urtikaria mit Angioödem,T78.3
Chronische Zervikobrachialgie links,M53.1
Chronische Übelkeit,R11.0
"Chronische, migräneartige Kopfschmerzen",R51
Chronische-degeneratives HWS-Syndrom,M54.82
Chronische-degeneratives WS-Syndrom,M54.82
Chronische-obstruktive Bronchitis,J44.9
Chronischen Kopfschmerzen,G44.2
Chronischen Spannungskopfschmerzen,R44.2
Chronischer Gesichtsschmerz beidseits bei,G50.1
Chronischer Husten,R05.3
Chronischer Husten,R05
Chronischer Kopfschmerz,G44.3
Chronischer posttraumatischer Kopfschmerz,G44.3
Chronischer Schmerz der rechten Bein,M79.60
Chronischer Spannungskopfschmerz,G44.2
Chronischer Tinnitus aurium,H93.1
Chronisches degeneratives HWS-Syndrom,M54.82
Chronisches Erschöpfungssyndrom,G93.3
Chronisches Fatigue-Syndrom,G93.3
Chronisches Fatigue-Syndrom (ME/CFS),G93.3
"Chronisches Fatique-Syndrom, externer V.a. chronische EBV-Infektion",G93.3
"Chronisches Ganzkörperschmerzsyndrom, vorwiegend linksseitig",M79.09
Chronisches HWS-LWS-Syndrom,M54.80
Chronisches HWS-Syndrom,M54.82
Chronisches HWS-Syndrom bei degenerativen Veränderungen der HWS,M54.82
Chronisches lumbales LWS-Syndrom,M54.86
Chronisches lumbales Syndrom,M54.86
Chronisches LWS-Syndrom,M54.86
Chronisches LWS-Syndrom,M54.80
Chronisches LWS/ISG-Syndrom,M54.86
Chronisches myofasziales HWS-BWS-Syndrom,M54.80
Chronisches Müdugkeitssyndrom,G93.3
Chronisches Mügigkeitssyndrom,G93.3
Chronisches Schmerzsyndrom,R52.2
Chronisches Schmerzsyndrom,R52.1
Chronisches Schmerzsyndrom des Bewegungssystems,R52.2
Chronisches Schmerzsyndrom im Bereich der rechten Hand bei rezidivierender Dupuytren’scher Kontraktur,R52.1
Chronisches Schmerzsyndrom im Bereich der Vulva und Leiste rechts bei,N90.9
Chronisches Schmerzsyndrom im Chronifizierungsstadium II,R52.2
Chronisches Schmerzsyndrom im kleinen Becken mit Harn- und partieller Stuhlinkontinenz.,R52.2
Chronisches Schmerzsyndrom mit beidseitigen Unterschenkelschmerzen,R52.2
Chronisches Schmerzsyndrom nach Symphysensprengung,R52.2
Chronisches Schmerzsyndrom vom Fibromyalgietyp,M79.70
"Chronisches Vorhofflimmern, ED 05/16 – Antikoagulatio mit Eliquis",I48.1
Chronisches Wirbelsäulensyndrom,M54.80
Chronisches WS-Syndrom,M54.89
Chronisches WS-Syndrom,M54.80
"CIDP mit Paraprotein (MGUS IgG-Kappa), ED 2018",G62.88
Claudicatio radikularis,G55.3
Cluster-Kopfschmerz rechts,G44.0
CMD,G44.8
CMD,K07.6
Coccygodynie,M54.89
Coccygodynie,M53.3
Colitis ulcerosa,K51.9
"Colitis ulcerosa (ED 2014, EM 2013)",K51.9
Colitis ulcerosa ED 1984,K51.9
Colitis ulcerosa ED 2010,K51.9
"Colitis ulcerosa mit Gelenkbeteiligung, ED 2006 K51.9,",M07.50
"Colitis ulcerosa mit Linksseitenbefall, ED 1991",K51.9
Colitis Ulcerosa seit 40 Jahren,K51.9
"Colitis ulcerosa, ED",K51.9
"Colitis ulcerosa, ED 03/2019",K51.9
"Colitis ulcerosa, ED 03/2020",K51.9
"Colitis ulcerosa, ED 08/2017",K51.9
"Colitis ulcerosa, ED 10/2018",K51.9
"Colitis ulcerosa, ED 1978",K51.9
"Colitis ulcerosa, ED 1989",K51.9
"Colitis ulcerosa, ED 1994",K51.9
"Colitis ulcerosa, ED 1997",K51.9
"Colitis ulcerosa, ED 2000",K51.9
"Colitis ulcerosa, ED 2002",K51.9
"Colitis ulcerosa, ED 2005",K51.9
"Colitis ulcerosa, ED 2007",K51.9
"Colitis ulcerosa, ED 2008",K51.9
"Colitis ulcerosa, ED 2010",K51.9
"Colitis ulcerosa, ED 2012",K51.9
"Colitis ulcerosa, ED 2014",K51.9
"Colitis ulcerosa, ED 2016",K51.9
"Colitis ulcerosa, ED 2017",K51.9
"Colitis ulcerosa, ED 2019",K51.9
"Colitis ulcerosa, ED 2021",K51.9
"Colitis ulcerosa, ED 4/2021",K51.9
COPD,J44.99
"COPD (COPD 2, Gruppe B, mMRC 2 Punkte)",J44.9
COPD [Chronic obstruktive pulmonal disease],J44.99
"COPD GOLD 2, Gruppe B",J44.99
COPD GOLD Grad II/III,J44.99
"COPD Gold I, Z.n. Nikotinkonsum (ca. 25 PY)",J44.99
COPD GOLD-Stadium 1,J44.99
COVID-19-Impfstoff,U12.9
"COVID-19-Impfstoffen, nicht näher bezeichnet",U12.9
Coxarthrose,M16.9
Coxarthrose bds.,M16.9
Coxarthrose bds. bei Hüftdysplasierechts,M16.9
Coxarthrose beidseits,M16.9
Coxarthrose Grad I,M16.9
Coxarthrose links,M16.9
Coxarthrose rechts,M16.9
CPPD-Arthritis (Pseudogicht) mit Chondrocalcinose. ED 12/2020,M11.29
Craniomadibuläre Dysfunktion,K07.6
Craniomandibuläre Dysfunktion,K07.6
Craniomandibuläre Dysfunktion rechts betont,K07.9
"Crohn-Krankheit, ED 2012",K50.9
"Crowned-Dens-Syndrom, ED 11/2017",M48.8
CRPS der linken Hand,G90.60
Damensattelgelenksarthrose bds.,M18.9
Dauerschmerz re. Fuß,G57.5
Daumensattelgelenksschmerzen links,M25.54
DD anhaltende idiopatischer Gesichtsschmerz,G50.1
DD. Idiopathische Gesichtsschmerzen,G50.0
Deg. WS-Syndrom,M54.80
Deg. WS-Syndrom,M54.86
Degen. HWS-LWS-Syndrom,M54.80
Degeneratives fehlstatisches Wirbelsäulensyndrom,M54.80
Degeneratives HWS Syndrom,M54.82
Degeneratives HWS-LWS-Syndrom,M54.80
Degeneratives HWS-Syndrom,M54.82
"Degeneratives HWS-Syndrom, BSP HWK 5/6 (06/2021)",M54.82
Degeneratives HWS/BWS-Syndrom,M54.80
Degeneratives LWS,M54.86
Degeneratives LWS- und HWS-Syndrom,M54.90
Degeneratives LWS-Syndrom,M54.86
Degeneratives LWS-Syndrom,M47.26
Degeneratives LWS-Syndrom mit Osteochondrose L5/S1,M54.86
Degeneratives Wirbelsäulensyndrom,M54.80
Degeneratives WS-Syndrom,M54.80
Degeneratives Zervikobrachialsyndrom,M53.1
Demyelinisierend betonte sesomotorische Polyneuropathie,G62.9
Diabetes insipidus,E23.2
Diabetes mellitus Typ 1,E10.90
Diabetes mellitus Typ 1 ab ca. 1988,E10.90
Diabetes mellitus Typ 2,E11.99
Diabetes mellitus Typ 2,E11.90
Diabetes mellitus Typ 2,E11.80
Diabetes mellitus Typ 2 (diätetisch geführt),E11.90
Diabetes mellitus Typ II,E11.90
Diabetes mellitus Typ II (insulinpflichtig),E11.9
"Diabetes mellitus Typ II, diätetisch eingestellt",E11.90
"Diabetes mellitus Typ II, Steroidinduziert",E11.90
Diabetes mellitus Typ IIE,E11.90
"Diabetes mellitus, Typ 1, ED 01/1970 mit Insulinpumpetherapie",E10.90
"Diabetes mellitus, Typ 2",E11.90
"Diabetes mellitus, Typ 2",E11.88
"Diabetes Mellitus, Typ 2",E11.90
"Diabetes mellitus, Typ 2",E11.99
"Diabetes mellitus, Typ 2 mit Nierenkomplikationen",E11.20
"Diabetes mellitus, Typ 2, orale Therapie",E11.90
"Diabetes mellitus, Typ II",E11.90
"Diabetes mellitus, Typ II b, ED ca. 2000",E11.90
"Diabetes mellitus, Typ II, ED 2021",E11.90
"Diarrhoe, Verdauungsstörung",K58.1
Diffuse abdominale Beschwerden,R10.4
"Diffuse myofasziale Beschwerden, Muskuläre Dysbalancen",M79.10
"Distal symmetrische Polyneuropathie, ED 2017",G62.9
Divertikelkrankheit,K57.30
Divertikulose,K57.91
Divertikulose und Z.n. Divertikulitis,K57.92
DM Typ 2,E11.99
Doppelbogige Thorakolumbalskoliose,M41.99
Dorsalgie bei chronischem BWS- und LWS-Syndrom,M54.80
"Dorsalgien der HWS-, BWS und LWS",M54.80
Dorsalgien im LWS-Bereich bei Skoliose,M54.86
Dosierung,U12.9
"Doxetacetal, Cyclophosphamid)",G62.20
Durchschlafstörungen,G47.0
Durchschlafstörungen,G47.9
Dysarthrie,R47.1
Dyshidrotisches Handekzem bei V.a. Atopie,L30.1
Dyslipidämie,E78.5
Dyspnoe bei Belastung,R06.0
Dystal-symetrische Polyneuropathie,G60.9
Ehlers-Danlos-Syndrom,Q79.6
Ein- und Durchschlafstörungen,G47.0
Ein- und Durchschlafstörungen,F51.0
Eingefäß-KHK,I25.9
Einschränkung der tiefen Inspiration,M54.84
Einzelne symptomatische atriale und ventrikuläre Extrasystolen,I49.4
"Eisenmangelanämie, ED 2008",D50.0
"Eisenmangelanämie, ED 2017",D50.9
Ekzem im Bereich des äußeren linken Gehörgangs,L20.9
Ekzematöse Dermatitis,L30.9
Ellenbogen Schmerzen rechts,M25.52
Ellenbogengelenkschmerzen bds.,M79.62
Ellenbogenschmerzen rechts,M79.62
Enddarmschmerzen,R52.2
Endometriose,N80.3
Endometriose,N80.9
Endometriose [Z.n. Hysterektomie 2009],N80.9
Endometriose mit multiplen operativen Eingriffen,N80.9
Entzündlicher Zustand der Kiefer,K10.29
Epicondylitis humeri radialis bds.,M77.1
Epicondylitis humeri radialis beidseits,M77.1
Epicondylitis lateralis humeri links,M77.1
Epicondylitis radialis humeri,M77.1
Epicondylitis radialis humeri bds.,M77.1
Epicondylitis radialis humeri rechts,M77.1
Epikondilitis humeri radialis bds.,M77.1
Epikondylitis humeri radialis bds.,M77.1
"Epilepsie, aktuell anfallsfrei unter Therapie (vormals Grand mal)",G40.9
Episodischer Cluster-Kopfschmerz,G44.0
Episodischer Spannungskopfschmerz,G44.2
Erniedrigte Erytemschwelle im UVB-Spektrum (Erytem ab 33 mJ/cm2),L56.4
"Erosive, CCP-AK positive rheumatoide Arthritis, EM 10/2016, ED 12/2016",M05.80
Erschöpfung,G93.3
Erschöpfung,T73.3
Erschöpfung durch übermäßige Anstrengung,T73.3
Erschöpfung und Wetterfühligkeit mit emotionaler Instabilität,R53
"Erschöpfung, Antriebslosigkeit",T73.3
Erschöpfungszustand,G93.3
Erschöpfunssyndrom,G93.3
Erythema nodosum,L52
Erythromelalgie Füße,I73.8
Essentielle Thrombozythämie JAK 2-V617F-Mutation,D47.3
Essentielle Thrombozytämie,D47.3
Essentiellen Tremor,G25.0
Essentieller Tremor,G25.0
"Essentieller Tremor, EM 2013",G25.0
Essenzieller Tremor der Hände,G25.0
Exokrine Pankreasinsuffizienz,K86.8
Exokrine Pankreasinsuffizienz,K90.3
Extrasystolie,I49.4
Extremitäten links > rechts,M79.69
Facettensyndrom links LWK 3/4 und LWK 5,M54.5
Failed-back-surgery-Syndrom,M54.5
"Fazialer Hemispasmus links, EM 2017",G51.3
Feinmotorikstörung links,R29.2
Femoropatellararthrose bds. mit Patellasubluxation bds.,M22.0
Fersenschmerzen beidseits,M79.67
Fersenschmerzen rechts,M79.67
Fersensporn links,M77.3
Fersensporn rechts,M77.3
"Feuchte Makuladegeneration rechts, ED 03/2022",H35.321
Fibomyalgie,M79.70
Fibromyalgie mehrere Lokalisationen,M79.70
Fibromyalgie Mehrere Lokalisationen,M79.70
Fibromyalgie Syndrom,M79.70
"Fibromyalgie, ED 01/2009",M79.70
"Fibromyalgie, ED 2005",M79.70
"Fibromyalgie, ED 2011",M79.70
"Fibromyalgie, ED 2013",M79.70
Fibromyalgie-Syndrom,M79.70
Fibromyalgie-Syndrom,M79.90
Fibromyalgiesyndrom,M79.70
"Fibromyalgiesyndrom, ED 2014",M79.70
Fibromylgie,M79.70
Finger- und Handgelenksbeschwerden,M25.54
Fingergelenkarthrose III rechts,M19.94
"Fingergelenke links, Daumensattelgelenke und Sprunggelenke)",M25.50
Fingergelenksarthrose,M15.9
Fingergelenksarthrosen bds.,M19.94
Fingergelenkschmerzen,M15.9
Fingerkuppennekrosen,S61.0
Fingerpolyarthrose,M15.9
Fingerpolyarthrose bds.,M15.8
Fingerpolyarthrose bds.,M15.9
Fingerpolyarthrose vom Heberden-Typ,M15.1
Flanken- und Oberschenkelschmerzen,R52.1
Flankenschmerzen rechts,R52.9
"Follikuläres Lymphom Grad I/II linke Axilla, ED 02/2018",C82.1
Frozen Shoulder links,M75.0
Frozen Shoulder nach Tuberculum majus Fractur 01/2017,M75.0
Fruktoseintoleranz,E74.1
Funktionelle Dyspepsie,K58.9
Fußbeschwerden bds.,M79.67
Fußekzem,L30.9
Fußheberparese links und Sensibilitätsdefizit im Dermatom L5,G57.8
Fußheberparese rechts,G57.3
Fußschmerzen,M79.67
Fußschmerzen bds.,M21.63
Fußschmerzen bds.,M79.67
Fußschmerzen bds.,M25.50
Fußschmerzen beidseits,M79.27
Fußschmerzen link,M25.5
Fußschmerzen links,M79.67
Fußschmerzen rechts,M79.67
Fußschmerzen rechts,M19.07
Fußsohleschmerzen,M79.67
Fußsohleschmerzen links,M79.67
Gangstörung,R26.8
Gangunsicherheit,R26.8
Ganzkörperschmerz,M79.70
Ganzkörperschmerzen,M70.79
Ganzkörperschmerzen,M79.70
Ganzkörperschmerzen,R52.2
Ganzkörperschmerzen,M79.19
Ganzkörperschmerzen,M70.90
Ganzkörperschmerzen,M79.10
Ganzkörperschmerzen,G79.70
Ganzkörperschmerzen links,G79.70
Ganzkörperschmerzen rechts,R52.9
Ganzkörperschmerzen und Missempfindungen mit,M79.70
Gastritis Typ C,K29.5
Gastrointestinale Beschwerden,K30
Gastrointestinale Beschwerden,K58.8
Gastroäsophageale Refluxkrankheit bei axialer Hiatushernie,K21.9
Gastroösophageale Refluxerkrankung,K21.9
Gastroösophageale Refluxkrankheit,K21.9
Gastroösophageale Refluxkrankheit bei axialer Hiatushernie,K21.9
Gastroösophageale Refluxkrankheit mit Ösophagitis,K21.0
"Gastroösophageale Refluxkrankheit, ohne Ösophagitis",K21.9
Gelenk- und Gliedeschmerzen.,M79.70
Gelenk- und Sehnenschmerzen,G79.70
"Gelenkbeteiligung, schwerpunktmäßig Hände",M34.9
Gelenkschmerz der Schultern bds.,M25.51
Gelenkschmerz Mehrere Lokalisationen,M25.50
Gelenkschmerz OSG rechts,M25.57
Gelenkschmerz Schultergelenk,M25.51
Gelenkschmerz Schultergelenk rechts,M25.51
Gelenkschmerzen an mehreren Lokalisationen,M25.50
Gelenkschmerzen Füße,R52.2
Gemischte Hyperlipidämie,E78.2
"Gemischte sensibel betonte Polyneuropathie der Beine, beiderseits",G62.88
Gemischtes Schlafapnoe-Syndrom,G47.30
Generalisierte idiopatische Epilepsie und epileptische Syndrome,G40.4
Generalisierte Psoriasis vulgaris,L40.0
"Generalisierte, zirkumskripte Sklerodermie",L94.0
Genese ED 06/2021,K70.3
"Geruchverlust, Gedächtnisstörungen)",U08.9
Gesicherte Lockerung Tibiaplateau,T84.9
Gesichtsschmerzen,G50.1
Gesichtsschmerzen bds.,R51
Gesichtsschmerzen bds.,G50.1
Gesichtsschmerzen rechts,G50.1
"Gesichtsschmerzen rechts, am ehesten bei Trigeminusneuralgie rechts",G50.9
Gicht,M10.09
Gicht Arthritis,M10.09
Glaukom,H40.9
Glaukom bds.,H40.9
"Glaukom, sekundär links",H40.9
Glossodynie,K14.6
Glossopharyngeusneuralgie links,G52.1
Glutenunverträglichkeit,K90.4
Gonalgie bds.,M22.4
Gonalgie bds.,M25.56
Gonalgie links,M25.56
Gonalgie re > li,M25.56
Gonarthrose,M17.0
Gonarthrose,M17.9
Gonarthrose 4. Grades bei Z. n. Meniskus-OP 2004,M17.9
Gonarthrose bds.,M17.0
"Gonarthrose bds., rechts mehr als links",M17.9
Gonarthrose links,M17.9
Gonarthrose links,M17.1
Gonarthrose rechts,M17.1
"Gonarthrose rechts, Knie-TEP linksseitig 2016",M17.9
"Gonarthrose, beidseitig",M17.0
"Gonartrose, Z.n. Umstellungsosteotomie beidseits",M17.9
Granulomatöse Rosazea,L71.9
Großzehen- und Fußhebeparese rechtsbetont,G82.03
Großzehengrundgelenkarthrose li.,M19.97
Großzehengrundgelenksarthrose bds.,M19.07
Großzehengrundgelenkschmerzen,M19.0
Großzehengrundgelenkschmerzen bds.,M25.5
Grundzehengelenk Schmerzen rechts,M25.57
Hahimoto Thyreoiditis,E06.3
Hallux rigisdus bds.,M20.2
Hallux valgus et rigidus rechts mit Metatarsalgie,M20.1
Hallux valgus links,M20.1
Hand- und Fingergelenksarthrose,M15.9
Hand- und Fingergelenkschmerzen,M25.54
Hand- und Fingergelenkschmerzen,M79.64
Handekzem bds.,L30.9
Handgelenk Schmerzen links,M25.53
Handgelenksarthrose bds.,M19.93
Handgelenkschmerzen bds.,M25.53
Handgelenkschmerzen bds.,M25.64
Handgelenkschmerzen links,M25.54
Handgelenkschmerzen rechts,M25.53
Harninkontinenz neurogen,N31.0
"Hashimoto Thyreoiditis, ED 2005",E06.3
"Hashimoto Thyreoiditis, ED 2007",E06.3
"Hashimoto Thyreoiditis, ED 2017",E06.3
"Hashimoto Thyreoiditis, ED 2021",E03.6
Hashimoto Thyreoiditits,E06.3
Hashimoto Thyroiditis,E06.3
Hashimoto-Thyreoiditis,E06.3
Hashimoto-thyreoiditis,E06.3
Hashimoto-Thyreoiditis,E03.6
Hashimoto-Thyreoiditis mit Hypothyreose,E06.3
"Hashimoto-Thyreoiditis, ED 2007",E03.6
"Hashimoto-Thyreoiditis, ED 2009",E06.3
Hautparästhesien beide Füße re. > li.,R20.2
Heberden Arthrose mit Arthropathie,M15.1
Heberden- und Bouchard-Arthrose bds.,M15.1
Heberden-Knoten mit Arthropathie bds.,M15.1
"Helicobacter pylori positive Gastritis K29.7,",B98.0
Helicobacter pylori-negative geringe Gastritis,K29.6
Hemicrania continua rechts,G44.0
Hereditäre Hämochromatose,E83.1
Hereditäres Beinlymphödem,Q82.01
"Herzrhythmusstörungen mit SVES, VES",I49.4
Heuschnupfen,J30.1
Hirnorganisches Psychosyndrom mit leichter kognitiver Störung bei,F06.9
Histaminintoleranz,T78.1
"HLA B27 pos. M. Crohn assozierte Spondylarthrop.,ED 2002",M45.00
"HLA B27 positiv mit rezidivierender Iritis, ED 1998",M46.99
Hochgradige Skoliose im Thorakolumbalbereich,M41.25
Hochgradige Spinalkanalstenose L3/4,M48.06
HWS,M54.82
HWS- und BWS-Syndrom,M54.80
HWS- und BWS-Syndrom,M54.12
HWS- und LWS-Syndrom,M54.80
HWS- und LWS-Verspannungen,M54.80
"HWS-, BWS-Syndrom",M54.80
HWS-BWS-Syndrom,M54.80
HWS-LWS-Syndrom,M54.80
HWS-Muskelverspannungen,M62.83
HWS-Schmerzen,M54.82
HWS-Schulter-Arm-Syndrom rechts,M53.1
HWS-Syndrom bei HWS-Fehlhaltung und Bandscheibenprotrusio C5/6,M54.82
HWS-Syndrom bei Osteochondrose HWK5/6,M54.82
HWS-Syndrom links,M54.82
HWS-Syndrom linksseitig,M54.82
HWS-Syndrom M54.82 LWS-Syndrom,M54.86
HWS-Syndrom mit Z.n. Commotio cerebri 2/2020,M54.2
HWS/BWS-Syndrom,M54.80
HWS/BWS-Syndrom bei Bandscheibenvorfällen in mehreren Etagen,M54.80
HWS/BWS/LWS-Syndrom,M54.80
HWS/LWS-Syndrom,M54.80
Hydronephrose links,N13.3
Hypercholesterinämie,E78.0
Hypercholesterinämie,E78.2
Hyperhidrose,R61.9
Hyperhidrosis,R61.9
Hyperhomocysteinämie,E72.1
Hyperkaliämie,E87.5
Hyperkeratotisch- rhagadiformem Hand- und Fußekzem,L30.8
"Hyperkinetisches Herzsyndrom, ED 1994",I51.9
Hyperlipidämie,E78.5
Hyperlipidämie,E78.2
Hyperlipoproteinämie,E78.9
Hyperlipoproteinämie,E78.2
Hyperphosphatämie,E83.38
Hyperthyreose (unter thyreostatische Therapie),E05.9
Hypertropher Lichen ruber an Unterschenkel bds.,L43.0
Hyperurikämie,E79.0
Hyperventilation,R06.4
Hypogammaglobulinämie für IgG mit IgG-Subklassenmangel,D80.1
Hypohyreose,E06.3
Hypomagnesiämie,E83.4
Hypomobilität der BWS und HWS,M99.01
"Hypopituitarismus, Z.n. operativ. Entfernung eines Hypophysentumors 2011.",E89.3
Hyposmie,R43.0
Hypotensive Motilitätsstörung des tubulären Ösophagus und des unteren Ösophagus-Sphinkters (UÖS),K22.4
Hypothyreose bei,E03.9
Hypothyreose bei Thyreoiditis Hashimoto,E06.3
Hypothyreose bei Z. n. Strumektomie 1994,E03.8
Hypothyreose bei Z. n. Strumektomie 1995,E89.0
Hypothyreose bei Z. n. Thyreoidektomie (2009),E03.9
Hypothyreose bei Z.n. Hashimoto Thyreoiditis,E03.8
Hypothyreose bei Z.n. partialer Thyreoidektomie 1971,E03.9
Hypothyreose bei Z.n. partialer Thyreoidektomie 1993,E03.9
Hypothyreose bei Z.n. Schilddrüsen-OP 1978,E03.9
Hypothyreose bei Z.n. Schilddrüsenresektion 1996,E03.9
Hypothyreose bei Z.n. Strumektomie 2010,E89.0
Hypothyreose bei Z.n. subtotaler Thyreoidektomie (2005) bei M. Basedow,E03.9
Hypothyreose bei Z.n. Teilthyreoidektomie,E03.8
Hypothyreose bei Z.n. Thyreoidektomie 1990,E03.8
Hypothyreose bei Z.n. Thyreoidektomie 1993,E03.9
Hypothyreose bei Z.n. Thyreoidektomie 2005,E89.0
Hypothyreose bei Z.n. Thyreoidektomie 2015,E03.8
"Hypothyreose bei Z.n. Thyreoidektomie, 6/2016",E03.8
Hypothyreose mit Substitutionstherapie,E03.8
Hypothyreose nach Schilddrüsenresektion,E89.0
Hypothyreose nach Strumektomie,E03.8
Hypothyreose nach subtotaler Thyreoidektomie,E89.8
Hypothyreose nach Thyreoidektomie,H03.8
Hypothyreose postoperativ,E89.0
Hypothyreose unter Substitution,E03.9
Hypothyreose – Z.n. Hemithyreoidektomie 1995,E03.8
"Hypothyreose, substituiert",E03.9
"Hypothyreose, substituiert",E03.8
"Hypothyreose, Z. n. Schilddrüsen-OP",E89.0
"Hypothyreose, Z.n. Hemithyreoidektomie links 8/2011",E89.0
"Hypothyreose, Z.n. Thyreoidektomie 05/2010",E03.8
"Hypothyreose, Z.n. totale Thyreoidektomie 2/2011",E03.8
Hypotonie,I95.9
Hämochromatose,E83.1
Hämorrhoiden 3. Grades,K64.2
"Hörsturz rechts, EM 06/2023",H91.2
Hörverlust,H91.9
Hüftbeschwerden rechtsbetont bei Dysplasiecoxarthrose,M16.1
Hüfte schmerzen rechts,M16.9
Hüftenbeschwerden bds.,M16.9
Hüftenschmerzen bds.,M16.9
Hüftenschmerzen beidseits,M16.9
Hüftenschmerzen linksbetont,M17.9
Hüftenschmerzen rechts,M79.65
Hüfteschmerzen bds.,M16.2
Hüfteschmerzen bds.,M17.0
Hüfteschmerzen bds.,M25.5
Hüfteschmerzen beidseits,M25.55
Hüfteschmerzen li.,M25.55
Hüfteschmerzen links,M79.65
Hüfteschmerzen links,M25.55
Hüfteschmerzen links,M16.9
Hüfteschmerzen links,M25.5
Hüfteschmerzen links,M17.9
"Hüfteschmerzen links,",M79.65
Hüfteschmerzen rechts,M70.6
Hüfteschmerzen rechts,M16.9
Hüfteschmerzen rechts,M25.55
Hüftschmerzen,M25.55
Hüftschmerzen bds.,M16.9
Hüftschmerzen links,M16.9
Hüftschmerzen rechtbetont,M16.1
Hüftschmerzen rechts,M16.9
Hüftschmerzen rechts,M25.55
Idiopathische Verlängerung der QT-Zeit (V.a. Romano-Ward-Syndrom),I49.9
"Idiopathisches Parkinson-Syndrom vom Tremordominanztyp, ED 2020",G20.1
Idiopatische Sauer-Parageusie,R43.2
"IgA-Mangel, rezidivierende Bronchitiden",Z86.1
IgM-Kappa-Gammopathie,D47.2
Impingement rechtes Shultergelenk,M75.4
Impingement Syndrom der Schulter re.,M75.4
"Impingement Syndrom re, ED 2016",M75.4
Impingement-Syndrom beidseits mit Supraspinatustendinose bds.,M75.4
Impingement-Syndrom der linken Schulter 06/2021,M75.4
Impingement-Syndrom der rechten Hüfte,M25.85
Impingement-Syndrom der rechten Schulter bei,M75.1
Impingement-Syndrom der Schulter,M75.4
Impingement-Syndrom der Schulter rechts,M75.4
"Impingement-Syndrom Schultern bds., links mehr als rechts",M62.61
Impingementsyndrom li. Schulter,M75.4
Impingementsyndrom re. Schulter,M75.4
Impinngement Syndrom Schulter links,M75.4
Impinngement Syndrom Schulter rechts,M75.4
Infektanfälligkeit,Z86.1
Infektanfälligkeit,Z87.0
"Initial, nicht-invasives papilläres Urothelkarzinom (pTa, low-grade (G1)",C67.9
Inkompletter Linksschenkelblock,I44.6
"INLEXA 3 HF-T QP, (Biotronik) 12/2019",Z95.0
"Insulinpflichtiger Diabetes mellitus Typ 2, ED 2000",E11.70
Interkostalneuralgie re. nach Rippenfraktur,G58.0
Intermittier. belastungsabh. Schmerz im interdigitalraum I/II li Fuß,M79.67
Intermittierende Niereninsuffizienz Stadium I nach KDIGO,N18.1
Intermittierende Thoraxschmerzen,R52.2
Interstitielle Zystitis (chronisch),N30.1
Intervention 06/2020 mit Implantation von 2 DES.,I25.11
Intrazerebrale Blutung rechts temporo-parietal 02/2012,I61.9
ISG-Arthrose,M19.05
ISG-Syndrom,M54.87
ISG-Syndrom,M54.88
ISG-Syndrom,Z98.1
ISG-Syndrom,M54.17
ISG-Syndrom links,M54.88
ISG-Syndrom links,M54.17
ISG-Syndrom rechts,M54.87
Kalkaneusfraktur 2006 nach Arbeitsunfall,M79.69
Kalkaneussporn,M77.3
Kalottenfraktur und Frontobasisfraktur rechts,S06.9
Kardiomyopathie unklarer Ursache mit EF 35-45 %,I42.9
Karpaltunelsyndrom bds.,G56.0
Karpaltunelsyndrom li,G56.0
Karpaltunnel-Syndrom bds.,G56.0
Karpaltunnel-Syndrom rechts,G56.0
Karpaltunnelsyndrom beidseits,G56.0
Karpaltunnetsyndrom bds.,G56.0
Keratokonus bds.,H18.6
KHK mit Z.n. 2-maliger Stentimplantation (2005),I25.9
KHK ohne interventionsbedürftige Stenosen,I25.9
"KHK, Z.n. Akuter Vorderwandinfarkt, Stent-PTCA am 11.10.2018",I25.9
"KHK, Z.n. MIC 2003",I25.9
"KHK, Z.n. PTCA, 2xDES in LAD 2018",I25.9
"KHK, Z.n. Stentimplantation im 03/2022",I25.9
"KHK, Z.n. Stentimplantation im 2020",I25.9
"Kiefergelenkschmerzen bds., Z.n. Kiefergelenkarthroplastik 2012",K07.6
Kiefergelenksschmerzen links,R52.2
"Klarzelliges Nierenkarzinom rechts, ED 10/2021",C64
Klimakterische Beschwerden,N95.9
Klimakterisches Syndrom (Wechseljahresbeschwerden),N95.1
Knie schmerzen bds. bei Z.n. mehrfachen Knie-ASK bds.,M25.56
Kniebeschwerden beidseits,M23.33
Kniebeschwerden links,M25.56
Kniegelenkschmerzen,M25.56
Knieschmerze bds.,M25.56
Knieschmerzen,M25.56
Knieschmerzen,G17.0
Knieschmerzen,M17.9
Knieschmerzen,M79.66
Knieschmerzen,M17.90
Knieschmerzen bds.,M25.56
Knieschmerzen bds.,M25.5
Knieschmerzen bds.,M17.1
Knieschmerzen bds.,M16.0
Knieschmerzen bds.,M17.9
Knieschmerzen bds.,M22.4
Knieschmerzen bds.,M17.0
Knieschmerzen bds.,M79.66
Knieschmerzen bds.,M16.9
Knieschmerzen beidseits,M17.9
Knieschmerzen beidseits,M25.56
Knieschmerzen li,M25.56
Knieschmerzen link,M25.56
Knieschmerzen links,M55.2
Knieschmerzen links,M25.16
Knieschmerzen links,M17.9
Knieschmerzen links,M25.56
Knieschmerzen links,M79.66
Knieschmerzen links,F17.9
Knieschmerzen links,M25.51
Knieschmerzen links,M25.55
Knieschmerzen links,M65.96
Knieschmerzen linksbetont,M16.9
Knieschmerzen linksbetont,M17.9
Knieschmerzen rechts,M25.56
Knieschmerzen rechts,M22.4
Knieschmerzen rechts,M25.5
Knieschmerzen rechts,M79.66
Knieschmerzen rechts,M15.9
Knieschmerzen rechts,M17.9
Knieschmerzen rechts,M76.5
Knieschmerzen rechtsbetont,M25.56
Knieschmerzen rechtsbetont,M79.66
Knochennekrose des Talus rechts,M85.87
Kokzygodynie,M53.3
Kollagene Kolitis,K52.2
Kollagenose a.e. Sjögren-Syndrom,M35.0
"Kolonkarzinom, ED 5/2019",C18.8
Komplexes regionales Schmerzsyndrom Typ I der oberen Extremität,G90.50
Komplexes regionales Schmerzsyndrom Typ I der unteren Extremität,G90.51
Kopf- und Gesichtsschmerzen,G50.1
Kopfschmerz vom Spannungstyp,G44.2
Kopfschmerz-Symptomatik,G44.2
Kopfschmerzsyndrom links,G44.8
Kopftremor,R25.1
"Koronare 1-Gefäß-Erkrankung, Z.n. DES-PCI des RIVA 07/2012",I25.9
"Koronare 2-Gefäßerkrankung,",I25.9
Koronare 3-Gefäßerkrankung,I25.9
"Koronare 3-Gefäßerkrankung, Z.n. Stent Behandlung 8/2018",I25.9
Koronare 3-Gefäßerkrankungen,I25.9
"Koronare Dreigefäßerkrankung mit mittelgradigen Stenosen, HKU 5/2022",I25.9
"Koronare Eingefäßerkrankung, Z.n. NSTEMI mit PCI und Stent der LAD 10/2005",I25.9
Koronare-1-Gefäß-Erkrankunq (EF > 60%) mit,I25.9
Koronarherzkrankheit,I25.19
Koronarherzkrankheit-2-Gefäß-Erkrankung mit Stent,I25.12
Koronarsklerose ohne signifikante Stenosen,I25.9
Koxarthrose,M16.1
Koxarthrose,M16.9
Koxarthrose bds.,M16.9
"Koxarthrose links, Z.n. Hüft-TEP 2017 li",M16.1
Koxarthrose rechts,M16.9
Koxarthrose rechts,M16.1
Koxarthrose rechtsbetont,M16.1
Kreuzschmerz,M54.5
"Kreuzschmerz, ISG-Syndrom",M54.5
Kribbelparästhesien der unteren Extremitäten beidseits,R20.2
"Kurzdarmsyndrom, heimparenterale Ernährung",K91.2
L 5 Dermatom rechts,M54.4
Lactoseintoleranz,E73.9
Lactoseunverträglichkeit,E73.0
Laktose Unverträglichkeiten,E73.9
Laktoseintoleranz,E73.9
"Lambda, ED 10/11",D42.7
Latente Hypothyreose unter Substitution,E03.9
Leichte kognitive Störung,F06.7
Leichtgradige Mitralklappeninsuffizienz,I34.0
Leichtgradiges obstruktives Schlafapnoesyndrom,G47.31
Leistenschmerzen bds.,R10.3
Leistenschmerzen links,M16.9
Lichen Rubber,L43.9
Lichen ruber planus,L43.8
Lichen ruber planus,L43.9
Lichen ruber planus oralis,L43.9
Lichen sclerosus vaginalis,N90.4
Limitiert cutan systemische Sklerodermie,M34.8
Limitiert cutan systemische Sklerodermie,M34.0
Limitiert kutane systemische Sklerodermie,M34.8
Linkskonvexe Skoliose,M41.90
Linksschenkelblock,I44.7
Linksschenkelblock-EKG (anamnestisch seit ca. 20 Jahren bekannt),I44.7
Lip-Lymphödem der oberen Extremitäten Stadium I,I89.03
"Lip-Lymphödem der unteren Extremität, Stadium II",I89.04
"Lip-Lymphödem der unteren Extremität, Stadium II (Typ Reithosen)",I89.04
"Lipödem beider Beine, Stadium II",E88.20
Lipödem der Arme bei,R60.0
"Lipödem der oberen und unteren Extremität, Stadium II",E88.21
Lipödem Grad 2 Typ 4,E88.21
"Lipödem stammbetont, sowie Ober- und Unterschenkel bds.",I89.00
"Lipödem Typ II, Stadium I",E88.20
Lipödem – Syndrom der Beine und Arme,R60.0
"Lipödem, Stadium II",E88.21
Lipödem- Syndrom bds.,R60.9
Livedo racemosa bei Antiphospolipid-Syndrom,M30.8
LS Wurzelaffektion,M51.2
LSW-Syndrom,M54.86
Lumbalsyndrom,M54.86
Lumbalsyndrom bei degenerativen Veränderungen der LWS,M54.86
Lumbalsyndrom bei Spinalkanalstenose auf Höhe LWK 3/4 und 4/5,M54.86
Lumbalsyndrom bei Spondylarthrose der LWS,M54.86
Lumboischialgie,M54.4
Lumboischialgie,M54.86
Lumboischialgie bei mehrsegmental degenerativen Veränderungen,M54.4
Lumboischialgie beidseits,M54.4
Lumboischialgie der LWS bei arthrotischen Veränderungen,M54.16
Lumboischialgie derLWS bei arthrotischen Veränderungen,M54.4
Lumboischialgie links,M54.4
Lumboischialgie M54.4 bei Osteochondrose und Spondylarthrose,M42.96
Lumboischialgie rechts,M54.4
Lumboischialgie rechts bei Osteochondrose,M42.96
Lumboischialgie rechtsbetont,M54.4
Lumboischialgie S1 rechts bei Bandscheibenvorfall L4/5 re.,M54.4
Lumboischialgien,M54.4
Lumboischialgien bei kleinem Bandscheibenvorfall LWK 4/5.,M54.80
Lumboischialgien re. bei Osteochondrose und Spondylarhtrose L5/S1,M54.4
Lumbosacral-Syndrom,M54.87
Lumbosakraler Rückenschmerz,M54.87
Lumbosakralsyndrom,M54.87
Lungenemphysem,J43.9
Lungenfibrose,J84.1
"Lungenfibrose unklarer Genese, ED 2018",J84.1
Lupoide Rosacea,L71.8
"Lupus erythematodes (systemisch), ED 2002",L93.0
"Lupus erythematodes, ED 06/2013",L93.1
"Lupus erythematodes, ED 2012",M32.9
"Lupus nephritis (Klasse IV und V, Nierenbiopsie vom 07.06.2024)",N08.5
LWS,M54.86
LWS Syndrom,M56.86
LWS- und BWS-Syndrom,M54.80
LWS-/ISG-Beschwerden,M54.87
LWS-BWS-Syndrom,M54.80
LWS-ISG-Syndrom,M54.80
LWS-Schmerzen,M54.16
LWS-Schmerzen,M54.86
LWS-Schmerzen´,M54.86
LWS-Syndrom bei bek. BSV L4/5,M54.86
LWS-Syndrom bei Protrusionen in L4/5 und L5/ S1,M54.16
LWS-Syndrom links,M54.86
LWS-Syndrom rechts,M54.96
LWS-Syndrom rechts,M54.86
LWS/ISG-Syndrom,M54.87
LWS/ISG-Syndrom,M54.80
Lyme-Borreliose,A69.2
"Lymph- und Lipödem Arme und Beine I89.09,",R60.9
"Lymph- und Lipödem der unteren Extremitäten, Stadium II I89.0,",E88.21
Lymphödem,I89.0
Lymphödem beider Beine,I89.09
"Lymphödem der oberen Extremität, Stadium II links",I89.01
"Lymphödem der oberen und unteren Extremitäten, Stadium II",I89.09
"Lymphödem der unteren Extremität, Stadium II beidseits",I89.01
Lymphödem oberen und unteren Extremitäten,I89.00
Lymphödem Unterschenkel rechts,I89.0
M. Bechterew,M45.09
"M. Crohn, ED 1990",K50.9
"M. Grover, ED 2015",L11.1
M. Scheuermann,M42.00
"M. Scheuermann, ED 2004",M42.09
Magen-Darm-Beschwerden,K58.8
Magen-Darmbeschwerden,K58.8
Magen-Darmbeschwerden,K31.88
Magenentleerungsstörung,K31.8
Malabsorption nach chirurgischem Eingriff,K91.2
Manifeste Osteoporose,M80.08
Manifeste Osteoporose bei Z.n. pathologischer Rippenfraktur,M80.0
Massive Osteochondrose L5/S1,M42.97
Mastzellaktivierungssyndrom,D89.9
MCS (Multiple Chemical Sensitivity),T78.4
"Medialdeviation D2-4 bds., rechts mit Bildung einer Krallenzehe D2",M21.68
Mediale und retropatellare Gonarthrose bds,M17.9
Medianusneuritis links,G56.1
Mehrfache Nahrungsmittelunverträglichkeiten,T78.1
Metatarsalgie rechts,M77.4
"MGUS-IgG-Kappa, ED 02/2021",D47.2
Migraine mit Aura,G43.3
Migräne mit Aura,G43.1
Migräne mit Aura,G4
Migräne mit Aura,G43.0
Migräne mit Aura,G43.9
Migräne mit Aura (gewöhnliche Migräne),G43.0
Migräne mit und ohne Aura,G43.9
"Migräne mit und ohne Aura G43.1,",G43.0
Migräne ohne Aura,G43.0
Migräne ohne Aura,G43.9
Migräneartige Kopfschmerzen,R51
Migräneartige Kopfschmerzen,G43.0
Migräneartige Kopfschmerzen,G44.2
Migräneartige Kopfschmerzen,G44.8
Mikroskopische lymphozytäre Proktokolitis,K52.8
Mikrozytäre hypochrome Anämie,D50.9
"Missempfindungen, am ehesten funktionelle Störung",R20.2
Mittel- bis hochgradige Schallempfindungsschwerhörigkeit links,H90.9
Mittelfußarthrose bds.,M19.97
Mittelgesichtsverletzungen 02/09/1983,R51
Mittelohrtubenbelüftungstörung bds.,H69.8
Monoklonale Gammopathie (Klasse IgG-kappa),D47.2
Monoklonale Gammopathie [vom IgGa-Lamda],D42.7
"Monoklonale Gammopathie unklarer Signifikanz (IgG Kappa), ED 05/2017",D47.2
Mononeuritis multiplex,G58.7
Morbus Addison,E27.9
Morbus Basedow,E05.0
"Morbus Basedow, Z.n. Thyreoidektomie 4/2010",E89.0
Morbus Bechterew,M45.09
Morbus Bechterew,M45.00
"Morbus Bechterew, ED 1988",M45.00
Morbus Crohn,K50.9
Morbus Crohn,K50.0
"Morbus Crohn mit Befall des Ileum, ED 1974",K50.9
Morbus Crohn mit rezidivierenden Fistelungen und Abszedierungen,K50.9
"Morbus Crohn, ED 06/2003",K50.9
"Morbus Crohn, ED 06/2012",K50.1
"Morbus Crohn, ED 07/2011",K50.9
"Morbus Crohn, ED 10/2011",K50.9
"Morbus Crohn, ED 1989 mit Befall des Colons, Dünndarms und Magens",K50.9
"Morbus Crohn, ED 1995",K50.9
"Morbus Crohn, ED 2000",K50.9
"Morbus Crohn, ED 2002",K50.1
"Morbus Crohn, ED 2005",K50.9
"Morbus Crohn, ED 2009",K50.9
"Morbus Crohn, ED 2009",K50.1
"Morbus Crohn, ED 2015",K50.9
"Morbus Crohn, ED 2017",K50.1
"Morbus Crohn, EM 7/77, ED 1979",K50.1
Morbus Darier,L11.9
Morbus Forestier,M48.19
Morbus Hailey-Hailey (Pemphigus chronicus benignus familiaris),Q82.2
Morbus Menière links,H81.0
"Morbus Meniére rechts, ED 06/2021",H81.10
"Morbus Meniére rechts, ED 2/2018",H81.10
"Morbus Meniére rechts, ED 8/2023",H81.0
Morbus Ormond ED 03/2015,N13.5
"Morbus Parkinson ED 2014, Tremordominant",G20.9
"Morbus Parkinson, ED 09/2020, Stadium nach Hoehn & Yahr 1,0",G20.90
Morbus Raynaud,I73.0
Morbus Scheuermann,M42.00
Morbus Stargardt,H35.5
Multifaktorielle Gangstörung,R26.8
Multifaktorielle Gangunsicherheit,R26.8
Multifokale motorische Neuropathie unter Immunglobulintherapie,G61.8
Multilokuläre Muskelschmerzen,M79.10
"Multilokuläre Schmerzen (unter. Rücken, Hände, Schultern) bei Überlastung",R52.2
Multilokuläres myofasziales Schmerzsyndrom,M79.10
Multiple Allergien,T78.4
Multiple Allergien/ Histaminintoleranz,T78.4
Multiple Herzoperationen,Z98.8
Multiple Nahrungsmittelallergien bzw. –unverträglichkeiten,T78.1
Multiple Nahrungsmittelunverträglichkeiten,T78.4
Multiple Nahrungsmittelunverträglichkeiten,T78.1
"Multiple Schmerzen nach Verletzungen, zuletzt Sturz auf den Kopf 9/2019",M52.2
Multiple Sklerose,G35.9
Multiple Sklerose (ED 1988),G35.9
"Multiple Sklerose, ED 2000",G35.30
"Multiple Sklerose, ED 2007",G35.20
Multiplexverteilungsmuster,G62.88
Mundtrockenheit,R68.2
Muskelschmerzen,M79.19
Muskelschmerzen,M79.1
Muskelschmerzen der oberen Extremitäten,M79.19
"Muskelschmerzen hauptsächlich Schulterblattregion re., gluteal re.",M79.61
Muskelschmerzen in den Beinen,M79.1
Muskelschmerzen und Muskelverspannungen,R52.2
Muskelschwäche,M62.9
Muskulo/ skelettale Thoraxschmerzen,R07.4
Muskuläre Dysbalance im Wirbelsäulenbereich,M62.98
Myalgie an mehreren Lokalisationen v.a. Schulter rechts und LWS,M79.10
"Myalgie, mehrere Lokalisationen",M79.10
Myalgien,M79.19
Myelitis HWK 3/4 und BWK 5/6 DD autoimmun-entzündlich,G04.9
Myelodysplastisches Syndrom,D46.9
Mykoplamen 01/2022,J18.9
Myofasziales Schmerzsyndrom,M79.19
Myofasziales Schmerzsyndrom,M25.90
Myofasziales Schmerzsyndrom,M79.10
Myofasziales Schmerzsyndrom der Beine und Füße,M79.19
Myofasziales Schmerzsyndrom der Schlulter- und Nacken,M79.19
Myofasziales Schmerzsyndrom im Schulter- und Nackenbereich,M79.91
Myofasziales Schmerzsyndrom im Schulter-Nacken-Bereich,M54.82
Myofasziales Schmerzsyndrom im Schulter-Nackenbereich,M79.19
Myofasziales Schmerzsyndrom mit Betonung des Schültergürtels,M79.10
Myofaszialesschmerzsyndrom,M79.19
Myofsziales Schmerzsyndrom,M25.90
Myogelose der Schulter-Nacken-Muskulatur,M62.81
Myoklonischen Zuckungen unklarer Genese,G25.3
Müdigkeitssyndrom,G93.3
Nacken-Schulter-Arm-Syndrom,M54.12
Nackenschmerzen,M54.82
Nahrungsmittelunverträglichkeit,T78.1
Narkolepsie,G47.4
Nebenniereninsuffizienz,E27.4
Nephrolitiasis,N20.0
Neprotisches Syndrom,N04.9
Nervus Pudendus Neuralgie,M79.25
Nesselsucht seit 9/2020,L50.9
Neuralgie,M78.29
Neuralgie der Flanken/ Rücken ED 7/19,R52.2
Neuralgie des Nervus occipitalis major links,G44.8
"Neuralgie und Neuritis, nicht näher bezeichnete Lokalisation",M79.29
Neuroborreliose mit peripheres Fazialisparese links,A69.2
Neurodermatitis,L20.9
Neurodermitis,L20.9
Neurodermitis,L20.8
Neurodermitis,L40.9
Neurofibromatose Typ I,Q85.0
Neurogene Schmerzen der unteren Extremitäten nach Myelopathie,M79.6
Neuropathie des N. trigeminus (V2 und V3) link,G50.9
Neuropathie mit Neigung zu Druckparesen,G60.8
Neuropatische Beschwerden,G62.9
"Neuropatische Beschwerden der Füße, a.e. bei Morton-Metatarsalgie bds.",M79.27
Nichtorganische Insomnei,F51.0
Nichtorganische Insomnie (Durchschlafstörungen),F51.0
Nichtorganische Schlafstörungen,F51.0
"Niedrig malignen Non-Hodgkin-Lymphom der B-Zellreihe, ED 12/2016",C85.1
Niereninsuffizienz,N18.9
Niereninsuffizienz Stadium CKD G2-3a/A1 mit,N18.9
Nikotinkonsum,F17.1
NPP C5/6 mit Foramenstenose C6 rechts,M51.2
Nächtlichen Muskelkrämpfen in den unteren Extremitäten,R25.2
OAK mit Marcumar,Z95.2
Oberbauchschmerzen,R10.4
Oberkieferneuralgie rechts bei Z. n. Kieferostitis,M79.28
Oberschenkel-Oberarmmuskelnschmerzen,M79.69
Oberschenkelschmerzen bds.,R52.2
Oberschenkelschmerzen bds.,M79.65
Obstipation,K59.0
Obstipation,K59.09
Obstipation,K58.2
Obstruktive Schlafapnoe Syndrom,G47.31
"Obstruktive Schlafapnoe Syndrom, CPAP-Therapie",G47.31
Obstruktive Schlafapnoesyndrom,G47.31
Obstruktives Schlafapnoe Syndrom,G47.31
Obstruktives Schlafapnoe-Syndrom,G47.31
Obstruktives Schlafapnoe-Syndrom mittleren Schweregrades (AHI 20/h),G47.33
"Obstruktives Schlafapnoe-Syndrom, ED 9/2022",G47.31
Obstruktives Schlafapnoesyndrom,G47.31
Obstruktives Schlafapnoesyndrom,G47.3
Obstruktives Schlafapnoesyndrom,G47.33
Obstruktives Schlafapnoesyndrom,G43.31
Obstruktives Schlafapnoesyndrom,G74.31
Obstruktives Schlafapnoesyndrom (cPAP Maske seit 2018),G47.3
Obstruktives Schlafapnoesyndrom (CPAP-Therapie),G47.31
Obstruktives Schlafapnoesyndrom mit CPAP-Therapie,G47.39
Obstruktives Schlafapnoesyndrom mit cPAP-Therapie,G47.31
Obstruktives Schlafapnoesyndrom mit CPAP-Therapie,G47.31
"Obstruktives Schlafapnoesyndrom, APAP-Therapie",G47.31
"Obstruktives Schlafapnoesyndrom, CPAP-Versorgung",G47.31
"Obstruktives Schlafapnoesyndrom, ED 2009",G47.31
"Obstruktives Schlafapnoesyndrom, ED 2018",G47.31
Occipitalis-minor-Neuralgie links,G58.9
Okzipitalneuralgie,G44.8
Omalgie bds,M25.51
Omalgie beiderseits,M25.51
Omalgien links,M25.51
Omarthrose,M19.91
Omarthrose Grad 4 rechts,M19.91
Omarthrose links,M19.91
Orale Antikoagulation mit Edoxaban,Z92.1
Oromandibuläre Dysfunktion,G44.8
OSAS,G47.31
Osteochondrose der LWS,M42.16
Osteochondrose der LWS,M42.96
Osteochondrose der Wirbelsäule Zervikalbereich zwischen C3/C4 bis C6/7,M42.12
"Osteochondrose der Wirbelsäule: Lumbosakralbereich, Prolaps L4/L5",M42.10
Osteochondrose und Spondylose der HWS mit spinaler Enge HWK5/6.,M42.12
Osteochondrosen LWK 4 bis SWK 1,M42.16
Osteoporose,M80.08
Osteoporose,M81.9
Osteoporose,M81.90
Osteoporose,M81.99
Osteoporose,M80.88
Osteoporose,M81.09
Osteoporose,M82.19
Osteoporose,M81.0
"Osteoprose, ED 2003",M80.98
Palpitation,R00.2
"Palpitationen, Z. n. supraventrikulärer Tachykardie",R00.2
"Pancolitis ulcerosa, ED 05/2013",K50.9
Pankreasinsuffizienz,K86.8
Parageusie bei Z.n. Hirnstammischämie 3/2015,R43.2
Paraösophageale Hernie,K44.9
Paroxismales Vorhofflimmern mit OAK,I48.9
Paroxysmaler Schwindel,R42
Paroxysmales Vorhofflimmern,I48.0
Paroxysmales Vorhofflimmern,I48.9
Paroxysmales Vorhofflimmern (Antikoagulation mit Rivaroxaban),I48.0
"Paroxysmales Vorhofflimmern, ED 11/2024,",I48.0
"Paroxysmales Vorhofflimmern, ED 7/2016, Antikoagulantientherapie",I48.0
Parästhesien beider Beine und li. Arm,R20.2
PAVK vom Oberschenkeltyp,I70.29
PCI mit DES-Stenting in ACD 06/2021,I25.9
PCI RIVA mit Implantation 1 DES 12/2017,I25.9
Pelvic Congestion Syndrom,I87.20
Pemphigus vulgaris,L10.0
Perennierende allergische Rhinitis,J30.3
Periarthropathia humeroscapularis bds.,M75.0
Periodische Beinbewegungen,G25.80
Periorale Dermatitis,L71.0
Periphere Fazialisparese links,G51.0
Periphere Fazialisparese rechts,G51.0
"Periphere Spondylarthritis, HLA B27 negativ",M45.09
Peritonealdialyse,Z49.2
Perniziöse Anämie,D51.9
"Persistierende abdominelle Beschwerden, a.e. IBS",K58.8
Persistierender postural-perzeptiver Schwindel,R42
"Persistierendes Vorhofflimmern, Antikoagulation mit Edoxaban",I48.2
Pityriasis rubra pilaris,L44.0
Plantarfasziitis rechts,M72.2
Pollenallergie,J30.1
Pollinosis,J30.1
Polneuropathie,M06.9
Polyarthragien,M25.50
Polyarthralgie,M25.50
Polyarthralgie,M25.90
Polyarthralgien,M25.50
Polyarthralgien,M15.9
Polyarthralgien und -myalgien,M79.70
Polyarthritis,M06.90
Polyarthritis,M13.90
Polyarthrose,M15.9
Polyarthrose,M15.0
Polyarthrose,M15.8
Polyarthrose,M25.50
Polyarthrose der Finger- und Handgelenke,M15.9
Polyarthrose der Fingergelenke,M15.9
Polyarthrose der Fingergelenke,M19.04
Polyarthrose Typ Heberden,M15.9
"Polyarthrose, der Finger-, Hand- und Sprunggelenke",M15.9
Polyartrose,M19.84
Polymyalgia rheumatica,M35.3
"Polymyalgia rheumatica, ED 08/2006",M35.3
Polymyalgia rheumatika,M53.3
Polymyalgien,M62.89
Polymyalgien,M7
Polyneropathie,G62.9
Polyneuropahtie,G62.9
Polyneuropathie,G62.9
Polyneuropathie,G62.88
Polyneuropathie,G60.8
Polyneuropathie,G60.9
Polyneuropathie - V.a. Small Fiber Polyneuropathie (EM ca. 2002),G60.8
Polyneuropathie der Beine bds. mit Fußhebeparese rechts,G60.8
Polyneuropathie der Füße,G62.9
Polyneuropathie i.R. einer,G62.9
Polyneuropathie medikamenteninduziert nach Chemotherapie,G62.88
Polyneuropathie mit Gangataxie,G62.2
Polyneuropathie nach Chemotherapie,G62.88
Polyneuropathie nach Chemotherapie,G62.20
Polyneuropathie vom Typ Charcot-Marie-Tooth,G62.9
"Polyneuropathie, ED 2013",G62.9
"Polyneuropathie, ED 2014",G62.9
"Polyneuropathie, ED 2017",G62.9
"Polyneuropathie, EM 03/2020, ED 06/2020",G63.9
"Polyneuropathie, EM 2018",G62.9
"Polyneuropathie, nicht näher bezeichnet",G62.9
Polyneuropathie-Syndrom der Füße,G62.88
"Polyposis nasi, Z. n. zweimaliger Polypektomie (1996/2003)",J33.9
"Polyserositis a. e. autoinflammatorischer Genese, EM 9/2015, ED 8/2017",R09.1
Polytope muskuloskeletale und Weichteilschmerzen,M79.70
Polytope Schmerzen,M79.70
"Polytopes, polymorphes Schmerzsyndrom mit Anteilen einer Fibromyalgie",M79.70
Polyvalente Allergie,T78.4
Polyzythämia vera,D45
Portal-hypertensive Gastropathie,K29.7
Post-COVID-19-Zustand,U09.9
"Post-Herpes-Neuralgie, Z. n. Herpes Zoster 2/2023 B02.2,",G53.0
"Post-Herpes-Neuralgie, Z. n. Herpes Zoster 6/2023 B02.2,",G53.0
"Post-Herpes-Neuralgie, Z. n. Herpes Zoster 9/2019 B02.2,",G53.0
"Post-Herpes-Neuralgie, Z. n. Herpes Zoster L2/3 rechts9/2020 B02.2,",G53.0
Post-Zoster-Neuralgie,G53.0
Post-Zoster-Neuralgie nach G53.0 +,B02.2
Postlaminektomie-Syndrom,M96.1
Postmenopausale Osteoporose,M81.09
Postoperative Hypothyreose bei Z.n. papilären Schilddrüsencarzinom 2013,E03.9
Posttraumatische Belastungsstörung,F43.1
Posttraumatische Schmerzen im Sacrococczygealbereich,M54.98
Postzosterneuralgie des Neuralgie des N.trigeminus links (V3 links),G53.0
"POTS, posturales Tachykardiesyndrom",G90.09
"Primär biliäre Zirrhose, ED 2009",K74.3
"Primär progrediente Multiple Sklerose (EM ca. 2022, ED 01/2024)",G35.9
Primäre biliäre AMA-negative Zirrhose,K74.3
Primäre Koxarthrose bds.,M16.0
Primäre Thrombophilie,D68.5
Primärer Hyperaldosteronismus,E26.0
Progrediente sensible beinbetonte Polyneuropathie,G62.9
"Progressive systemische Sklerodermie, SCL-70 Antikörper pos. (ED 1999)",M34.0
Progressive systemische Sklerose,M34.0
Prolaps L5/S1,M54.4
Prostatahyperplasie,N40
"Protein S-Mangel, ED 06/2014",D68.5
Prurigiformes/Nummuläres Ekzem,L30.0
Prurigo simplex,L28.2
"Pruritis Vulvae, rez. Hautrötung",L29.2
Pruritus,L29.9
Pruritus am Kopf,L29.8
Prämenstruelles Syndrom,N94.3
Prämenstruelles Syndrom (PMS),N94.3
Pseudoradikuliäres lumbales Schmerzsyndrom links,M54.97
Pseudoradikuläres lumbales Schmerzsyndrom links,M54.97
Pseudoradikuläres Schmerzsyndrom mit Musculus piriformis Syndrom,G57.8
"Pseudoradikuläres, lumbales Schmerzsyndrom",M54.97
Psoriasiforme Dermatitis,L30.9
Psoriasiformes Ekzem,L20.9
Psoriasis,L40.0
Psoriasis Arthritis,L40.5
Psoriasis Arthritis,M07.39
Psoriasis Arthritis,L50.8
"Psoriasis Arthritis L40.5,",M07.00
"Psoriasis Arthritis, ED 10/2014",L40.5
"Psoriasis Arthritis, ED 10/2016",L40.5
"Psoriasis capitis, ED 2002",L40.0
Psoriasis der Haut seit mehreren Jahren,L40.9
Psoriasis pustulosa plantaris bds. und Fußsohle links,L40.3
Psoriasis vulgaris,L40.0
Psoriasis vulgaris,L40.9
Psoriasis vulgaris,L40.5
Psoriasis vulgaris mit exudativer Komponente,L40.0
Psoriasis vulgaris seit dem 18. Lebensjahr,L40.9
"Psoriasis vulgaris, ED 2003",L40.0
Psoriasis-Arthropathie,L40.5
"Psoriasis-Arthropathie L40.5,",M07.0
"Psoriasis-Spondylarthritis, ED 1997",M07.2
Psoriasisarthritis,L40.5
"Psoriasisarthritis, ED 2017 L40.5,",M07.00
Psoriasisformes Ekzem,L30.9
"PST (EC, Paclitaxel/Carboplatin), BET u. SLNE re. 09/2020",C50.4
Psychovegetativer Erschöpfungssyndrom,G93.3
PTCA/Stenting 1x DES mediale LAD 19.01.2023,I25.9
Pyoderma gangrenosum li. Vorfuß medial,L88
Radikulopathie Lumbosakralbereich,M54.17
Radikulopathie Lumbosakralbereich linksseitig,M54.17
Radikulopathie Zervikothorakalbereich linksseitig,M54.13
"Raynaud Syndrom, Hautveränderungen, Myalgien Arthralgien,..), ED 03/2017",M35.9
Raynaud und Calcinosis cutis der Finger und der Knie,I73.0
Raynaud und Calcinosis cutis der Finger und Knie,I73.0
"Raynaud und Calcinosis cutis der Finger und Knie mit I73.0,",L92.4
Raynaud-Syndrom,I73.0
RCS Makuladegeneration,H35.38
Rechtschenkelblock,I45.41
Reflux im Ösohpagus,K21.9
Refluxösophagitis,K21.0
Refluxösophagitis Grad A,K50
Refluxösophagitis Grad A (Los Angeles Klassifikation),K21.0
Refluxösophagitis Grad Ia,K21.0
Refluxösophagitis LA Grad B,K21.0
"Regred. Knochenmarköd. dist. Tibia bds., rechtsseitig führend (04/2017)",M79.67
Reizblase,N32.8
Reizdarm Syndrom,K58.0
Reizdarm-Syndrom,K58.3
Reizdarmsyndrom mit Diarrhoe,K58.0
Reizdarmsyndrom mit Diarrhoe,K58.1
Reizdarmsyndrom ohne Diarrhoe,K58.9
"Reizdarmsyndrom, Diarrhoe-prädominant",K58.1
Reizdarsynrom,K58.0
Reizknie rechts,M23.89
Reizmagen,K58.8
Reizmagen,K30
Rektale Entleerungsstörung mit paradoxem Pressen,K59.01
Rektale Entleerungsstörung mit paradoxem Pressen,K59.9
Rektusdiastase,M62.08
REM-Schlafstörung,G47.9
Renale Anämie,D63.8
Renale tubuläre Acidose,N25.8
Restless leggs Sydrom,G25.81
Restless legs Syndrom,G25.81
Restless Legs Syndrom,G25.81
Restless legs Syndrom,G25.8
Restless legs-Syndrom,G25.81
Restless-Legs-Syndrom,G25.81
Restless-legs-Syndrom,G25.81
Restless-Legs-Syndrom,G25.8
"Restless-legs-Syndrom, ED 2016",G25.81
Retinopathien des Augenhintergrundes und Veränderung der Netzhautgefäße,H35.0
Retropatellararthrose beidseits,M17.1
Retsless-Legs Syndrom,G25.81
Rez. Cervicocephalobrachialgien,M43.16
Rez. Cervikalgien bei paravertebralen Muskelhartspann,M54.82
Rez. Coxalgien bds. bei Dysplasiecoxarthrose,M16.2
Rez. Fußschmerzen bds. bei leichtem Senk-Spreizfuß bds.,M79.67
Rez. Gonalgien links,M25.56
Rez. Polychondritis,M94.1
Rez. Schmerzen linke obere Körperhälfte,M79.60
Rezid. beidseitigen Knie- und Hüftgelenkschmerzen rechts,M25.50
"Rezidiv. Herpes-Zoster-Affektionen, meist Gesäß B02.2,",G53.0
Rezidiv. Kopfschmerzen,G44.2
Rezidiv. paroxysmales Vorhofflimmern,I48.0
Rezidivierende Cephalgien,G44.2
Rezidivierende Cervicobrachialgien li.,M53.1
"Rezidivierende depressive Störung, ggw. mittelgradige Episode",F33.1
Rezidivierende Harnwegsinfekte,N39.0
Rezidivierende Herpes zoster gluteal links,B02.8
Rezidivierende Herpeskeratis links,H18.9
Rezidivierende Lumbalgien,M54.86
Rezidivierende Lumboischialgien li.,M54.4
Rezidivierende Myokarditiden,I40.0
Rezidivierende Oberbauchschmerzen,R10.1
Rezidivierende Zystitiden,N30.9
Rezidivierenden Bronchitiden,J42.0
Rezidivierenden Pulpitiden,K04.0
Rezidivierendes HWS-Syndrom,M54.82
Rezidivierendes HWS-Syndrom mit Cervicobrachialgien,M54.12
Rezidivierendes HWS-Syndrom mit Cervicobrachialgien,M53.1
Rezidivierendes HWS-Syndrom mit Zervikobrachialgien,M53.1
Rheumatoide Arthritis in Prodromalphase (ED 2021) (Anti-CCP pos.),M06.99
"Rheumatoide Arthritis, Anti-CCP positiv, RF negativ, ED 2011",M06.0
"Rheumatoide Arthritis, ED 06/2013, Rheumafaktor negativ,CCP-positiv",M06.09
"Rheumatoide Arthritis, ED 07/2017",M05.80
"Rheumatoide Arthritis, ED 1996, Rheumafaktor- u. CCP-positiv",M06.90
"Rheumatoide Arthritis, ED 1996, Rheumafaktor- und CCP-positiv",M06.90
"Rheumatoide Arthritis, ED 2008",M05.80
"Rheumatoide Arthritis, ED 2016, Rheumafaktor und ACPA-positiv",M05.90
"Rheumatoide Arthritis, ED 2019",M06.00
"Rheumatoide Arthritis, RF negativ, ACPA hoch positiv, ED 2017",M05.80
"Rheumatoide Arthritis, RF und ACPA positiv, ED 12/2016",M05.80
"Rheumatoide Arthritis, RF und ACPA positiv, ED 1990",M05.80
"Rheumatoide Arthritis, RF und ACPA positiv, ED 4/2017",M05.80
"Rheumatoide, seropositive Arthritis, ED 1997",M06.99
Rhizarthrose,M18.0
Rhizarthrose,M18.9
Rhizarthrose bds.,M18.0
Rhizarthrose bds.,M18.9
Rhizarthrose bds.,M18.1
Rhizarthrose beidseits,M18.0
Rhizarthrose links,M18.0
Rhizarthrose links,M18.1
Rhizarthrose links,M18.9
Rhizarthrose re,M18.9
Rippenschmerzen bei Z.n. Rippenfraktur rechts T4 bis 7 mit ausgeprägt.,R07.3
Rivaroxaban – Einnahme bei,Z92.2
Rizarthrose bds.,M18.9
Rizarthrose links,M18.9
"Ro-Ak, Antiphospolipid-Ak, Komplementumsatz, ED 1989",M32.9
Rosacea,L71.9
Rosazea,L71.9
Rosazea Grad II,L71.8
Rosazea-artige akneiforme Follikulitis,L73.9
"Rosazeaartige Dermatitis, ED 03/2025",L30.9
Ruptur eines Aneurysmas der A. pericallosa rechst am 26.01.2015,I62.10
Rückenschmerzen,M54.90
Rückenschmerzen Lumbalbereich,M54.86
Rückenschmerzen Lumbalbereich bei Z. n. Spondylodese L3/L4,M54.86
Rückenschmerzen Lumbalbereich bei Z. n. Spondylodese L3/L4,M54.96
Rückenschmerzen mehrere Lokalisationen der Wirbelsäule,M54.90
Rückenschmerzen mehrerer Lokalisationen der Wirbelsäule,M54.90
Rückenschmerzen Sakral- und Sakrokokzygealbereich,M54.88
Sakrale Schmerzen unklarer Genese,R10.2
Sarkoidose,D86.9
"Sarkoidose, ED 08/2014",D86.9
Scherzen in den Beinen,R52.2
Schlaf-Apnoe,G47.39
Schlafapnoe Syndrom mit CPAP behandelt,G47.31
Schlafapnoe-Syndrom,G47.31
Schlafapnoe-Syndrom,G47.39
"Schlafapnoesyndrom, ED 9/2013",G47.39
Schlaflosigkeit,G47.0
Schlafstörung,G47.9
Schlafstörung,G47.0
Schleimig-eitrige chronische Bronchitis,J41.1
Schmerz li. bei prothetischer Versorgung,Z90.0
Schmerz. Missempfindungen im Bereich der Füße und Unterschenkel bds.,R20.2
Schmerzen beider Füße,M79.67
Schmerzen HWS-Bereich mit Schmerzausstrahlung in beide Arme,M53.1
Schmerzen im Bereich der BWS nach BWK-12-Fraktur 2004,M54.6
Schmerzen im Bereich des linken Vorfußes,M25.5
Schmerzen im Bereich des Oberbauches,R10.1
Schmerzen im linken Arm,M79.69
Schmerzen im Schulter-/Gürtelbereich bds.,M79.61
Schmerzen in beiden Händen,M79.64
Schmerzen in den Armen und Beinen,M79.70
Schmerzen in den beiden Oberschenkel,M79.65
Schmerzen in den Extremitäten Beckenregion und Oberschenkel,M79.65
Schmerzen in den Extremitäten Beckenregion und Oberschenkel re.,M79.65
"Schmerzen in den Extremitäten, Knöcheln und Füßen",M79.67
Schmerzen in der linken Mittelfinger,M25.5
Schmerzen lateralen Kniebereich li.,M25.56
Schmerzen mi Hitzegefühl beider Hände,M79.63
Schmerzen und Bewegungseinschränkungen an der gesamten Wirbelsäule,M54.80
Schmerzhafte Parästhesien an der Füßen,R20.2
Schnellender Mittel- und Zeigefinger rechts,M65.3
Schnellender Mittelfinger rechts,M65.3
Schulter Schmerzen bds.,M79.61
Schulter schmerzen links,M25.51
Schulter-Arm-Syndrom,M54.12
Schulter-Arm-Syndrom,M53.1
Schulter-Arm-Syndrom li.,M75.8
Schulter-Arm-Syndrom links,M79.61
Schulter-Nacken-Syndrom,M62.81
Schulterbeschwerden links,M25.51
Schultergelenk Schmerzen rechts,M79.61
Schultergelenksarthrose bds. re. > li.,M19.91
Schultergelenksarthrose links,M19.01
Schultergelenkschmerzen,M19.01
Schulterschmerzen,M25.51
Schulterschmerzen bds.,M25.51
Schulterschmerzen bds.,M50.1
Schulterschmerzen bds.,M79.61
Schulterschmerzen bds.,M54.6
Schulterschmerzen beidseits,M25.51
Schulterschmerzen links,M25.51
Schulterschmerzen links,M75.2
Schulterschmerzen links,M25.50
Schulterschmerzen links,M70.0
Schulterschmerzen links,M79.61
Schulterschmerzen rechs,M79.61
Schulterschmerzen rechts,M25.51
Schulterschmerzen rechts,M79.61
Schulterschmerzen rechts,M25.5
Schulterschmerzen rechts,M75.0
Schulterschmerzen rechts,M25.61
Schultersteife li. bei Tendinitis calcarea,M65.2
Schultersteife rechts,M25.61
Schwankschwindel,R42
"Schwere Raynaud-Symptomatik, Z.n. Fingerkuppenulcerationen",I73.0
Schwindel,R42
Schwindel,H81.1
Schwindel und diskrete Koordinationsstörungen,R42
Schwindel und Druck am linken Ohr im Rahmen des Morbus Meniere,H81.0
Schwindel und Druck am linken Ohr im Rahmen des Morbus Meniére,H81.0
Schwindel und Taumel,R42
Schwindel unklarer Ursache,R42
Sclerodermia circumscripta,L94.0
Seborrhoisches Ekzem,L21.9
Seborrhoisches Ekzem,L21.8
Sek. Fibromyalgiesyndrom,M79.70
Sekundär biliäre Zirrhose,K74.4
Sekundäre Fibromyalgie,M79.70
"Sekundäre Nebennierenrindeninsuffizienz, unklarer Genese",E27.9
"Sekundäre Thrombophilie bei erhöhter Faktor-VIII-Aktivität, dauerhafte Antikoagulationstherapie mit Xarelto® (Rivaroxaban)",D68.5
Sekundärer) Fibromyalgie-Syndrom,M54.90
Sekundäres Fibromyalgie-Syndrom,M79.70
Sekundäres Fibromyalgiesyndrom,M79.70
Sekundäres Restless-Legs-Syndrom,G25.81
Sekundäres Schmerzsyndrom vom Typ der Fibromyalgie,M79.70
Sekundäres Sicca-Syndrom,M35.0
Sekundäres Sjögren-Syndrom,M35.0
"Senk-Spreizfuß, beidseitig",Q66.8
Sensibilitätsstörung der oberen und unteren Extremitäten,R20.8
Sensibilitätsstörungen an den Beinen unklare Genese DD funktionell,R20.8
"Sensibilitätsstörungen, Missempfindungen der Haut",R20.8
Sensible Ataxie,R26.8
Sensible betonte Polyneuropathie mit small-fibre Beteiligung,G62.9
Sensible Polyneuropathie,G62.9
"Sensible und axonal betonte Polyneuropathie, ED 8/2013",G62.9
"Sensible, axonale Polyneuropathie einschl. neuropathischer Schmerz",G62.9
Sensomotorische axonal betonte Polyneuropathie,G62.9
Sensomotorische axonale Polyneuropathie mit sensibler Ataxie,G62.9
Sensomotorische axonale Polyneuropathie unklarer Ätiologie (EM 1990),G62.9
Sensomotorische demyelinisierende Polyneuropahtie,G62.9
"Sensomotorische demyelisierende Polyneuropathie, (ED 2010)",G62.9
Sensomotorische Polyneuropathie,G62.9
"Seroneg. anti-CCP-neg. Rheumatoide Arthritis, ED 07/2020",M06.0
"Seronegative Arthritis der Hände, ED 2003, HLA B 27 positiv",M06.90
Seronegative chronische Polyarthritis,M06.00
"Seronegative rheumatoide Arthritis, ED 2016",M05.80
"Seronegtive Anti-CCP/ACPA-positive Rheumatoide Arthritis, ED 2019",M06.00
"Seropositive CCP-positive rheumatoide Arthritis, ED 1989",M05.99
"Seropositive chronische Polyarthritis, ED 1996",M06.99
"Seropositive chronische Polyarthritis, ED 2020",M06.99
"Seropositive late-onset Rheumatoide Arthritis, ED 8/2018",M06.00
Seropositive rheumatische Polyarthritis,M05.99
"Seropositive Rheumatoide Arthritis, ED 02/2003",M06.99
"Seropositive Rheumatoide Arthritis, ED 09/2003",M05.90
"Seropositive rheumatoide Arthritis, ED 10/2018",M06.90
"Seropositive Rheumatoide Arthritis, ED 10/2018",M06.90
"Seropositive rheumatoide Arthritis, ED 12/2016",M05.80
"Seropositive Rheumatoide Arthritis, ED 2020",M06.90
"Seropositive Rheumatoide Arthritis, EM 12/2016",M06.99
"Seropositive und CCP-AK positive Rheumatoide Arthritis, ED 09/2014",M06.90
Sicca-Syndrom,M35.0
Sicca-Syndrom mit rez. Keratokonjunktivitis sicca,H04.1
Sigmadivertikulose,K57.30
"Sigmadivertikulose, Z. n. erstem Schub einer Sigmadivertikulitis 7/2012",K57.3
"Sigmadivertikulose, Z.n. Sigmadivertikulitis 06/2019",K57.30
"Sinusrhythmus, NOAK mit Xarelto",I48.9
"Sjögren Syndrom EM 2017, ED 2022",E35.0
Sjögren-Syndrom,M35.0
Sjögren-Syndrom (Sicca-Syndrom),M35.0
Sjögren-Syndrom mit Reizhusten,M35.0
"Sjögren-Syndrom ohne relevante Organbeteiligung, ED 07/2020",M35.0
Sklerodaktylie,L94.3
Skoliose,M41.90
"Skoliose und Spondylarthrose LWK5/SWK S1 M47.9,",M41.9
Slow-transit-constipation,K59.9
Slow-transit-constipation,K59.01
Small Fiber Neuropathie,G62.88
Small Fiber Neuropathie,G62.9
Small Fiber Polyneuropathie,G60.8
Small Fiber Polyneuropathie,G62.88
Small Fibre Polyneuropathie,G62.9
Small-fiber-Neuropathie,G60.8
Small-fiber-Polyneuropathie unklarer Ätiologie,G62.9
Sodbrennen,R12
Somatoformer Schwindel,R42
Sonstige abnorme Hörempfindungen,H93.2
Sonstige Hypothyreose,E03.8
Sonstige intestinale Malabsorption,K90.8
"Sonstige Overlap-Syndrome (R-Arthritis, Sjögren-S-. Arthritis psoriatica)",M35.1
Spannungs-Cephalgien,G44.2
Spannungskopfscherzen,G44.2
Spannungskopfschmerz,G44.2
Spastische Hemiparese links,G81.1
Spina bifida occulta,Q76.0
Spinal(kanal)stenose Zervikalbereich,M48.02
Spinalkanalstenose HWK4-HWK 7,M48.02
Spinalkanalstenose L3/4 bei Spondylolisthese Meyerding Grad 1,M48.06
Spinalkanalstenose und Osteophyten 6/2008,M54.82
Spondylarthrose L3-S1,M47.87
"Spondylarthrose LWK3/4 und LWK 4/5, Osteochondrose LWK 5/SWK 1",M47.96
Spondylitis ankylosans,M45.00
Spondylitis hyperostotica (Forestier-Ott) Zervikothorakalbereich,M48.13
"Spondylolisthesis L4/5, Grad I (Meyerding)",M43.16
Spondylolisthesis L5/S1,M43.17
"Spondylolisthesis Lumbalbereich L3-L5, Z.n. Fixateur interne 2005",M43.16
Spondylolyse und ventraler Spondylolisthese LWK 5/SWK 1,M43.17
"Spondylose mit Radikulopathie, mehrere Lokalisationen der WS",M47.20
Spondylosis deformans,M47.90
Spreizfuß bds.,M19.91
Sprunggelenkschmerzen bds.,M25.59
Sprunggelenkschmerzen links,M25.57
Sprunggelenkschmerzen rechts,M25.57
Sprunggelenkschmerzen rechts,M25.5
Sprunggelenksschmerzen links,M25.57
Stattgehabte Covid-19-Infektion 4/2021,U08.9
Steatosis hepatis,K76.0
Steatosis hepatis Grad II,K76.0
"Steatosis hepatis, ED 10/2014",K76.0
Steißbeinschmerzen,M53.3
Stent-Versorgung 02/2019,I25.19
Struma multinodosa mit großen zystischen Knoten,E04.2
Struma nodosa diffusa,E04.9
Strumpfförmige Hypästhesie und Parästhesien,R20.1
Sturzneigung,R29.6
"Sturzneigung, anderenorts nicht klassifiziert",R29.6
Störung von Gang und Mobilität mit erhöhter Sturzneigung,R26.89
Störungen des Geruchs- und Geschmackssinnes,R43.8
Subakuter kutaner Lupus erythematodes,L93.1
Subjektive Hypersalivation,K11.7
Substituierte Hypothyreose,E03.9
Substituierte Hypothyreose,E03.8
Substituirte Hypothyreose nach Strumektomie,E03.8
Sulcus ulnaris Syndrom re,G56.2
Sulcus-ulnaris-Syndrom links,G56.2
Superfizielle u. tiefe perivaskuläre Lymphozytäre Dermatitis,L30.8
Supraspinatustendinose mit bursaseitiger Partialruptur links,M75.1
"Symmetrische Polyarthritis, ED 2015",M06.00
Symptomatische fokale strukturelle Epilepsie,G40.2
Syndrom der unruhigen Beine (Restless-Legs-Syndrom),G25.81
Syndrom der unruhigen Beine (RLS),G25.81
Syndrom polyzystischer Ovarien,E28.2
"Syndrom polyzystischer Ovarien, ED 10/2021",E28.2
Synovitis und Tendosynovitis bds.,M65.99
Systemische Sklerose,M34.9
"Systemische Sklerose, ED 6/2021",M34.9
Systemischer Lupus erythematodes,M32.9
Systemischer Lupus erythematodes,M32.1
"Systemischer Lupus erythematodes, ED 2007",M32.9
"Systemischer Lupus erythematodes, ED 2014",M32.9
"Systemischer Lupus erythematodes, nicht näher bezeichnet",M32.9
Tendinitis calcarea der rechten Schulter,M79.61
Tendinitis calcarea der Supraspinatussehne bds.,M75.3
Tennisellbogen rechts,M77.1
Thalamus-Syndrom bei,G93.88
Therapieresistente Pollenallergie,T78.4
"Thorakale Beschwerden, am ehesten muskuloskelettal",R07.4
Thoraxschmerzen,M54.6
Thoraxwandsyndrom links nach Rippenfraktur,R07.3
"Thrombozytopenie, ED 2016",D69.61
"Thrombozytose, ED 2013",D75.9
Tinitus aurium links,H93.1
Tinnitus aurium links,H93.1
Tinnitus aurium links,H33.1
Tinnitus aurium linksbetont,H93.1
Tinnitus aurium re.,H93.1
Tinnitus aurium rechts,H93.3
Tinnitus aurium rechts,H93.1
"Tinnitus aurium rechts, EM 06/2023",H93.1
Tinnitus aurium rechtsbetont,H93.1
Tinnitus bds.,H93.1
Tinnitus links,H93.1
Tinnitus rechts,H93.1
Tinniutus aurium,H93.1
Tremor re. Hand,R25.51
Trigeminus Neuralgie,G50.9
Trigeminus Neuralgie rechts,G50.0
Trigeminusneuralgie,G50.0
Trigeminusneuralgie des 2. Astes links,G50.0
"Trigeminusneuralgie des 2.Astes rechts, postinfektiös",G50.0
Trigeminusneuralgie des 3.Astes rechts,G50.0
Trigeminusneuralgie rechts,G50.0
Trigeminusneuralgie V2 links,G50.0
Trigeminusneuralgie V2 und V3 rechts,G50.0
"Trigeminusneuralgie V2, V3 links",G50.0
Trigeminusneuralgie V2/V3 links,G50.0
Trigeminusneuralgie V3 rechts,G50.0
Trigeminusneuropathie V1 bis V3 links,G50.0
"Trockene Makuladegeneration, ED 2008",H35.31
Trockener Makuladegeneration,H35.3
Turner-Syndrom (ICD-10,Q96.9
Typ-2-Diabetes mellitus,E11.90
Ulceröse Refluxösophagitis,K21.0
"Ulnare Epikondylopathie bds., rechts mehr als links",M77.0
Ulnarisneuropathie am Ellbogen rechts,G56.21
Uncharakteristische Muskelschmerzen,M79.19
"Undifferenzierte Kollagenose, ANA positiv, ENA negativ",M35.8
Unklare Atembeschwerden,R06.88
Unklare Beinschmerzen bds.,M79.69
Unklare Hepatopathie mit fluktuirender Transamninasenaktivität,K76.9
Unklare Muskel- und Gliedeschmerzen,M79.19
Unklare Muskelschmerzen,M79.10
Unterbauchschmerzen,R10.3
Unterbauchschmerzen links,R10.4
Unterleibschmerzen sowie Rezidivierenden Harnwegsinfekten,N39.0
Unverträglichkeit von Sorbit und Lactose,T78.1
Unwohlsein und Ermüdung,R53
Urothelkarzinom des rechten Harnleiters 08/2018,C68.9
Urticaria,L50.9
Urtikaria,L50.9
V. a. Prurigo-Variante bei atopischer Disposition,L28.2
V. a. Restless-Legs-Syndrom,G25.81
V.a. -Post-COVID-19-Syndrom,U09.9
V.a. ACG-Arthrose rechts,M19.0
V.a. atypisches Parkinson-Syndrom,G21.8
V.a. beginnende sensible Polyneuropathie,G62.9
V.a. benignes Myalgie-Faszikulationssyndrom,M79.1
V.a. Burning-Mouth-Syndrom,K14.6
V.a. chronische Glomerulonephritis/DD Amyloidose/,N03.9
V.a. Colitis assoziierte arthritis,M07.40
V.a. Cranio-mandibuläre Dysfunktion,K07.6
"V.a. essentieller Tremor, ED 05/2024",G25.0
V.a. Fibromyalgie,M79.70
V.a. Fibromyalgie,M79.90
V.a. Kälteagglutinin-Erkrankung,D59.1
V.a. Myopathie unklarer Genese,G72.9
V.a. Nahrungsmittelunverträglichkeit,T78.1
V.a. Neuralgie des N. ilioinguinalis links,M79.29
V.a. Paroxysmaler Lageschwindel,H81.1
V.a. Polyneuropathie bei bekanntem Vitamin B12 Mangel,G62.9
V.a. Post-COVID-19-Syndrom,U09.9
V.a. Primäres Parkinson-Syndrom mit deutlichen non,G20.11
V.a. psoriasis Arthritis,L50.9
V.a. Reizdarm-Syndrom,K58.3
V.a. Reizdarmsyndrom,K58.8
V.a. Reizdarmsyndrom,K58.0
V.a. Reizdarmsyndrom,K58.9
V.a. Reizdarmsyndrom,K58.2
V.a. rheumatoide Arthritis,M06.9
V.a. Short-Segment-Barett-‚ Ösophagus 07/2021,K22.7
"V.a. Tendinitis tibialis posterior, beidseitig",M76.8
V.a. Tolosa-Hunt Syndrom,H05.01
V.a. Triggerung i.R. einer small fibre-Neuropathie mit,G62.9
Varusgonarthrose links,M17.1
Ventrikuläre Extrasystolen,I49.3
Ventrikuläre Extrasystolie,I49.3
Verdauungsbeschwerden,K58.8
Verdauungsbeschwerden,K59.8
Verdauungsbeschwerden,K58.0
Veränderungen der Wirbelsäule,M54.97
Vestibuläre Migräne,G43.1
"Vielfache Allergien gegen Gräser, Katze, etc.",Z88.9
Vit. D3 +,K2
Vitamin B12-Mangel,E53.8
Vitamin D3-Mangel,E55.9
Vorbekannter Linksschenkelblock,I44.7
Vorfuß-/Mittelfußarthrose rechts,M19.07
Vorhofflimmern,I48.9
Vorhofflimmern mit teilweiser tachykarder Überleitung (ED 03/2012),I48.9
Vorhofflimmern paroxysmal,I48.0
"Vorhofflimmern, paroxysmal",I48.0
Wartenberg Syndrom rechts,G56.3
Wechseljahrebeschwerden,N95.8
Wechseljahrenbeschwerden,N95.9
Wechseljahresbeschwerden,N95.1
Wechseljahrsbeschwerden,N95.5
Wegener-Granulomatose (ED 1996) mit Glomerulonephritis,M31.3
"Wirbelgelenksarthrosen, besonders L 4/5",M54.96
Wirbelsäle Syndrom,M54.80
Wirbelsäulensyndrom,M54.80
WS Syndrom,M54.80
WS-Muskelverspannungssyndrom,M54.80
WS-Schmerzen,M54.80
Würgereiz und Brechneigung,R11
"Xerosis cutis, Integument",L85.3
Xerostomie,K11.7
Xerostomie bei glandulärer Atrophie Gll. parotides bds.,K11.7
Z. n. atypischer Pneumonie durch Mykoplamen 01/2022,J18.9
Z. n. atypischer Pneumonie durch Mykoplasmen 01/2022,J18.9
Z. n. Bandscheibenvorfall-OP L4/L5 2011,M54.96
Z. n. Bösartige Neubildung: Brustdrüse links,C50.9
Z. n. bösartiger Neubildung Brustdrüse,C50.9
Z. n. Dünndarmsegmentresektion 12/2018,Z90.4
Z. n. Enzephalitis ohne Erregernachweis 07/2018,G04.9
Z. n. Läsionen der Rotatorenmanschette rechts 15.08.2021,M75.1
Z. n. Mediainfarkt rechts 10/2012 bei angeborenem Herz-klappenfehler,I69.4
Z. n. mehreren OP`s bei Z. n. Fersenbeinfraktur 1994,M79.67
"Z. n. Not-OP wegen Darmperforation, Sepsis n. gyn. Eingriff 12/2018, Narbenherniotomie-OP 5/2019",Z98.8
Z. n. Osteolyse-OPs im Bereich Unter- und Oberkiefer,M89.58
Z. n. Radiatio 2007,D35.2
Z. n. Reizdarmsyndrom nach Reisediarrhoe,K58.8
Z. n. Rotatorenmanschettenrekonstruktion rechts am 11.10.2021,Z98.8
Z. n. Spondylodese 03/2006,M54.16
Z.n. Apoplex 2007 und 2016,I63.9
Z.n. Apoplex 2010 ohne signifikante Ausfälle,I63.9
Z.n. ASK re. Schulter 07.06.2019,Z98.8
Z.n. Bandscheibenoperation LWK4/5 re.,M96.88
Z.n. Borreliose 8/2017,A69.2
Z.n. Bursitis trochanterica re. Hüfte,M77.9
Z.n. Cage C5/C6 und C6/C7 1/2011,Z98.8
Z.n. Clostridien-Enteritis 01/2022,A04.79
Z.n. Deckplattenimpfessionsfraktur LWK1 1/2023,T08.9
Z.n. Ductales in situ-Carcinom re. Mamma,D05
"Z.n. Einkammer-SM-Implantation (Typ Enitra 8 SR-T, Fa Biotronic bei",Z95.0
Z.n. Enzephalitis ohne Erregernachweis 07/2018,G04.9
Z.n. Enzephalitis unklarer Genese 07/2022,G04.9
Z.n. fünfmaliger LWS-OP mit zuletzt Laminektomie 1985 und,Z98.8
Z.n. Hemilaminektomie L5/S1 re 1/2000,M51.2
Z.n. Herzschrittmacherimplantation bei Sick Sinus Syndrom 2009,Z95.0
Z.n. Hüft TEP AMIS 25.01.2018 rechts,Z96.64
Z.n. Hüft-TEP links 04.12.2019,Z96.64
"Z.n. Ileus bei stenosierendem Colon ascendens-Karcinom (pT3, G2, pN2b (20/25) Mx, lokal R0, L1, V1, Stadium III C. Z.n. Z.n. Hemicolektomie rechts mit Ileotransversostomie (07.06.2017)",C18.2
Z.n. Iridozyklitis 2002/2008,H20.8
Z.n. Knie TEP links 03/2022,Z96.65
Z.n. Knie-Schlittenprothese rechts 01/2023,M17.9
Z.n. lumbalen Bandscheidenvorfall LWK 5/SWK 1 linksseitig mit persistierender Gefühlstörung und ASR-Verlust aus dem Jahr 2013,M51.2
Z.n. Lungenembolie bds. 4/2022.,I26.9
"Z.n. Malignom, Bronchien und Lunge, Z.n. OP 2024",C34.9
"Z.n. Mama Ca rechts, ED 12/2017",C50.9
"Z.n. Mama Ca rechts, ED 4/2016",C50.9
"Z.n. Mamma CA li. 2020, mit konsek. Operation und Radio-Chemotherapie",C50.2
"Z.n. Mamma CA li. 6/2019, mit konsek. Operation und Radio-Chemother.",C50.2
"Z.n. Mamma CA li. 8/2019, mit konsek. Operation und Radio",C50.9
"Z.n. Mamma CA li., OP 09/08 und 10/08, anschl. Chemotherapie, Radiatio",C50.2
"Z.n. Mamma CA re. 9/2024, mit konsek. Operation und Radio",C50.9
"Z.n. Mamma Ca rechst, 01/2021",C50.0
"Z.n. Mamma-Ca links, ED 03/2022",C50.9
"Z.n. Mamma-Ca., OP 09/2017",M50.0
"Z.n. Mammacarcinom rechts, Z.n. Wide Excision re. Mamma 12/2020",C50.0
Z.n. Mammakarzinom links 2017,C50.0
Z.n. Mammakarzinom rechts unten ED 10/2017,C50.9
"Z.n. Mammakarzinom rechts, ED 2016",C50.9
"Z.n. Mammakarzinom, OP Mastektomie rechts, Chemotherapie 2020",C50.9
Z.n. mehrfachen Operationen im Segment L5/S1,M51.9
Z.n. mehrfacher Lungenembolie 2013 bis 2020,I26.9
Z.n. Myokardinfarkt 2012,I25.29
Z.n. NSTEMI mit PTCA und DES-Implantation in RMS 01/2013,I25.9
Z.n. OP eines Tarsaltunnelsyndroms links am 24.06.2022 mit persistierenden Hyposensibilität.,G57.5
Z.n. Papillitis links 01/2017,H46
Z.n. Polytrauma am 02.11.2011,T07
Z.n. Polytraumas am 30.05.2019,T07
Z.n. PTCA mit Stentimplantation 2016,I25.9
"Z.n. PTCA/Stenting (DES) des RIVA, RCX 2014,2015",I25.9
Z.n. punktuellem kortikalen Infarkten rechtshirnig 6/2020,I63.9
Z.n. reaktiver Arthritis,M02.90
Z.n. rechtszerebraler Ischämie 2002,I63.9
"Z.n. Rektum-Karzinom, ED 2000 und Rezidiv 2007",C20
Z.n. Resektion eines invasiv lobulären Mamma-CA rechts 06/2013,C50.4
Z.n. Resektion eines invasiv Mamma-CA links 11/2020,C50.4
Z.n. Rotatorenmanschettenrekonstruktion rechts am 11.10.2021,Z98.8
Z.n. schwindelbedingten Sturzes im Rahmen eines neuen,I48.0
Z.n. septischer Prostatitis bei vorbestehender Prostatahyperplasie mit Z. n. TUPR und länger dauernder Urininkontinenz,N41.0
Z.n. SM-Implantation bei Sick-Sinus-Syndrom mit Synkope (01/2019),Z95.0
Z.n. Sturz vom Baum am 04.03.2025 mit,T07
Z.n. Subarachnoidalblutung Hunt & Hess I mit Hämatocephalus internus bei,I60.2
"Z.n. subretinaler Massenblutung, Netzhautinfarkt linkes Auge 04/2009",H35.6
"Z.n. teils endometroidem, teils klarzelligem Adenokarzinom des Endometrium, FIGO IIB, ED 2010, Z.n. Wertheim-Meigs-Operation mit iatrogener Ureterläsion 2010",C54.1
Z.n. Thalamusinsult rechts 03/2018,I63.9
Z.n. traumatischer Schulterluxation links mit,S43.0
Z.n. VZV-Infektion Schulter rechts 2016,Z86.1
Zehenfraktur 11/2011,M89.07
Zeitpunkt unbekannt),I25.9
Zentrale Funktionsstörung mit,G93.4
Zerebrale Mikroangiopathie,I67.88
Zerebrale Mikroangiopathie mit Beteiligung des Hirnstamms,I67.89
Zervicobrachialgie,M53.1
Zervicobrachialsyndrom,M53.1
Zervicobrachialsyndrom rechts,M53.1
Zervikale Dystonie,G24.3
Zervikale Spinalkanalstenose mit beginnender zervikaler Myelopathie,M99.51
Zervikaler Bandscheibenschaden mit Radikulopathie L 5/6,M50.1
Zervikalneuralgie links,M54.2
Zervikalsyndrom,M54.2
Zervikobrachial Syndrom,M53.1
Zervikobrachial Syndrom links,M53.1
Zervikobrachial-Syndrom,M53.1
Zervikobrachial-Syndrom bei BS-Protriusion C5/6,M53.1
Zervikobrachial-Syndrom bei Z. n. BSV C5/6,M53.1
Zervikobrachial-Syndrom links,M53.1
Zervikobrachial-Syndrom nach Fusion C5-7 am 15.01.2009,M53.1
Zervikobrachial-Syndrom rechts,M53.1
Zervikobrachiales Schmerzsyndrom,M54.92
Zervikobrachiales Schmerzsyndrom mit muskulären Verspannungen,M54.93
Zervikobrachialgie,M53.1
Zervikobrachialgie,M53.0
Zervikobrachialgie bds. rechtsbetont bei Osteochondrose,M53.1
Zervikobrachialgie links,M53.1
Zervikobrachialgie rechts,M53.1
Zervikobrachialgien,M53.1
Zervikobrachialgien bds.,M53.1
Zervikobrachialsyndrom,M53.1
Zervikobrachialsyndrom,M54.82
Zervikobrachialsyndrom bds. mit Pseudoradikuärensyndrom li. betont bei degen. Veränderungen mit Neuroforamenstenose C5/6 und C6/7 bds.,M53.1
Zervikobrachialsyndrom links,M53.1
Zervikobrachialsyndrom re.,M53.1
Zervikobrachialsyndrom rechts,M53.1
Zervikobrachiasyndrom,M53.1
Zervikocephales,G44.2
Zervikocephales Syndrom,M53.0
Zervikocephales Syndrom,M54.82
Zervikocephales Syndrom,M54.92
Zervikocephalessyndrom,M53.0
Zervikothorakales Schmerzsyndrom,M54.93
Zervikothorakales Schmerzsyndrom,M54.92
Zervikothorakales Schmerzsyndrom mit muskulären Verspannungen,M54.93
Zervikozephales Syndrom,M53.0
Zervikozephalessyndrom,M53.0
Zervikozephalessyndrom,M54.82
Zervikozephalessyndrom,M53.1
Zervikozephalessyndrom mit Funktionseinschränkung der HWS bei,M53.0
Zevicobrachialgien bds.,M53.1
Zustand nach Nikotinabusus,F17.1
Zustand nach PFO-Verschluss am 25.03.2025,Q21.1
Zustand nach Reaktivierung einer chronischen inflammatorischen Polyneuropathien mit Multiplexverteilungtyp,G62.88
Zystische Fibrose mit sonstigen Manifestationen,E84.88
Zöliakie,K90.0
Ösophaguskarzinom 2010,C15.9
Ösophagusvarizen Grad I bis II 07/2021,I85.90
Überaktive Blase,N32.8
Überaktive Blase mit Dranginkontinenz,N32.8
Überaktive Harnblase,N32.8
Überlappungssyndrom Sjögren/Systemischen Lupus erythematodes,M35.9
Übermäßige Schwitzen,R61.9
„Knochenschmerzen“,R52.2
