diagnosis,count
arterielle hypertonie,411
chronisches müdigkeitssyndrom,346
lws-syndrom,319
erschöpfungssyndrom,308
hws-syndrom,239
schlafstörungen,208
hypothyreose,197
ws-syndrom,175
reizdarmsyndrom,149
spannungskopfschmerzen,138
fibromyalgie,123
migräne,118
kopfschmerzen,104
nichtorganische insomnie,89
tinnitus aurium,87
asthma bronchiale,81
hashimoto thyreoiditis,76
tinnitus aurium bds.,68
-post-covid-19-syndrom,57
erschöpfung,56
ganzkörperschmerzen,54
polyneuropathie,41
ein- und durchschlafstörungen,39
zervikobrachialgie,38
knieschmerzen bds.,37
"diabetes mellitus, typ 2",33
knieschmerzen rechts,33
polyarthrose,32
spannungskopfschmerz,31
bws-syndrom,30
migräne mit aura,30
zervikobrachialsyndrom,29
schlafstörung,25
schulterschmerzen rechts,24
migräne ohne aura,22
v.a. reizdarmsyndrom,21
hashimoto-thyreoiditis,21
osteoporose,21
knieschmerzen links,19
chronische sinusitis,19
obstruktives schlafapnoesyndrom,18
polyarthralgien,18
schwindel,18
schulterschmerzen links,17
psoriasis vulgaris,17
adipositas,17
diabetes mellitus typ 2,17
zervikozephalessyndrom,16
restless-legs-syndrom,16
zervikocephales syndrom,16
-v.a. post-covid-19-syndrom,15
rhizarthrose bds.,15
zervikobrachial-syndrom,13
zervikobrachialgien,12
tinnitus aurium links,12
polymyalgia rheumatica,12
fibromyalgiesyndrom,12
neurodermitis,11
fibromyalgie syndrom,11
knieschmerzen,11
zervikozephales syndrom,11
hypercholesterinämie,10
chron. kopfschmerzen,10
magen-darmbeschwerden,9
magen-darm-beschwerden,9
durchschlafstörungen,9
paroxysmales vorhofflimmern,9
fibromyalgie-syndrom,9
chronische gastritis,9
tinnitus aurium rechts,9
allergisches asthma bronchiale,8
infektanfälligkeit,8
schulterschmerzen bds.,8
tinnitus bds.,8
rhizarthrose,8
degeneratives ws-syndrom,8
obstruktives schlafapnoe-syndrom,8
"hypothyreose, substituiert",8
autoimmunthyreoiditis,8
hüfteschmerzen links,8
gastroösophageale refluxkrankheit,7
diabetes mellitus typ ii,7
obstipation,7
post-covid-19-syndrom,7
hws- und bws-syndrom,7
rhizarthrose links,7
fingerpolyarthrose,7
chronisches lws-syndrom,7
polyarthralgie,7
chronische kopfschmerzen,7
lumbalsyndrom,7
isg-syndrom,7
verdauungsbeschwerden,6
hyperlipidämie,6
chronisches schmerzsyndrom,6
endometriose,6
chronische bronchitis,6
lws/isg-syndrom,6
psoriasis arthritis,6
chronische migräne,6
fußschmerzen bds.,6
hyperurikämie,6
myofasziales schmerzsyndrom,6
"covid-19-impfstoffen, nicht näher bezeichnet",5
allergische rhinopathie,5
migräneartige kopfschmerzen,5
wirbelsäulensyndrom,5
chronic fatique syndrom,5
glaukom bds.,5
hyperhidrose,5
chronisches erschöpfungssyndrom,5
ventrikuläre extrasystolie,5
- v.a. post-covid-19-syndrom,5
vorwiegend allergisches asthma bronchiale,4
hüfteschmerzen bds.,4
nichtorganische insomnie (durchschlafstörungen),4
gesichtsschmerzen rechts,4
müdigkeitssyndrom,4
mischformen des asthma bronchiale,4
zervikobrachialgie rechts,4
chronische obstipation,4
trigeminusneuralgie rechts,4
chronische pansinusitis,4
atypischer gesichtsschmerz,4
laktoseintoleranz,4
fruktoseintoleranz,4
chronisches hws-syndrom,4
polyarthrose der finger- und handgelenke,4
fußschmerzen rechts,4
trigeminusneuralgie,4
fingergelenksarthrose,4
gesichtsschmerzen,4
"seropositive rheumatoide arthritis, ed 10/2018",4
atopisches ekzem,4
handgelenkschmerzen bds.,4
chronischer husten,3
small fiber polyneuropathie,3
mischform des asthma bronchiale,3
lumboischialgie,3
lichen ruber planus,3
atopisches endogenes ekzem,3
hüfteschmerzen rechts,3
hashimoto thyroiditis,3
v.a. post-covid-19-syndrom,3
prämenstruelles syndrom (pms),3
bei polyneuropathie,3
small fiber neuropathie,3
zervikobrachial syndrom,3
allergische rhinopathie durch pollen und katzenhaare,3
coxarthrose bds.,3
cluster-kopfschmerz rechts,3
degeneratives hws-syndrom,3
- z. n. läsionen der rotatorenmanschette rechts 15.08.2021,3
gemischte hyperlipidämie,3
lumbalsyndrom bei degenerativen veränderungen der lws,3
polyneuropathie nach chemotherapie,3
"colitis ulcerosa, ed 2008",3
ws syndrom,3
coxarthrose links,3
morbus crohn,3
chronisches wirbelsäulensyndrom,3
postmenopausale osteoporose,3
chron. müdigkeitssyndrom,3
erschöpfunssyndrom,3
restless legs syndrom,3
hws/bws-syndrom,3
lumbosakraler rückenschmerz,3
gonarthrose,3
interstitielle zystitis (chronisch),3
raynaud-syndrom,3
"vorhofflimmern, paroxysmal",3
morbus crohn mit rezidivierenden fistelungen und abszedierungen,3
malabsorption nach chirurgischem eingriff,3
"kurzdarmsyndrom, heimparenterale ernährung",3
chronisch degeneratives lws-syndrom,3
morbus bechterew,3
chronischer spannungskopfschmerz,3
obstruktives schlafapnoe syndrom,3
lymphödem beider beine,3
chron. erschöpfungssymptomatik,3
v.a. fibromyalgie,3
osteochondrose der lws,3
schulter-arm-syndrom,3
obstruktives schlafapnoesyndrom mit cpap-therapie,3
rezidiv. kopfschmerzen,3
hüftschmerzen rechts,3
chronisch rezidivierende sinusitis,3
schwankschwindel,3
coccygodynie,3
polymyalgien,3
rcs makuladegeneration,3
lungenfibrose,3
gastroösophageale refluxkrankheit mit ösophagitis,3
"psoriasisarthritis, ed 2017 l40.5,",2
"psoriasis vulgaris, ed 2003",2
rückenschmerzen mehrerer lokalisationen der wirbelsäule,2
"morbus crohn, ed 2000",2
polyarthrose der fingergelenke,2
belastungsabhängige schmerzen beider kniegelenke,2
periphere fazialisparese links,2
gonalgie bds.,2
multiple nahrungsmittelunverträglichkeiten,2
essentieller tremor,2
chronische halsschmerzen,2
reizblase,2
chronisches fatigue-syndrom,2
lws-isg-syndrom,2
gonarthrose links,2
karpaltunelsyndrom bds.,2
heberden arthrose mit arthropathie,2
"psoriasis arthritis l40.5,",2
knieschmerzen linksbetont,2
fersensporn links,2
oberschenkelschmerzen bds.,2
sjögren-syndrom,2
nahrungsmittelunverträglichkeit,2
myofasziales schmerzsyndrom mit betonung des schültergürtels,2
arzneimittel induzierte polyneuropathie nach chemotherapie,2
lws syndrom,2
degeneratives fehlstatisches wirbelsäulensyndrom,2
"chronische nierenkrankheit, stadium 2",2
lip-lymphödem der oberen extremitäten stadium i,2
chronisch- degeneratives lws-syndrom,2
"colitis ulcerosa, ed 2002",2
isg-syndrom rechts,2
"myalgie, mehrere lokalisationen",2
hws/lws-syndrom,2
hand- und fingergelenkschmerzen,2
bruxismus mit cmd (craniomandibuläre dysfunktion),2
ws-schmerzen,2
syndrom der unruhigen beine (restless-legs-syndrom),2
small-fiber-polyneuropathie unklarer ätiologie,2
vit. d3 +,2
nervus pudendus neuralgie,2
- z.n. rotatorenmanschettenrekonstruktion rechts am 11.10.2021,2
obstruktive schlafapnoe syndrom,2
schulterschmerzen rechs,2
myelodysplastisches syndrom,2
deg. ws-syndrom,2
seborrhoisches ekzem,2
multiplexverteilungsmuster,2
hallux valgus links,2
fibromyalgie mehrere lokalisationen,2
chron. bauchschmerzen,2
oromandibuläre dysfunktion,2
degeneratives lws-syndrom,2
zervicobrachialsyndrom,2
tinnitus rechts,2
progrediente sensible beinbetonte polyneuropathie,2
zevicobrachialgien bds.,2
muskelschmerzen und muskelverspannungen,2
sicca-syndrom,2
nacken-schulter-arm-syndrom,2
schulterschmerzen beidseits,2
hypothyreose bei z. n. strumektomie 1995,2
linksschenkelblock,2
karpaltunnelsyndrom beidseits,2
ulnarisneuropathie am ellbogen rechts,2
sprunggelenkschmerzen bds.,2
lws,2
rezidivierendes hws-syndrom,2
lichen sclerosus vaginalis,2
periorale dermatitis,2
kniegelenkschmerzen,2
fersensporn rechts,2
reizdarmsyndrom mit diarrhoe,2
polyneuropathie medikamenteninduziert nach chemotherapie,2
substituierte hypothyreose,2
unterbauchschmerzen,2
enddarmschmerzen,2
"asthma bronchiale, ed 1997",2
* degeneratives zervikobrachialsyndrom,2
rivaroxaban – einnahme bei,2
arterieller hypertonie,2
hws-bws-syndrom,2
polyarthritis,2
rosacea,2
"post-herpes-neuralgie, z. n. herpes zoster 9/2019 b02.2,",2
adipositas grad ii,2
"colitis ulcerosa (ed 2014, em 2013)",2
nichtorganische schlafstörungen,2
adipositas grad iii,2
coxarthrose,2
gelenkschmerz mehrere lokalisationen,2
chronisches lumbales syndrom,2
chronisches ws-syndrom,2
fingerpolyarthrose bds.,2
chronische instabilität linkes sprunggelenk,2
sulcus-ulnaris-syndrom links,2
morbus raynaud,2
"insulinpflichtiger diabetes mellitus typ 2, ed 2000",2
chronische analfistel,2
sarkoidose,2
retinopathien des augenhintergrundes und veränderung der netzhautgefäße,2
prostatahyperplasie,2
zervikothorakales schmerzsyndrom,2
lws-syndrom rechts,2
gesichtsschmerzen bds.,2
knieschmerzen beidseits,2
"colitis ulcerosa, ed 2017",2
morbus basedow,2
sprunggelenksschmerzen links,2
muskuläre dysbalance im wirbelsäulenbereich,2
limitiert cutan systemische sklerodermie,2
cmd,2
rezidivierende cephalgien,2
degenerativen veränderungen der wirbelsäule,2
zervikobrachiales schmerzsyndrom mit muskulären verspannungen,2
gemischtförmiges asthma bronchiale,2
lws- und bws-syndrom,2
gelenkschmerz der schultern bds.,2
epicondylitis humeri radialis bds.,2
sprunggelenkschmerzen rechts,2
koxarthrose,2
perniziöse anämie,2
fußschmerzen links,2
kollagene kolitis,2
"psoriasis-spondylarthritis, ed 1997",2
essentielle thrombozytämie,2
narkolepsie,2
crps der linken hand,2
exokrine pankreasinsuffizienz,2
chronische polyarthritis,2
refluxösophagitis,2
rosazea,2
rezidivierende harnwegsinfekte,2
isg-syndrom links,2
craniomandibuläre dysfunktion,2
unklarer genese,2
rezidivierende zystitiden,2
copd,2
sjögren-syndrom (sicca-syndrom),2
m. bechterew,2
rizarthrose bds.,2
"polyneuropathie, nicht näher bezeichnet",2
chronische rückenschmerzen,2
dm typ 2,2
z.n. rechtszerebraler ischämie 2002,2
hypothyreose bei z. n. strumektomie 1994,2
lws-schmerzen,2
slow-transit-constipation,2
rektale entleerungsstörung mit paradoxem pressen,2
rezidivierendes hws-syndrom mit cervicobrachialgien,2
sensibilitätsstörungen an den beinen unklare genese dd funktionell,2
zöliakie,2
gastrointestinale beschwerden,2
histaminintoleranz,2
"seropositive rheumatoide arthritis, ed 12/2016",2
chronic fatique-syndrom,2
"colitis ulcerosa mit linksseitenbefall, ed 1991",2
muskelschmerzen,2
chronische exokrine pankreasinsuffizienz,2
zervicobrachialgie,2
chronischer posttraumatischer kopfschmerz,2
adipositas grad i,2
systemischer lupus erythematodes,2
hyperlipoproteinämie,2
zervikobrachial-syndrom nach fusion c5-7 am 15.01.2009,2
"spondylose mit radikulopathie, mehrere lokalisationen der ws",2
epicondylitis radialis humeri,2
impingement-syndrom der schulter,2
reizmagen,2
mcs (multiple chemical sensitivity),2
benigne prostatahyperplasie,2
blasenentleerungsstörung mit deutlicher restharnbildung,2
rückenschmerzen lumbalbereich bei z. n. spondylodese l3/l4,2
gelenkschmerz schultergelenk,2
koronarherzkrankheit-2-gefäß-erkrankung mit stent,2
"chronifizierende polyneuropathie hände, füße, körper, unklarer genese",2
chronische obstruktive bronchitis,2
"arthritis urica, ed 1988",2
morbus stargardt,2
chron. oberbauchschmerzen,2
hws- und lws-syndrom,2
"obstruktives schlafapnoesyndrom, apap-therapie",2
copd [chronic obstruktive pulmonal disease],2
chronisch respiratorische insuffizienz typ i [hypoxisch],2
gicht arthritis,2
chronisch-degeneratives lws-syndrom,2
koxarthrose rechts,2
erschöpfungszustand,2
chron. pansinusitis,2
therapieresistente pollenallergie,2
schmerzen im schulter-/gürtelbereich bds.,2
paroxysmales vorhofflimmern (antikoagulation mit rivaroxaban),2
"morbus crohn, ed 2009",2
schlafapnoe-syndrom,2
abdominelles schmerzsyndrom,2
chronische müdigkeit,1
ankermann 1 mg 1-0-0 1xwöchentlich (donnerstag),1
"gonartrose, z.n. umstellungsosteotomie beidseits",1
"morbus crohn, ed 1989 mit befall des colons, dünndarms und magens",1
chron. analfissur,1
finger- und handgelenksbeschwerden,1
epicondylitis lateralis humeri links,1
"hypothyreose, z. n. schilddrüsen-op",1
morbus scheuermann,1
heberden- und bouchard-arthrose bds.,1
"pavk beidseits vom beckentyp, rechts > links",1
perennierende allergische rhinitis,1
ekzem im bereich des äußeren linken gehörgangs,1
"trockene makuladegeneration, ed 2008",1
"chronische gastritis, h.p. negativ.",1
kribbelparästhesien der unteren extremitäten beidseits,1
fersenschmerzen beidseits,1
chronische gastritis typ c,1
hüftenschmerzen beidseits,1
schmerzen in den beiden oberschenkel,1
polyartrose,1
"sturzneigung, anderenorts nicht klassifiziert",1
"fibromyalgie, ed 2005",1
"asthma bronchiale, ed 1981",1
mittelgradig rechts,1
bienengiftallergie,1
"essentieller tremor, em 2013",1
- atypischer gesichtsschmerz,1
- xerostomie,1
- glossodynie,1
chronische mandibuläre dysfunktion,1
störungen des geruchs- und geschmackssinnes,1
monoklonale gammopathie (klasse igg-kappa),1
chronische beckenschmerzensyndrom,1
pelvic congestion syndrom,1
adenomyosis uteri,1
chronischen spannungskopfschmerzen,1
chronische steißbeinschmerzen,1
z.n. mammakarzinom links 2017,1
zervikobrachial-syndrom bei bs-protriusion c5/6,1
z. n. radiatio 2007,1
polyneuropathie - v.a. small fiber polyneuropathie (em ca. 2002),1
großzehengrundgelenkschmerzen,1
ehlers-danlos-syndrom,1
"muskelschmerzen hauptsächlich schulterblattregion re., gluteal re.",1
mastzellaktivierungssyndrom,1
"thrombozytopenie, ed 2016",1
"beteiligung großer gelenke, ed 12/2008 l40.5,",1
gelenk- und sehnenschmerzen,1
multiple sklerose (ed 1988),1
z. n. enzephalitis ohne erregernachweis 07/2018,1
polyvalente allergie,1
chronisches lws/isg-syndrom,1
"hashimoto-thyreoiditis, ed 2007",1
periphere fazialisparese rechts,1
lsw-syndrom,1
großzehengrundgelenkschmerzen bds.,1
chron. deg. lws-syndrom,1
gonalgie links,1
hüftschmerzen,1
"1000 mg 1-0-0 4x wöchentlich (mo, mi, fr, so)",1
achillessehnenschmerzen links,1
kiefergelenksschmerzen links,1
myogelose der schulter-nacken-muskulatur,1
"hashimoto thyreoiditis, ed 2005",1
blähungen,1
polyarthrose typ heberden,1
hüftschmerzen links,1
ellenbogen schmerzen rechts,1
handekzem bds.,1
zentrale funktionsstörung mit,1
rezidivierenden muskulären spasmen der rechten körperhälfte bei,1
zustand nach pfo-verschluss am 25.03.2025,1
neuralgie des nervus occipitalis major links,1
z.n. resektion eines invasiv mamma-ca links 11/2020,1
"obstruktives schlafapnoesyndrom, ed 2018",1
"post-herpes-neuralgie, z. n. herpes zoster 2/2023 b02.2,",1
pollenallergie,1
"seropositive rheumatoide arthritis, em 12/2016",1
sekundäres schmerzsyndrom vom typ der fibromyalgie,1
vorfuß-/mittelfußarthrose rechts,1
"raynaud syndrom, hautveränderungen, myalgien arthralgien,..), ed 03/2017",1
sek. fibromyalgiesyndrom,1
zustand nach reaktivierung einer chronischen inflammatorischen polyneuropathien mit multiplexverteilungtyp,1
kollagenose a.e. sjögren-syndrom,1
subakuter kutaner lupus erythematodes,1
"lymphödem der unteren extremität, stadium ii beidseits",1
"lip-lymphödem der unteren extremität, stadium ii",1
polyneuropathie vom typ charcot-marie-tooth,1
chronische-degeneratives hws-syndrom,1
"rheumatoide arthritis, ed 1996, rheumafaktor- und ccp-positiv",1
gastroösophageale refluxkrankheit bei axialer hiatushernie,1
medianusneuritis links,1
lipödem grad 2 typ 4,1
"epilepsie, aktuell anfallsfrei unter therapie (vormals grand mal)",1
des corpus uteri 09/2024,1
intraop. bestrahlung 6/2021,1
sjögren-syndrom mit reizhusten,1
"chronische polyarthritis, ed 2015",1
chron. sinusitis,1
"z.n. mammakarzinom rechts, ed 2016",1
chron. degenerat. wirbelsäulensyndrom,1
schultergelenkschmerzen,1
metatarsalgie rechts,1
acg-arthrose rechts,1
epicondylitis humeri radialis beidseits,1
syndrom polyzystischer ovarien,1
multiple nahrungsmittelallergien bzw. –unverträglichkeiten,1
"asthma bronchiale, ed 1984",1
frozen shoulder nach tuberculum majus fractur 01/2017,1
hypothyreose bei z.n. subtotaler thyreoidektomie (2005) bei m. basedow,1
z. n. atypischer pneumonie durch mykoplamen 01/2022,1
anankastische persönlichkeitsstruktur,1
"fingergelenke links, daumensattelgelenke und sprunggelenke)",1
nach konservativen therapie einer spondylodiszitis l3/4,1
z. n. atypischer pneumonie durch mykoplasmen 01/2022,1
beginnende polyarthrose der fingergelenke bds.,1
z.n. mammakarzinom rechts unten ed 10/2017,1
colitis ulcerosa ed 1984,1
chronisch rezidivierende urticaria,1
axonale polyneuropathie,1
parageusie bei z.n. hirnstammischämie 3/2015,1
hypothyreose bei z.n. thyreoidektomie 1990,1
"lymph- und lipödem arme und beine i89.09,",1
unklare hepatopathie mit fluktuirender transamninasenaktivität,1
"colitis ulcerosa, ed 2016",1
rezidivierende herpes zoster gluteal links,1
hypothyreose postoperativ,1
v.a. tolosa-hunt syndrom,1
"colitis ulcerosa mit gelenkbeteiligung, ed 2006 k51.9,",1
"morbus crohn, ed 06/2003",1
lactoseintoleranz,1
lws-schmerzen´,1
wechseljahrebeschwerden,1
"z.n. mama ca rechts, ed 12/2017",1
lws-syndrom links,1
lupoide rosacea,1
lumbosakralsyndrom,1
"spondylarthrose lwk3/4 und lwk 4/5, osteochondrose lwk 5/swk 1",1
schmerz. missempfindungen im bereich der füße und unterschenkel bds.,1
beginnende zervikale myelopathie bei,1
spinalkanalstenose hwk4-hwk 7,1
spinalkanalstenose l3/4 bei spondylolisthese meyerding grad 1,1
anamnestisch muskuläre krämpfe und faszikulationen,1
schmerzhafte parästhesien an der füßen,1
"colitis ulcerosa, ed 2000",1
chron rückenschmerzen,1
"rosazeaartige dermatitis, ed 03/2025",1
diabetes insipidus,1
coxarthrose rechts,1
"fibromyalgiesyndrom, ed 2014",1
"impingement syndrom re, ed 2016",1
sclerodermia circumscripta,1
helicobacter pylori-negative geringe gastritis,1
bws-syndrom re,1
"herzrhythmusstörungen mit sves, ves",1
aortenklappe,1
spondylitis ankylosans,1
"hla b27 positiv mit rezidivierender iritis, ed 1998",1
diabetes mellitus typ 2 (diätetisch geführt),1
"hyperkinetisches herzsyndrom, ed 1994",1
schultergelenk schmerzen rechts,1
"restless-legs-syndrom, ed 2016",1
"arterielle hypertonie, ed 12/2006",1
hws- und lws-verspannungen,1
v. a. prurigo-variante bei atopischer disposition,1
mittelfußarthrose bds.,1
plantarfasziitis rechts,1
kalkaneussporn,1
myelitis hwk 3/4 und bwk 5/6 dd autoimmun-entzündlich,1
degeneratives wirbelsäulensyndrom,1
manifeste osteoporose,1
"monoklonale gammopathie unklarer signifikanz (igg kappa), ed 05/2017",1
"hws-, bws-syndrom",1
"anti-ccp-ak, rheumafaktor positive rheumatoide arthritis, ed 09/2014",1
pollinosis,1
belastungsasthma,1
klimakterische beschwerden,1
tinnitus aurium linksbetont,1
"rheumatoide arthritis, ed 1996, rheumafaktor- u. ccp-positiv",1
gastroäsophageale refluxkrankheit bei axialer hiatushernie,1
tinnitus aurium rechtsbetont,1
somatoformer schwindel,1
"hashimoto thyreoiditis, ed 2007",1
chron. schwindel,1
"polyarthrose, der finger-, hand- und sprunggelenke",1
hereditäres beinlymphödem,1
hypohyreose,1
autoimmune thyreoiditis,1
beginnende polyarthrose,1
degeneratives hws/bws-syndrom,1
"trigeminusneuralgie des 2.astes rechts, postinfektiös",1
wartenberg syndrom rechts,1
hws/bws-syndrom bei bandscheibenvorfällen in mehreren etagen,1
schultergelenksarthrose links,1
"bet, radiatio",1
karpaltunnel-syndrom bds.,1
"chronische polyarthritis, hla b27 pos.",1
zervikobrachial-syndrom rechts,1
sulcus ulnaris syndrom re,1
knieschmerze bds.,1
z. n. bösartiger neubildung brustdrüse,1
arzneimittelinduzierte osteoporose,1
"sigmadivertikulose, z. n. erstem schub einer sigmadivertikulitis 7/2012",1
oberkieferneuralgie rechts bei z. n. kieferostitis,1
bws- und lws-syndrom,1
khk ohne interventionsbedürftige stenosen,1
degeneratives lws,1
osteochondrosen lwk 4 bis swk 1,1
lichen rubber,1
einschränkung der tiefen inspiration,1
lumboischialgie rechts,1
rhizarthrose beidseits,1
chronische bauchbeschwerden,1
"m. crohn, ed 1990",1
chronische abdominelle schmerzen,1
inkompletter linksschenkelblock,1
nikotinkonsum,1
"seropositive rheumatoide arthritis, ed 09/2003",1
"niedrig malignen non-hodgkin-lymphom der b-zellreihe, ed 12/2016",1
"sensible, axonale polyneuropathie einschl. neuropathischer schmerz",1
"lupus erythematodes, ed 06/2013",1
"primär biliäre zirrhose, ed 2009",1
chronischer gesichtsschmerz beidseits bei,1
- postzosterneuralgie des neuralgie des n.trigeminus links (v3 links),1
- craniomadibuläre dysfunktion,1
"progressive systemische sklerodermie, scl-70 antikörper pos. (ed 1999)",1
"lungenfibrose mit mittelgradig eingeschränkter lungenkapazität, leichter diffusionsstörung und leicht erhöhtem pulmonalarteriellem druck",1
"schwere raynaud-symptomatik, z.n. fingerkuppenulcerationen",1
hypothyreose nach schilddrüsenresektion,1
überaktive blase mit dranginkontinenz,1
"sarkoidose, ed 08/2014",1
"morbus basedow, z.n. thyreoidektomie 4/2010",1
hyperventilation,1
"multiple sklerose, ed 2007",1
bandscheibenvorfall l2/3,1
fußheberparese links und sensibilitätsdefizit im dermatom l5,1
"colitis ulcerosa, ed 1997",1
v.a. colitis assoziierte arthritis,1
aa bei vorhofflimmern,1
tinnitus aurium re.,1
"morbus crohn, ed 06/2012",1
mit assoziierten arthralgien,1
chronische sinusitis max. und ethmoidalis bds.,1
hüfte schmerzen rechts,1
omalgie bds,1
impingement-syndrom der schulter rechts,1
achillodynie bds.,1
ulceröse refluxösophagitis,1
bursitis trochanterica rechts,1
struma nodosa diffusa,1
diabetes mellitus typ iie,1
"hashimoto thyreoiditis, ed 2017",1
hüftenschmerzen bds.,1
zehenfraktur 11/2011,1
rezid. beidseitigen knie- und hüftgelenkschmerzen rechts,1
"impingement-syndrom schultern bds., links mehr als rechts",1
chron. schmerzsyndrom der brust- und lendenwirbelsäule,1
primäre biliäre ama-negative zirrhose,1
leichte kognitive störung,1
großzehengrundgelenkarthrose li.,1
z.n. knie-schlittenprothese rechts 01/2023,1
überlappungssyndrom sjögren/systemischen lupus erythematodes,1
"arthritis psoriatica, hla-b27 negativ",1
"psoriasis capitis, ed 2002",1
"mit sekundärem lymphödem linkes bein, em 2008",1
tendinitis calcarea der rechten schulter,1
livedo racemosa bei antiphospolipid-syndrom,1
schulter schmerzen links,1
keratokonus bds.,1
"vielfache allergien gegen gräser, katze, etc.",1
unterleibschmerzen sowie rezidivierenden harnwegsinfekten,1
"z.n. teils endometroidem, teils klarzelligem adenokarzinom des endometrium, figo iib, ed 2010, z.n. wertheim-meigs-operation mit iatrogener ureterläsion 2010",1
"brusterhaltende therapie, radiochemotherapiebis 07/2016",1
"axiale spondyloarthritis, hla-27 positiv, ed 10/2014 mit",1
sekundäre fibromyalgie,1
"seronegative arthritis der hände, ed 2003, hla b 27 positiv",1
"asymmetrisch rechtsbetonte, sensorische polyneuropathie",1
pavk vom oberschenkeltyp,1
"colitis ulcerosa, ed 1989",1
bws-syndorm,1
colitis ulcerosa,1
degeneratives lws-syndrom mit osteochondrose l5/s1,1
impingement rechtes shultergelenk,1
hypothyreose bei z.n. strumektomie 2010,1
zystische fibrose mit sonstigen manifestationen,1
sekundär biliäre zirrhose,1
pankreasinsuffizienz,1
schleimig-eitrige chronische bronchitis,1
bronchiektasien,1
hydronephrose links,1
nephrolitiasis,1
generalisierte idiopatische epilepsie und epileptische syndrome,1
refluxösophagitis grad a,1
asthma bronchial,1
struma multinodosa mit großen zystischen knoten,1
antiphospholipid-ak,1
sekundäres sicca-syndrom,1
schwindel unklarer ursache,1
chronische pansinusitis mit anhaltender nasaler obstruktion,1
hws-syndrom links,1
"eisenmangelanämie, ed 2017",1
rechtschenkelblock,1
"hüfteschmerzen links,",1
rezidiv. paroxysmales vorhofflimmern,1
hüftenschmerzen linksbetont,1
* fibromyalgie,1
* degeneratives hws-syndrom,1
und im linken arm,1
copd gold grad ii/iii,1
hypothyreose bei z.n. partialer thyreoidektomie 1971,1
chronisches lumbales lws-syndrom,1
"rheumatoide arthritis, ed 2016, rheumafaktor und acpa-positiv",1
sekundäres fibromyalgie-syndrom,1
degeneratives lws- und hws-syndrom,1
großzehengrundgelenksarthrose bds.,1
"rezidiv. herpes-zoster-affektionen, meist gesäß b02.2,",1
oak mit marcumar,1
tendinitis calcarea der supraspinatussehne bds.,1
- v.a. -post-covid-19-syndrom,1
nichtorganische insomnei,1
wechseljahrenbeschwerden,1
lumbosacral-syndrom,1
"colitis ulcerosa, ed 2005",1
primäre koxarthrose bds.,1
radikulopathie lumbosakralbereich,1
"generalisierte, zirkumskripte sklerodermie",1
"xerosis cutis, integument",1
xerostomie,1
chron. lws-syndrom bei,1
bandscheibenprolaps l5/s1,1
hallux valgus et rigidus rechts mit metatarsalgie,1
reizknie rechts,1
v.a. neuralgie des n. ilioinguinalis links,1
"gastroösophageale refluxkrankheit, ohne ösophagitis",1
"m. grover, ed 2015",1
fibomyalgie,1
axonale demyelinisierende polyneuropathie,1
"feuchte makuladegeneration rechts, ed 03/2022",1
schmerzen im bereich des linken vorfußes,1
fingergelenkschmerzen,1
laktose unverträglichkeiten,1
polyneuropahtie,1
zervikobrachialsyndrom bds. mit pseudoradikuärensyndrom li. betont bei degen. veränderungen mit neuroforamenstenose c5/6 und c6/7 bds.,1
v.a. myopathie unklarer genese,1
multiple sklerose,1
z.n. septischer prostatitis bei vorbestehender prostatahyperplasie mit z. n. tupr und länger dauernder urininkontinenz,1
"mit funktionsstörung bei z.n. arbeitsunfall am 16.02.2015 mit distorsion li. handgelenk, knöchernen sl-bandausriss.",1
- parästhesien beider beine und li. arm,1
- gangstörung,1
z.n. thalamusinsult rechts 03/2018,1
"z.n. einkammer-sm-implantation (typ enitra 8 sr-t, fa biotronic bei",1
hochgradige skoliose im thorakolumbalbereich,1
"polyneuropathie, ed 2014",1
koxarthrose bds.,1
idiopatische sauer-parageusie,1
"koronare 2-gefäßerkrankung,",1
morbus menière links,1
vorhofflimmern paroxysmal,1
psoriasiformes ekzem,1
v.a. asthma bronchiale,1
* turner-syndrom (icd-10,1
chronischer kopfschmerz,1
hirnorganisches psychosyndrom mit leichter kognitiver störung bei,1
kalottenfraktur und frontobasisfraktur rechts,1
degeneratives hws syndrom,1
spondylolisthesis l5/s1,1
"z.n. ileus bei stenosierendem colon ascendens-karcinom (pt3, g2, pn2b (20/25) mx, lokal r0, l1, v1, stadium iii c. z.n. z.n. hemicolektomie rechts mit ileotransversostomie (07.06.2017)",1
zervikale spinalkanalstenose mit beginnender zervikaler myelopathie,1
und acpa-positiv,1
steatosis hepatis grad ii,1
"colitis ulcerosa, ed 08/2017",1
"lungenfibrose unklarer genese, ed 2018",1
"beinbetonte, primär axonale polyneuropathie",1
restless leggs sydrom,1
"rheumatoide arthritis, anti-ccp positiv, rf negativ, ed 2011",1
kalkaneusfraktur 2006 nach arbeitsunfall,1
z. n. spondylodese 03/2006,1
"z.n. mamma ca re. 9/2024, mit konsek. operation und radio",1
fingergelenkarthrose iii rechts,1
"anti-ccp-ak, rheumafaktor positive rheumatoide arthritis, ed 2011",1
hypothyreose mit substitutionstherapie,1
"koxarthrose links, z.n. hüft-tep 2017 li",1
autonome dysregulation mit generalisierter hyperhidrose,1
reflux im ösohpagus,1
interkostalneuralgie re. nach rippenfraktur,1
"lipödem stammbetont, sowie ober- und unterschenkel bds.",1
subjektive hypersalivation,1
lumboischialgie bei mehrsegmental degenerativen veränderungen,1
lumboischialgie derlws bei arthrotischen veränderungen,1
zervikobrachialsyndrom rechts,1
"3-gefäß-khk, z.n. minimal-invasiver cabg op 05/10",1
schulter-arm-syndrom links,1
reizdarsynrom,1
linksschenkelblock-ekg (anamnestisch seit ca. 20 jahren bekannt),1
obstruktives schlafapnoesyndrom (cpap-therapie),1
chronische linkseitige gesichts- und kopfschmerzen,1
bei koronarer dreigefäßerkrankung,1
lumboischialgie der lws bei arthrotischen veränderungen,1
rhizarthrose re,1
"1-gefäß-khk mit hochgr. stenose rcx, ptca und stent 3/2015",1
multifaktorielle gangunsicherheit,1
bilaterale vestibulopathie,1
sensible polyneuropathie,1
vorhofflimmern mit teilweiser tachykarder überleitung (ed 03/2012),1
chronische niereninsuffizienz,1
multiple herzoperationen,1
postoperative hypothyreose bei z.n. papilären schilddrüsencarzinom 2013,1
trockener makuladegeneration,1
pseudoradikuläres schmerzsyndrom mit musculus piriformis syndrom,1
prolaps l5/s1,1
morbus hailey-hailey (pemphigus chronicus benignus familiaris),1
allergische kontaktdermatitis bei nickelallergie,1
chronisches hws-syndrom bei degenerativen veränderungen der hws,1
demyelinisierend betonte sesomotorische polyneuropathie,1
erschöpfung und wetterfühligkeit mit emotionaler instabilität,1
chronisch rezidivierende dyspepsie,1
gastroösophageale refluxerkrankung,1
hws-syndrom linksseitig,1
pseudoradikuliäres lumbales schmerzsyndrom links,1
bewegungsabhängige schmerzen im schulter-/gürtelbereich links,1
belastungsabhängige schmerzen beider füße,1
atopisches [endogenes] ekzem,1
sensomotorische demyelinisierende polyneuropahtie,1
ellenbogengelenkschmerzen bds.,1
spreizfuß bds.,1
unklare atembeschwerden,1
v.a. reizdarm-syndrom,1
"colitis ulcerosa, ed 2014",1
- nach i.v.-antibiose mit ceftriaxon 2 g/tag für 14 tage,1
schlaflosigkeit,1
"khk, z.n. mic 2003",1
überaktive blase,1
"polyneuropathie, ed 2013",1
"chronisches vorhofflimmern, ed 05/16 – antikoagulatio mit eliquis",1
lumboischialgie m54.4 bei osteochondrose und spondylarthrose,1
isg-arthrose,1
flanken- und oberschenkelschmerzen,1
fußsohleschmerzen links,1
"polytopes, polymorphes schmerzsyndrom mit anteilen einer fibromyalgie",1
sowie hws nach einer prellung am 07.11.2017,1
"rheumatoide arthritis, ed 07/2017",1
myofaszialesschmerzsyndrom,1
"seropositive chronische polyarthritis, ed 2020",1
erythema nodosum,1
spondylosis deformans,1
kopftremor,1
"durch lumbalpunktion, em 06/2020 b02.2,",1
z.n. lungenembolie bds. 4/2022.,1
sensomotorische polyneuropathie,1
neurodermatitis,1
"seropositive late-onset rheumatoide arthritis, ed 8/2018",1
diabetes mellitus typ 1 ab ca. 1988,1
"rheumatoide, seropositive arthritis, ed 1997",1
beginnende rheumatoide arthritis,1
karpaltunnel-syndrom rechts,1
"seropositive und ccp-ak positive rheumatoide arthritis, ed 09/2014",1
"thrombozytose, ed 2013",1
"eisenmangelanämie, ed 2008",1
"chronisches fatique-syndrom, externer v.a. chronische ebv-infektion",1
myofasziales schmerzsyndrom im schulter- und nackenbereich,1
unklare muskel- und gliedeschmerzen,1
"hypothyreose, z.n. thyreoidektomie 05/2010",1
retropatellararthrose beidseits,1
dd. idiopathische gesichtsschmerzen,1
myoklonischen zuckungen unklarer genese,1
episodischer cluster-kopfschmerz,1
für 15 min. bei clusterkopfschmerzattacke.,1
nozizeptive und neuropatische schmerzen,1
leistenschmerzen links,1
chronic-fatigue-syndrom cfs/me,1
- post-covid-19-syndrom,1
frozen shoulder links,1
chronische sinusitis maxillaris,1
mittelgesichtsverletzungen 02/09/1983,1
schmerz li. bei prothetischer versorgung,1
rezidivierende cervicobrachialgien li.,1
"morbus crohn, em 7/77, ed 1979",1
chron. unterbauchschmerzen,1
granulomatöse rosazea,1
hws-schulter-arm-syndrom rechts,1
"persistierende abdominelle beschwerden, a.e. ibs",1
"diabetes mellitus, typ ii, ed 2021",1
"hashimoto thyreoiditis, ed 2021",1
chronische müdigkeitssymptomatik,1
post-covid-19-zustand,1
trigeminusneuralgie v2 und v3 rechts,1
hemicrania continua rechts,1
chronische nierenerkrankung stad g4-5 a3 bei,1
4/1999 wegen morbus basedow,1
impingement-syndrom beidseits mit supraspinatustendinose bds.,1
hws/bws/lws-syndrom,1
femoropatellararthrose bds. mit patellasubluxation bds.,1
"z.n. mamma ca li. 8/2019, mit konsek. operation und radio",1
schulterbeschwerden links,1
"lymphödem der oberen extremität, stadium ii links",1
chronisch-venöse-insuffizienz beiderseits,1
heuschnupfen,1
rizarthrose links,1
- raynaud und calcinosis cutis der finger und knie,1
limitiert kutane systemische sklerodermie,1
- raynaud und calcinosis cutis der finger und der knie,1
ekzematöse dermatitis,1
"missempfindungen, am ehesten funktionelle störung",1
rezidivierenden bronchitiden,1
cervicocranialsyndrom,1
von haemophilus influenzae 03/2023,1
"psoriasis arthritis, ed 10/2016",1
psoriasis vulgaris seit dem 18. lebensjahr,1
(sekundärer) fibromyalgie-syndrom,1
chron. schmerzen im sakrococczygealbereich rechts,1
chron. knieschmerzen rechts,1
morbus forestier,1
neuropathie des n. trigeminus (v2 und v3) link,1
pci riva mit implantation 1 des 12/2017,1
handgelenkschmerzen rechts,1
kreuzschmerz,1
post-zoster-neuralgie,1
"gesichtsschmerzen rechts, am ehesten bei trigeminusneuralgie rechts",1
psychovegetativer erschöpfungssyndrom,1
schwindel und druck am linken ohr im rahmen des morbus meniére,1
"colitis ulcerosa, ed 2019",1
palpitation,1
dauerschmerz re. fuß,1
z.n. ask re. schulter 07.06.2019,1
muskulo/ skelettale thoraxschmerzen,1
hypotensive motilitätsstörung des tubulären ösophagus und des unteren ösophagus-sphinkters (uös),1
refluxösophagitis grad a (los angeles klassifikation),1
hüfteschmerzen beidseits,1
fersenschmerzen rechts,1
"z.n. mamma ca li., op 09/08 und 10/08, anschl. chemotherapie, radiatio",1
schnellender mittelfinger rechts,1
"morbus bechterew, ed 1988",1
trigeminusneuralgie v2/v3 links,1
"ro-ak, antiphospolipid-ak, komplementumsatz, ed 1989",1
sekundäres sjögren-syndrom,1
"iga-mangel, rezidivierende bronchitiden",1
morbus addison,1
refluxösophagitis grad ia,1
ws-muskelverspannungssyndrom,1
"seropositive rheumatoide arthritis, ed 2020",1
omarthrose links,1
m. scheuermann,1
"seronegtive anti-ccp/acpa-positive rheumatoide arthritis, ed 2019",1
chronisches schmerzsyndrom im chronifizierungsstadium ii,1
sensomotorische axonal betonte polyneuropathie,1
myofasziales schmerzsyndrom der beine und füße,1
stent-versorgung 02/2019,1
z.n. sm-implantation bei sick-sinus-syndrom mit synkope (01/2019),1
"z.n. mammacarcinom rechts, z.n. wide excision re. mamma 12/2020",1
"copd (copd 2, gruppe b, mmrc 2 punkte)",1
axonale polyneuropathie der beine nach churge-strauß-vaskulitis,1
chronische schmerzen flankenschmerzen recht,1
atherosklerotische zwei-gefäß-erkrankung,1
typ-2-diabetes mellitus,1
dosierung,1
"systemischer lupus erythematodes, ed 2014",1
hypothyreose bei z.n. thyreoidektomie 1993,1
"post-herpes-neuralgie, z. n. herpes zoster 6/2023 b02.2,",1
schwindel und diskrete koordinationsstörungen,1
hws-schmerzen,1
lyme-borreliose,1
chronisches schmerzsyndrom vom fibromyalgietyp,1
chronisch degeneratives hws-syndrom,1
(zeitpunkt unbekannt),1
"morbus crohn, ed 2002",1
antibiotika assoziierte diarrhoen dd ced,1
"systemischer lupus erythematodes, nicht näher bezeichnet",1
impingement-syndrom der rechten hüfte,1
achillodynie links,1
omarthrose grad 4 rechts,1
schmerzen in den extremitäten beckenregion und oberschenkel re.,1
"reizdarmsyndrom, diarrhoe-prädominant",1
unverträglichkeit von sorbit und lactose,1
radikulopathie zervikothorakalbereich linksseitig,1
radikulopathie lumbosakralbereich linksseitig,1
schmerzen in den extremitäten beckenregion und oberschenkel,1
schulter schmerzen bds.,1
"diabetes mellitus typ ii, diätetisch eingestellt",1
abdomenschmerzen,1
steißbeinschmerzen,1
rezidivierende lumbalgien,1
rückenschmerzen,1
komplexes regionales schmerzsyndrom typ i der unteren extremität,1
komplexes regionales schmerzsyndrom typ i der oberen extremität,1
spina bifida occulta,1
idiopathische verlängerung der qt-zeit (v.a. romano-ward-syndrom),1
"kiefergelenkschmerzen bds., z.n. kiefergelenkarthroplastik 2012",1
polyneuropathie der füße,1
"khk, z.n. ptca, 2xdes in lad 2018",1
osas,1
v.a. burning-mouth-syndrom,1
heberden-knoten mit arthropathie bds.,1
belastungsdyspnoe,1
psoriasiforme dermatitis,1
"lymph- und lipödem der unteren extremitäten, stadium ii i89.0,",1
migräne mit aura (gewöhnliche migräne),1
chron. verdauungsbeschwerden,1
lipödem – syndrom der beine und arme,1
ventrikuläre extrasystolen,1
chronischen kopfschmerzen,1
"hypothyreose, z.n. totale thyreoidektomie 2/2011",1
"pots, posturales tachykardiesyndrom",1
urticaria,1
fußsohleschmerzen,1
unklare beinschmerzen bds.,1
hypothyreose – z.n. hemithyreoidektomie 1995,1
"fibromyalgie, ed 01/2009",1
v.a. beginnende sensible polyneuropathie,1
hypothyreose unter substitution,1
"z.n. subretinaler massenblutung, netzhautinfarkt linkes auge 04/2009",1
nesselsucht seit 9/2020,1
multiple allergien,1
"syndrom polyzystischer ovarien, ed 10/2021",1
endometriose [z.n. hysterektomie 2009],1
monoklonale gammopathie [vom igga-lamda],1
allergische asthma bronchiale,1
v.a. primäres parkinson-syndrom mit deutlichen non,1
osteochondrose und spondylose der hws mit spinaler enge hwk5/6.,1
z.n. vzv-infektion schulter rechts 2016,1
neuropatische beschwerden,1
neuralgie,1
"lip-lymphödem der unteren extremität, stadium ii (typ reithosen)",1
obstruktives schlafapnoesyndrom (cpap maske seit 2018),1
migräne mit und ohne aura,1
sensible betonte polyneuropathie mit small-fibre beteiligung,1
koronare 3-gefäßerkrankung,1
pavk stadium i-ii,1
v.a. polyneuropathie bei bekanntem vitamin b12 mangel,1
mittelohrtubenbelüftungstörung bds.,1
spinal(kanal)stenose zervikalbereich,1
"spondylolisthesis lumbalbereich l3-l5, z.n. fixateur interne 2005",1
bws-syndrom mit myogelosen,1
intrinsisches asthma bronchiale,1
sonstige hypothyreose,1
zervikothorakales schmerzsyndrom mit muskulären verspannungen,1
v.a. atypisches parkinson-syndrom,1
chronische lws-beschwerden bei facetengelenksarthrose,1
axiale sacroileitis,1
"klarzelliges nierenkarzinom rechts, ed 10/2021",1
"erschöpfung, antriebslosigkeit",1
chronische schmerzen im linken unterbauch,1
divertikelkrankheit,1
"helicobacter pylori positive gastritis k29.7,",1
v.a. chronische glomerulonephritis/dd amyloidose/,1
"großen, unselektive glomerulärer proteinurie",1
mit hypalbuminämie,1
"mgus-igg-kappa, ed 02/2021",1
z.n. bursitis trochanterica re. hüfte,1
"asthma bronchiale, ed 2017",1
prämenstruelles syndrom,1
z.n. enzephalitis ohne erregernachweis 07/2018,1
"pst (ec, paclitaxel/carboplatin), bet u. slne re. 09/2020",1
symptomatische fokale strukturelle epilepsie,1
cerebrale mikroangiopathie,1
psoriasis vulgaris mit exudativer komponente,1
"axiale spondylarthritis mit peripherer beteiligung, em anfang 1994/95",1
v.a. benignes myalgie-faszikulationssyndrom,1
postlaminektomie-syndrom,1
"skoliose und spondylarthrose lwk5/swk s1 m47.9,",1
hashimoto-thyreoiditis mit hypothyreose,1
"chronische polyarthritis, acpa positive",1
periarthropathia humeroscapularis bds.,1
einzelne symptomatische atriale und ventrikuläre extrasystolen,1
des langsamen av-knoten leitungswegs am 15.06.2022.,1
fußekzem,1
hypothyreose bei z.n. teilthyreoidektomie,1
"rheumatoide arthritis, rf und acpa positiv, ed 1990",1
doppelbogige thorakolumbalskoliose,1
erschöpfung durch übermäßige anstrengung,1
"asthma bronchiale, cough variant, stressbedingtes asthma",1
"diffuse myofasziale beschwerden, muskuläre dysbalancen",1
hypomobilität der bws und hws,1
"kreuzschmerz, isg-syndrom",1
chron. neuropathischer schmerz im ausbreitungsgebiet des n. rad. superf. links,1
epicondylitis radialis humeri rechts,1
z.n. punktuellem kortikalen infarkten rechtshirnig 6/2020,1
chronische migräne mit und ohne aura,1
allergisches asthma,1
mit rezidivierenden synkopen,1
beginnende venöse insuffizienz,1
multilokuläres myofasziales schmerzsyndrom,1
"chronische nierenkrankheit, stadium iii",1
divertikulose,1
chronische cervicobrachialgie und –cephalgie,1
chronisch rezidivierende lumboischialgie,1
mit konsekutiver operation und radio-chemotherapie,1
bws-syndrom bei skoliose,1
lumboischialgie rechts bei osteochondrose,1
zervikobrachialgie bds. rechtsbetont bei osteochondrose,1
"palpitationen, z. n. supraventrikulärer tachykardie",1
obstruktive schlafapnoesyndrom,1
rheumatoide arthritis in prodromalphase (ed 2021) (anti-ccp pos.),1
zerebrale mikroangiopathie mit beteiligung des hirnstamms,1
störung von gang und mobilität mit erhöhter sturzneigung,1
"v.a. essentieller tremor, ed 05/2024",1
ptca/stenting 1x des mediale lad 19.01.2023,1
arterielle hypetonie,1
strumpfförmige hypästhesie und parästhesien,1
sensible ataxie,1
polytope schmerzen,1
hyperhidrosis,1
mundtrockenheit,1
synovitis und tendosynovitis bds.,1
tinnitus links,1
neuropathischem schmerzsyndrom der füße bds.,1
muskelschmerzen der oberen extremitäten,1
rezidivierenden pyelonephritiden 12/2011.,1
myofasziales schmerzsyndrom im schulter-nackenbereich,1
schmerzen im linken arm,1
hypothyreose bei,1
leichtgradiges obstruktives schlafapnoesyndrom,1
chronisch inflammatorisch demyelinisierende polyneuropathie (cidp),1
"(geruchverlust, gedächtnisstörungen)",1
primärer hyperaldosteronismus,1
sonstige abnorme hörempfindungen,1
lymphödem,1
"z.n. mamma ca li. 2020, mit konsek. operation und radio-chemotherapie",1
achillessehnenschmerzen,1
fußschmerzen,1
hypothyreose bei z.n. schilddrüsenresektion 1996,1
chron. atypische gesichtsschmerzen rechtsseitig,1
"bws/lws-syndrom bei alten, osteoporotischen lwk 1,3 und 4 frakturen m54.85,",1
wechseljahresbeschwerden,1
"gonarthrose bds., rechts mehr als links",1
"steatosis hepatis, ed 10/2014",1
chronisches degeneratives hws-syndrom,1
"morbus crohn, ed 2017",1
extremitäten links > rechts,1
bei bsv l4/5 links mit wurzelkompression l5,1
small-fiber-neuropathie,1
"dorsalgien der hws-, bws und lws",1
chronische migräne mit aura,1
rezidivierendes hws-syndrom mit zervikobrachialgien,1
z.n. enzephalitis unklarer genese 07/2022,1
"obstruktive schlafapnoe syndrom, cpap-therapie",1
mykoplamen 01/2022,1
"neuralgie und neuritis, nicht näher bezeichnete lokalisation",1
mononeuritis multiplex,1
unwohlsein und ermüdung,1
"unter- und oberschenkelschmerzen re. m79.65,",1
z.n. borreliose 8/2017,1
"(doxetacetal, cyclophosphamid)",1
z.n. resektion eines invasiv lobulären mamma-ca rechts 06/2013,1
"koronare 1-gefäß-erkrankung, z.n. des-pci des riva 07/2012",1
trigeminusneuralgie v3 rechts,1
autoimmunpankreatitis,1
lws-/isg-beschwerden,1
"medialdeviation d2-4 bds., rechts mit bildung einer krallenzehe d2",1
z. n. bandscheibenvorfall-op l4/l5 2011,1
"pruritis vulvae, rez. hautrötung",1
"symmetrische polyarthritis, ed 2015",1
chronische niereninsuffizienz stadium iii,1
"z.n. mamma-ca links, ed 03/2022",1
"sensibilitätsstörungen, missempfindungen der haut",1
chronische pansinusitis mit anosmie,1
"polyposis nasi, z. n. zweimaliger polypektomie (1996/2003)",1
chron. pakreatitis,1
"khk, z.n. stentimplantation im 03/2022",1
"polyneuropathie, em 2018",1
fußbeschwerden bds.,1
nackenschmerzen,1
rückenschmerzen sakral- und sakrokokzygealbereich,1
mehrfache nahrungsmittelunverträglichkeiten,1
chronische lumbalgie bei z. n. bandscheiben-op l4/l5,1
hochgradig eingeschränkter lv-pumpfunktion (ef 25-30%) 11/2019,1
"inlexa 3 hf-t qp, (biotronik) 12/2019",1
retsless-legs syndrom,1
chron. sakroischialgie,1
chron. schmerz im bereich des trochant. major re.,1
chron. schulterschmerzen re.,1
chronisches schmerzsyndrom im bereich der vulva und leiste rechts bei,1
myofsziales schmerzsyndrom,1
uncharakteristische muskelschmerzen,1
"periphere spondylarthritis, hla b27 negativ",1
spannungs-cephalgien,1
z.n. op eines tarsaltunnelsyndroms links am 24.06.2022 mit persistierenden hyposensibilität.,1
"lipödem typ ii, stadium i",1
bei carcinom (april 2015),1
sonstige intestinale malabsorption,1
anfallsweise auftretender schmerz unter dem linken rippenbogen,1
rückenschmerzen mehrere lokalisationen der wirbelsäule,1
trigeminusneuropathie v1 bis v3 links,1
dd anhaltende idiopatischer gesichtsschmerz,1
rezidivierende lumboischialgien li.,1
chronische zervikobrachialgie links,1
omalgie beiderseits,1
impingement syndrom der schulter re.,1
achillodynie,1
beinschmerzen links,1
rezidivierende herpeskeratis links,1
"glaukom, sekundär links",1
lumboischialgien,1
rechts,1
des rechten beins > rechten arms,1
prurigo simplex,1
thoraxwandsyndrom links nach rippenfraktur,1
"psoriasis arthritis, ed 10/2014",1
psoriasis der haut seit mehreren jahren,1
bekannter endometriose und verwachsungsbauch,1
intraspinaler kompression würzel l5 re u.bedräng l4 re,1
gonalgie re > li,1
sensomotorische axonale polyneuropathie mit sensibler ataxie,1
schulterschmerzen,1
handgelenk schmerzen links,1
hereditäre hämochromatose,1
pemphigus vulgaris,1
lichen ruber planus oralis,1
hypothyreose nach strumektomie,1
polymyalgia rheumatika,1
epikondylitis humeri radialis bds.,1
"seronegative rheumatoide arthritis, ed 2016",1
"colitis ulcerosa, ed",1
"rheumatoide arthritis, rf und acpa positiv, ed 4/2017",1
schmerzen in den armen und beinen,1
hypothyreose bei z. n. thyreoidektomie (2009),1
chronische epicondylitis humeri radialis bds.,1
chronische epicondylitis humeri ulnaris bds.,1
"gonarthrose, beidseitig",1
beinschmerzen unklarer ursache,1
multifaktorielle gangstörung,1
vorhofflimmern,1
trigeminusneuralgie des 2. astes links,1
varusgonarthrose links,1
z.n. knie tep links 03/2022,1
endometriose mit multiplen operativen eingriffen,1
"lipödem beider beine, stadium ii",1
chronische spontane urticaria mit angioödem (gesicht),1
psoriasis,1
chronische (komplizierte) migräne,1
refluxösophagitis la grad b,1
z.n. polytraumas am 30.05.2019,1
chronische ein- und durchschlafstörungen,1
chronischer tinnitus aurium,1
hws-syndrom mit z.n. commotio cerebri 2/2020,1
erythromelalgie füße,1
"rheumatoide arthritis, ed 2019",1
linkskonvex lumbal 65°,1
chronische-obstruktive bronchitis,1
neuropathie mit neigung zu druckparesen,1
vorbekannter linksschenkelblock,1
myalgien,1
ganzkörperschmerzen und missempfindungen mit,1
"sonstige overlap-syndrome (r-arthritis, sjögren-s-. arthritis psoriatica)",1
schulter-nacken-syndrom,1
lipödem- syndrom bds.,1
muskelschwäche,1
allergische rhinokonjunktivitis,1
z.n. hüft-tep links 04.12.2019,1
gelenk- und gliedeschmerzen.,1
sicca-syndrom mit rez. keratokonjunktivitis sicca,1
oberbauchschmerzen,1
unklarer ätiologie,1
"schmerzen in den extremitäten, knöcheln und füßen",1
chronische schmerzkrankheit,1
bei neuropathie der akren,1
bei multipler sklerose mit schubförmig inkomplett reversiblem verlauf,1
und chronischem müdigkeitssyndrom,1
biliäre zirrhose,1
"colitis ulcerosa, ed 4/2021",1
bioptisch gesichert 03/2019,1
chronisches hws-lws-syndrom,1
facettensyndrom links lwk 3/4 und lwk 5,1
damensattelgelenksarthrose bds.,1
"erosive, ccp-ak positive rheumatoide arthritis, em 10/2016, ed 12/2016",1
z.n. fünfmaliger lws-op mit zuletzt laminektomie 1985 und,1
in kombination mit klinisch fassbarer rechtskonvexer-skoliose und,1
z.n. deckplattenimpfessionsfraktur lwk1 1/2023,1
rippenschmerzen bei z.n. rippenfraktur rechts t4 bis 7 mit ausgeprägt.,1
omarthrose,1
hypothyreose bei z.n. schilddrüsen-op 1978,1
sturzneigung,1
spannungskopfscherzen,1
"rheumatoide arthritis, rf und acpa positiv, ed 12/2016",1
reizdarm-syndrom,1
chronische bauchschmerzen,1
post-zoster-neuralgie nach g53.0 +,1
"seropositive rheumatoide arthritis, ed 02/2003",1
koronare 3-gefäßerkrankungen,1
"asthma bronchiale, gemischtförmig",1
"osteoprose, ed 2003",1
systemische sklerose,1
sklerodaktylie,1
hypotonie,1
z. n. bösartige neubildung: brustdrüse links,1
rez. cervicocephalobrachialgien,1
rez. gonalgien links,1
hüftbeschwerden rechtsbetont bei dysplasiecoxarthrose,1
chron. zervikobrachialgien,1
"sinusrhythmus, noak mit xarelto",1
chronische schmerzen in der blase und massiver harndrang,1
"z.n. mamma-ca., op 09/2017",1
seropositive rheumatische polyarthritis,1
cppd-arthritis (pseudogicht) mit chondrocalcinose. ed 12/2020,1
bisher diagnostiziertes pathologisch-anatomisches korrelat,1
degeneratives hws-lws-syndrom,1
mediale und retropatellare gonarthrose bds,1
hüftenschmerzen rechts,1
trigeminus neuralgie rechts,1
"post-herpes-neuralgie, z. n. herpes zoster l2/3 rechts9/2020 b02.2,",1
degenerativen veränderungen und spinalkanalstenose l3 l5,1
achillodynie rechts,1
allergisch-eosinophiles asthma bronchiale,1
dyshidrotisches handekzem bei v.a. atopie,1
ß-thalassämie,1
beta thalassämie,1
sekundärer spinalkanalstenose lwk4/5,1
diagnostiziertes pathologisch-anatomischer korrelat,1
degen. hws-lws-syndrom,1
zervikobrachialgie links,1
sprunggelenkschmerzen links,1
knieschmerzen li,1
chronische migräne ohne aura,1
"obstruktives schlafapnoe-syndrom, ed 9/2022",1
hahimoto thyreoiditis,1
hyperhomocysteinämie,1
"wirbelgelenksarthrosen, besonders l 4/5",1
hypogammaglobulinämie für igg mit igg-subklassenmangel,1
posttraumatische schmerzen im sacrococczygealbereich,1
"trigeminusneuralgie v2, v3 links",1
glaukom,1
"v.a. tendinitis tibialis posterior, beidseitig",1
"senk-spreizfuß, beidseitig",1
v.a. cranio-mandibuläre dysfunktion,1
"lupus erythematodes (systemisch), ed 2002",1
mit nachfolgender facialisparese li.,1
"systemische sklerose, ed 6/2021",1
zervikale dystonie,1
überaktive harnblase,1
colitis ulcerosa seit 40 jahren,1
thalamus-syndrom bei,1
z. n. mediainfarkt rechts 10/2012 bei angeborenem herz-klappenfehler,1
"gonarthrose rechts, knie-tep linksseitig 2016",1
z.n. ptca mit stentimplantation 2016,1
hws,1
dorsalgien im lws-bereich bei skoliose,1
bronchiale hyperreagibilität mit reizhusten,1
sodbrennen,1
knieschmerzen link,1
psoriasisformes ekzem,1
des bindegewebes,1
„knochenschmerzen“,1
z.n. apoplex 2010 ohne signifikante ausfälle,1
"copd gold i, z.n. nikotinkonsum (ca. 25 py)",1
epikondilitis humeri radialis bds.,1
"rheumatoide arthritis, ed 2008",1
"hashimoto-thyreoiditis, ed 2009",1
trigeminus neuralgie,1
wegener-granulomatose (ed 1996) mit glomerulonephritis,1
chronische polyarthritis bei m. wegener,1
gonarthrose rechts,1
small fibre polyneuropathie,1
sekundäres restless-legs-syndrom,1
"undifferenzierte kollagenose, ana positiv, ena negativ",1
polytope muskuloskeletale und weichteilschmerzen,1
neurogene schmerzen der unteren extremitäten nach myelopathie,1
arthrofibrose re. kniegelenk bei z.n. tep mit folge ops,1
"multilokuläre schmerzen (unter. rücken, hände, schultern) bei überlastung",1
"z.n. mamma ca li. 6/2019, mit konsek. operation und radio-chemother.",1
wechseljahrsbeschwerden,1
belastungsinkontinenz,1
bullöses pemphigoid,1
hypertropher lichen ruber an unterschenkel bds.,1
ösophaguskarzinom 2010,1
"copd gold 2, gruppe b",1
zervikocephales,1
"morbus meniére rechts, ed 06/2021",1
mittel- bis hochgradige schallempfindungsschwerhörigkeit links,1
persistierender postural-perzeptiver schwindel,1
superfizielle u. tiefe perivaskuläre lymphozytäre dermatitis,1
migraine mit aura,1
z.n. hemilaminektomie l5/s1 re 1/2000,1
z.n. cage c5/c6 und c6/c7 1/2011,1
gesicherte lockerung tibiaplateau,1
polneuropathie,1
intervention 06/2020 mit implantation von 2 des.,1
kardiomyopathie unklarer ursache mit ef 35-45 %,1
"koronare dreigefäßerkrankung mit mittelgradigen stenosen, hku 5/2022",1
"aa bei vorhofflimmern, ed 4/14",1
"fazialer hemispasmus links, em 2017",1
zervikobrachialgien bds.,1
axonale sensomotorische polyneuropathie,1
lumbalsyndrom bei spinalkanalstenose auf höhe lwk 3/4 und 4/5,1
polyneuropathie der beine bds. mit fußhebeparese rechts,1
schmerzen in beiden händen,1
zervikozephalessyndrom mit funktionseinschränkung der hws bei,1
- npp c5/6 mit foramenstenose c6 rechts,1
impingement-syndrom der rechten schulter bei,1
v.a. acg-arthrose rechts,1
genito-femoralis und des n. ilioinquinalis liknks.,1
knie schmerzen bds. bei z.n. mehrfachen knie-ask bds.,1
v.a. psoriasis arthritis,1
diastolischer dysfunktion,1
koronarsklerose ohne signifikante stenosen,1
chronische-degeneratives ws-syndrom,1
- schwergradiger armbetonter spastischer hemiparese links,1
- homonymer hemianopsie und rest-neglect nach links,1
- dysarthrie,1
carotis-artriosklerose ohne hämodynamische störung,1
"diabetes mellitus, typ 2 mit nierenkomplikationen",1
vitamin d3-mangel,1
vitamin b12-mangel,1
daumensattelgelenksschmerzen links,1
z. n. osteolyse-ops im bereich unter- und oberkiefer,1
knieschmerzen rechtsbetont,1
schnellender mittel- und zeigefinger rechts,1
lactoseunverträglichkeit,1
"seropositive chronische polyarthritis, ed 1996",1
z.n. mehrfacher lungenembolie 2013 bis 2020,1
"protein s-mangel, ed 06/2014",1
orale antikoagulation mit edoxaban,1
"hörsturz rechts, em 06/2023",1
"tinnitus aurium rechts, em 06/2023",1
"persistierendes vorhofflimmern, antikoagulation mit edoxaban",1
eingefäß-khk,1
hws-lws-syndrom,1
z.n. schwindelbedingten sturzes im rahmen eines neuen,1
z.n. sturz vom baum am 04.03.2025 mit,1
"multiple sklerose, ed 2000",1
rektusdiastase,1
"morbus meniére rechts, ed 8/2023",1
gicht,1
multilokuläre muskelschmerzen,1
"degeneratives hws-syndrom, bsp hwk 5/6 (06/2021)",1
impingement-syndrom der linken schulter 06/2021,1
bursitis im schulterbereich links,1
gangunsicherheit,1
myalgie an mehreren lokalisationen v.a. schulter rechts und lws,1
chron. rückenschmerz ohne ischialgie,1
osteochondrose der wirbelsäule zervikalbereich zwischen c3/c4 bis c6/7,1
lws-syndrom bei protrusionen in l4/5 und l5/ s1,1
v.a. rheumatoide arthritis,1
omalgien links,1
grundzehengelenk schmerzen rechts,1
"polyneuropathie, ed 2017",1
fußschmerzen beidseits,1
"neuropatische beschwerden der füße, a.e. bei morton-metatarsalgie bds.",1
tremor re. hand,1
"morbus parkinson, ed 09/2020, stadium nach hoehn & yahr 1,0",1
feinmotorikstörung links,1
hyposmie,1
rem-schlafstörung,1
zerebrale mikroangiopathie,1
belastungsabhängige schmerzen beide knie bei,1
restless legs-syndrom,1
chronische unterbachschmerzen,1
zervikocephalessyndrom,1
"primär progrediente multiple sklerose (em ca. 2022, ed 01/2024)",1
bein und sensibel betonte polyneuropathie,1
gelenkschmerzen füße,1
fibromylgie,1
spondylitis hyperostotica (forestier-ott) zervikothorakalbereich,1
hashimoto thyreoiditits,1
kopf- und gesichtsschmerzen,1
supraspinatustendinose mit bursaseitiger partialruptur links,1
akromioklavikulargelenkarthrose,1
schmerzen mi hitzegefühl beider hände,1
"polyneuropathie, em 03/2020, ed 06/2020",1
"chronische multifokale osteomyelitis mit mehrere lokalisationen, em 04/18",1
ganzkörperschmerzen rechts,1
essentiellen tremor,1
"ulnare epikondylopathie bds., rechts mehr als links",1
gonarthrose 4. grades bei z. n. meniskus-op 2004,1
craniomandibuläre dysfunktion rechts betont,1
"osteochondrose der wirbelsäule: lumbosakralbereich, prolaps l4/l5",1
lws-bws-syndrom,1
- z.n. nstemi mit ptca und des-implantation in rms 01/2013,1
dyslipidämie,1
bauchschmerzen bei z. n. perforierter appendizitis und ileus-op,1
intermittierende thoraxschmerzen,1
"- lupus nephritis (klasse iv und v, nierenbiopsie vom 07.06.2024)",1
neprotisches syndrom,1
genese ed 06/2021,1
ösophagusvarizen grad i bis ii 07/2021,1
portal-hypertensive gastropathie,1
v.a. short-segment-barett-‚ ösophagus 07/2021,1
ganzkörperschmerzen links,1
"chronische schmerzen, und taubheit distal us + fuß rechts, radikulär. l5",1
großzehen- und fußhebeparese rechtsbetont,1
harninkontinenz neurogen,1
"arthritis, nicht näher bezeichnet, an nicht näher bezeichneten",1
chronisches schmerzsyndrom des bewegungssystems,1
flankenschmerzen rechts,1
fußschmerzen link,1
klimakterisches syndrom (wechseljahresbeschwerden),1
"systemischer lupus erythematodes, ed 2007",1
spondylarthrose l3-s1,1
chondrose l5/s1,1
kopfschmerzsyndrom links,1
"z.n. mamma ca rechst, 01/2021",1
atypische trigeminusneuralgie rechts,1
muskelschmerzen in den beinen,1
handgelenkschmerzen links,1
hautparästhesien beide füße re. > li.,1
fingergelenksarthrosen bds.,1
schultergelenksarthrose bds. re. > li.,1
"seropositive ccp-positive rheumatoide arthritis, ed 1989",1
chronisches müdugkeitssyndrom,1
inzidenteller mrt-befund vom 07/2023,1
"paroxysmales vorhofflimmern, ed 11/2024,",1
- z. n. rotatorenmanschettenrekonstruktion rechts am 11.10.2021,1
"diabetes mellitus, typ 1, ed 01/1970 mit insulinpumpetherapie",1
im bereich der hand- und fußgrundgelenke sowie sonnengeflecht,1
spondylolyse und ventraler spondylolisthese lwk 5/swk 1,1
schmerzen im bereich der bws nach bwk-12-fraktur 2004,1
essenzieller tremor der hände,1
v. a. restless-legs-syndrom,1
zervikalsyndrom,1
pci mit des-stenting in acd 06/2021,1
nächtlichen muskelkrämpfen in den unteren extremitäten,1
anfallsweise auftretendes wärmegefühl mit schwitzen,1
zervikobrachial-syndrom links,1
zervikalneuralgie links,1
rez. schmerzen linke obere körperhälfte,1
schmerzen und bewegungseinschränkungen an der gesamten wirbelsäule,1
schmerzen in der linken mittelfinger,1
des rechten unterarms,1
pruritus am kopf,1
"colitis ulcerosa, ed 2021",1
chronisches schmerzsyndrom im kleinen becken mit harn- und partieller stuhlinkontinenz.,1
chronisches schmerzsyndrom im bereich der rechten hand bei rezidivierender dupuytren’scher kontraktur,1
schulter-arm-syndrom li.,1
hws-syndrom bei osteochondrose hwk5/6,1
hws-muskelverspannungen,1
beidseitige gluteale schmerzen,1
scherzen in den beinen,1
obstruktives schlafapnoe-syndrom mittleren schweregrades (ahi 20/h),1
magenentleerungsstörung,1
chronische übelkeit,1
paraösophageale hernie,1
"seroneg. anti-ccp-neg. rheumatoide arthritis, ed 07/2020",1
sekundäres fibromyalgiesyndrom,1
diabetes mellitus typ ii (insulinpflichtig),1
kniebeschwerden links,1
polyzythämia vera,1
bandscheibenvorfall l5/s1,1
"idiopathisches parkinson-syndrom vom tremordominanztyp, ed 2020",1
"polymyalgia rheumatica, ed 08/2006",1
fingerpolyarthrose vom heberden-typ,1
manifeste osteoporose bei z.n. pathologischer rippenfraktur,1
epicondylitis radialis humeri bds.,1
thoraxschmerzen,1
des bewegungsapparates,1
z.n. herzschrittmacherimplantation bei sick sinus syndrom 2009,1
arthralgie,1
skoliose,1
coxarthrose grad i,1
v.a. paroxysmaler lageschwindel,1
rezidivierende oberbauchschmerzen,1
"axiale spondylarthritis, ed 2020, em 2018",1
divertikulose und z.n. divertikulitis,1
chronische frontalsinusitis,1
"crowned-dens-syndrom, ed 11/2017",1
"allergisches asthma bronchiale, ed 06/2015",1
glutenunverträglichkeit,1
lymphödem oberen und unteren extremitäten,1
"colitis ulcerosa, ed 2007",1
"sjögren syndrom em 2017, ed 2022",1
progressive systemische sklerose,1
gelenkschmerz schultergelenk rechts,1
leichtgradige mitralklappeninsuffizienz,1
multiple allergien/ histaminintoleranz,1
hämorrhoiden 3. grades,1
chronisches myofasziales hws-bws-syndrom,1
okzipitalneuralgie,1
chronische urtikaria mit angioödem,1
mischformen der asthma bronchiale,1
chronisches mügigkeitssyndrom,1
eosinophiles asthma bronchiale,1
"sekundäre thrombophilie bei erhöhter faktor-viii-aktivität, dauerhafte antikoagulationstherapie mit xarelto® (rivaroxaban)",1
chronisches schmerzsyndrom mit beidseitigen unterschenkelschmerzen,1
"z.n. malignom, bronchien und lunge, z.n. op 2024",1
chronisches fatigue-syndrom (me/cfs),1
"crohn-krankheit, ed 2012",1
entzündlicher zustand der kiefer,1
"lipödem der oberen und unteren extremität, stadium ii",1
niereninsuffizienz stadium ckd g2-3a/a1 mit,1
glossopharyngeusneuralgie links,1
"multiple schmerzen nach verletzungen, zuletzt sturz auf den kopf 9/2019",1
"cidp mit paraprotein (mgus igg-kappa), ed 2018",1
ls wurzelaffektion,1
lumbosacraler spondylolisthese und aktiviertem facettenreizzustand,1
mit relativer spinalstenose,1
polyarthralgien und -myalgien,1
hyperkeratotisch- rhagadiformem hand- und fußekzem,1
multifokale motorische neuropathie unter immunglobulintherapie,1
hypothyreose nach thyreoidektomie,1
"colitis ulcerosa, ed 1994",1
pityriasis rubra pilaris,1
erniedrigte erytemschwelle im uvb-spektrum (erytem ab 33 mj/cm2),1
aortenaneurysma typ b,1
"morbus crohn, ed 1995",1
"psoriasis-arthropathie l40.5,",1
psoriasis pustulosa plantaris bds. und fußsohle links,1
rezidivierende myokarditiden,1
extrasystolie,1
"colitis ulcerosa, ed 03/2019",1
schmerzen im bereich des oberbauches,1
z. n. reizdarmsyndrom nach reisediarrhoe,1
"colitis ulcerosa, ed 1978",1
"koronare eingefäßerkrankung, z.n. nstemi mit pci und stent der lad 10/2005",1
unklare muskelschmerzen,1
zervikobrachial-syndrom bei z. n. bsv c5/6,1
knochennekrose des talus rechts,1
gelenkschmerz osg rechts,1
lws-syndrom bei bek. bsv l4/5,1
z.n. clostridien-enteritis 01/2022,1
chronische kopfschmerz und schwindelsymptomatik,1
neurofibromatose typ i,1
rückenschmerzen lumbalbereich,1
hörverlust,1
"distal symmetrische polyneuropathie, ed 2017",1
bipolare affektive störung,1
"morbus parkinson ed 2014, tremordominant",1
"hypopituitarismus, z.n. operativ. entfernung eines hypophysentumors 2011.",1
"colitis ulcerosa, ed 03/2020",1
impinngement syndrom schulter rechts,1
lumboischialgie links,1
bandscheibendegenerationen in den etagen l4/5 und l5/s1,1
schmerzen lateralen kniebereich li.,1
schlaf-apnoe,1
lumboischialgie s1 rechts bei bandscheibenvorfall l4/5 re.,1
zervicobrachialsyndrom rechts,1
"gemischte sensibel betonte polyneuropathie der beine, beiderseits",1
"diabetes mellitus, typ ii b, ed ca. 2000",1
substituirte hypothyreose nach strumektomie,1
paroxysmaler schwindel,1
prurigiformes/nummuläres ekzem,1
beinschmerzen,1
koronare-1-gefäß-erkrankunq (ef > 60%) mit,1
lnsulipflichtiger diabetes mellitus typ 2,1
"morbus crohn, ed 10/2011",1
mikrozytäre hypochrome anämie,1
intrazerebrale blutung rechts temporo-parietal 02/2012,1
spastische hemiparese links,1
"z.n. ptca/stenting (des) des riva, rcx 2014,2015",1
kniebeschwerden beidseits,1
"hypothyreose, z.n. hemithyreoidektomie links 8/2011",1
"4-fach stent-implantation, zuletzt 2014, gute lvf",1
oberschenkel-oberarmmuskelnschmerzen,1
seronegative chronische polyarthritis,1
"diabetes mellitus, typ 2, orale therapie",1
hüftschmerzen rechtbetont,1
hochgradigen stenose des riva med. und prox. 5/2020,1
"sigmadivertikulose, z.n. sigmadivertikulitis 06/2019",1
chronische schmerzen bei atypischem gesichtsschmerz,1
coxarthrose bds. bei hüftdysplasierechts,1
leistenschmerzen bds.,1
handgelenksarthrose bds.,1
karpaltunnetsyndrom bds.,1
"erosivem verlauf rf-/ccp-ak-/ana-positiv, hla-b27 negativ",1
hochgradige spinalkanalstenose l3/4,1
claudicatio radikularis,1
z.n. bandscheibenoperation lwk4/5 re.,1
fußheberparese rechts,1
autosomal dominanter polyzystischer nierenerkrankung,1
renale tubuläre acidose,1
hypomagnesiämie,1
hyperkaliämie,1
hyperphosphatämie,1
renale anämie,1
peritonealdialyse,1
chron. isg-reizsyndrom rechts,1
massive osteochondrose l5/s1,1
schlafapnoe syndrom mit cpap behandelt,1
polyneuropathie-syndrom der füße,1
xerostomie bei glandulärer atrophie gll. parotides bds.,1
hws-syndrom m54.82 lws-syndrom,1
occipitalis-minor-neuralgie links,1
neuroborreliose mit peripheres fazialisparese links,1
chronische lumbalgien,1
"sekundäre nebennierenrindeninsuffizienz, unklarer genese",1
unter schilddrüsenhormonsubstituion,1
bursitis trochanterica links,1
z.n. hüft tep amis 25.01.2018 rechts,1
syndrom der unruhigen beine (rls),1
urtikaria,1
morbus darier,1
"koronare 3-gefäßerkrankung, z.n. stent behandlung 8/2018",1
übermäßige schwitzen,1
dyspnoe bei belastung,1
stattgehabte covid-19-infektion 4/2021,1
bandscheibenvorfall lwk5/swk1,1
"kolonkarzinom, ed 5/2019",1
gemischtes schlafapnoe-syndrom,1
adipositas grad 2,1
"morbus meniére rechts, ed 2/2018",1
"schlafapnoesyndrom, ed 9/2013",1
chron. kalzifizierende pankreatitis,1
"colitis ulcerosa, ed 2010",1
psoriasisarthritis,1
gelenkschmerzen an mehreren lokalisationen,1
allerg. asthma bronchiale,1
mikroskopische lymphozytäre proktokolitis,1
anhaltende schmerzen im bereich der rechten gesichtshälfte bei,1
der rechten kieferhöhle 3/2012,1
z. n. mehreren op`s bei z. n. fersenbeinfraktur 1994,1
rosazea-artige akneiforme follikulitis,1
rezidivierenden pulpitiden,1
hüftenbeschwerden bds.,1
"migräne mit und ohne aura g43.1,",1
chron. spannungskopfschmerz,1
polyneuropathie mit gangataxie,1
cerebelläre atrophie,1
cerebrale microangiopathie,1
"polyserositis a. e. autoinflammatorischer genese, em 9/2015, ed 8/2017",1
intermittierende niereninsuffizienz stadium i nach kdigo,1
sensomotorische axonale polyneuropathie dd paraneoplastisch assoziert,1
cervicogener kopfschmerz,1
tinitus aurium links,1
"axonale-demyelinisierende polyneuropathie, ed 1995",1
subtotaler resektion links 7/2019,1
chronische lumboglutealgie sowie lumboischialgie rechtsseitig mit,1
chronische myofasziale schmerzen rechts bei,1
ellenbogenschmerzen rechts,1
khk mit z.n. 2-maliger stentimplantation (2005),1
chronische gonalgie rechts,1
schwindel und taumel,1
diabetes mellitus typ 1,1
vestibuläre migräne,1
pseudoradikuläres lumbales schmerzsyndrom links,1
schmerzen beider füße,1
"sensomotorische demyelisierende polyneuropathie, (ed 2010)",1
z.n. traumatischer schulterluxation links mit,1
"khk, z.n. stentimplantation im 2020",1
z.n. apoplex 2007 und 2016,1
bws-lws-syndrom,1
morbus ormond ed 03/2015,1
"khk, z.n. akuter vorderwandinfarkt, stent-ptca am 11.10.2018",1
chronische niereninsuffizienz stadium 2-3,1
hyperthyreose (unter thyreostatische therapie),1
impinngement syndrom schulter links,1
karpaltunelsyndrom li,1
lumboischialgie beidseits,1
"initial, nicht-invasives papilläres urothelkarzinom (pta, low-grade (g1)",1
z.n. polytrauma am 02.11.2011,1
posttraumatische belastungsstörung,1
chronische schmerzstörung mit somatischen und psychischen faktoren,1
"rezidivierende depressive störung, ggw. mittelgradige episode",1
"colitis ulcerosa, ed 2012",1
chronische niereninsuffizienz (std. ii),1
ganzkörperschmerz,1
chronisch degeneratives wirbelsäulensyndrom,1
hüftschmerzen bds.,1
"morbus crohn, ed 2015",1
pruritus,1
dorsalgie bei chronischem bws- und lws-syndrom,1
sensibilitätsstörung der oberen und unteren extremitäten,1
"obstruktives schlafapnoesyndrom, ed 2009",1
"z.n. rektum-karzinom, ed 2000 und rezidiv 2007",1
polyneropathie,1
"lambda, ed 10/11",1
bandscheibenvorfall l5/s1 rechts mit sensiblem syndrom,1
"m. scheuermann, ed 2004",1
"pancolitis ulcerosa, ed 05/2013",1
"spondylolisthesis l4/5, grad i (meyerding)",1
hypothyreose bei z.n. thyreoidektomie 2015,1
chron. lumboischialgie links bei bandscheibenvorfall lwk 4/5 mit,1
lymphödem unterschenkel rechts,1
copd gold-stadium 1,1
"obstruktives schlafapnoesyndrom, cpap-versorgung",1
"colitis ulcerosa, ed 10/2018",1
blasenspeicherstörung im rahmen von erhöhten restharnmengen,1
z.n. mehrfachen operationen im segment l5/s1,1
trigeminusneuralgie v2 links,1
hypothyreose bei z.n. thyreoidektomie 2005,1
"rheumatoide arthritis, rf negativ, acpa hoch positiv, ed 2017",1
beginnende pangonarthrose,1
hallux rigisdus bds.,1
belastungsabhängige kniebeschwerden bds.,1
polyneuropathie i.r. einer,1
igm-kappa-gammopathie,1
chronisches schmerzsyndrom nach symphysensprengung,1
sakrale schmerzen unklarer genese,1
kopfschmerz vom spannungstyp,1
"z.n. mammakarzinom, op mastektomie rechts, chemotherapie 2020",1
- dystal-symetrische polyneuropathie,1
covid-19-impfstoff,1
urothelkarzinom des rechten harnleiters 08/2018,1
niereninsuffizienz,1
z.n. reaktiver arthritis,1
sensomotorische axonale polyneuropathie unklarer ätiologie (em 1990),1
beginnender coxarthrose,1
bursitis trochanterica mit tendopathie des m. tensor fasciae latae bds.,1
v.a. kälteagglutinin-erkrankung,1
- nach infektion mit mycoplasma pneumoniae,1
"diarrhoe, verdauungsstörung",1
"gelenkbeteiligung, schwerpunktmäßig hände",1
koronarherzkrankheit,1
diffuse abdominale beschwerden,1
"diabetes mellitus, typ ii",1
z.n. myokardinfarkt 2012,1
failed-back-surgery-syndrom,1
wirbelsäle syndrom,1
coxarthrose beidseits,1
essentielle thrombozythämie jak 2-v617f-mutation,1
chronische spannungskopfschmerzen,1
assoziation mit cluster kopfschmerzen,1
myofasziales schmerzsyndrom der schlulter- und nacken,1
rez. polychondritis,1
"diabetes mellitus typ ii, steroidinduziert",1
nebenniereninsuffizienz,1
infektgetriggertes asthma bronchiale,1
"sjögren-syndrom ohne relevante organbeteiligung, ed 07/2020",1
polyarthragien,1
hypothyreose bei z.n. hashimoto thyreoiditis,1
sigmadivertikulose,1
"morbus crohn, ed 2005",1
pyoderma gangrenosum li. vorfuß medial,1
neuralgie der flanken/ rücken ed 7/19,1
"z. n. not-op wegen darmperforation, sepsis n. gyn. eingriff 12/2018, narbenherniotomie-op 5/2019",1
chron. abdominelle schmerzen und flankenschmerzen bds.,1
z. n. dünndarmsegmentresektion 12/2018,1
psoriasis-arthropathie,1
-arthritis mehrere lokalisationen,1
hypothyreose nach subtotaler thyreoidektomie,1
chronische müdigkeitssyndrom,1
"fibromyalgie, ed 2011",1
periodische beinbewegungen,1
v.a. nahrungsmittelunverträglichkeit,1
"sensible und axonal betonte polyneuropathie, ed 8/2013",1
zervikobrachial syndrom links,1
chronische niereninsuffizienz stadium ii,1
"paroxysmales vorhofflimmern, ed 7/2016, antikoagulantientherapie",1
chronischer schmerz der rechten bein,1
paroxismales vorhofflimmern mit oak,1
kopfschmerz-symptomatik,1
steatosis hepatis,1
nach traumatischer hwk 6/7 fraktur,1
intermittier. belastungsabh. schmerz im interdigitalraum i/ii li fuß,1
episodischer spannungskopfschmerz,1
bewegungsabhängige knieschmerzen links,1
chron hws-syndrom mit cervicobrachialgie links bei bsp c 5/6 und foramenstenose c 5/6 links,1
chron. lumboischialgie links bei degenerativen l ws-veränderungen,1
ausgeprägte bws-/lws-skoliose,1
rosazea grad ii,1
tennisellbogen rechts,1
"morbus crohn, ed 07/2011",1
"hla b27 pos. m. crohn assozierte spondylarthrop.,ed 2002",1
z.n. iridozyklitis 2002/2008,1
lumbalsyndrom bei spondylarthrose der lws,1
schultersteife li. bei tendinitis calcarea,1
brennende schmerzen in den beinen,1
atypischer gesichtsschmerz links,1
gonarthrose bds.,1
impingementsyndrom li. schulter,1
"z.n. mama ca rechts, ed 4/2016",1
hämochromatose,1
colitis ulcerosa ed 2010,1
tinniutus aurium,1
"chronisch-rezidivierende rückenschmerzen, hla-27 negativ",1
schultersteife rechts,1
"thorakale beschwerden, am ehesten muskuloskelettal",1
z.n. subarachnoidalblutung hunt & hess i mit hämatocephalus internus bei,1
ruptur eines aneurysmas der a. pericallosa rechst am 26.01.2015,1
rez. coxalgien bds. bei dysplasiecoxarthrose,1
rez. cervikalgien bei paravertebralen muskelhartspann,1
rez. fußschmerzen bds. bei leichtem senk-spreizfuß bds.,1
"rheumatoide arthritis, ed 06/2013, rheumafaktor negativ,ccp-positiv",1
reizdarm syndrom,1
"anti-ccp-ak, rheumafaktor positive rheumatoide arthritis, ed 1993",1
z.n. papillitis links 01/2017,1
würgereiz und brechneigung,1
chron. rez. lumbalsyndrom,1
zervikobrachiasyndrom,1
lumboischialgien bei kleinem bandscheibenvorfall lwk 4/5.,1
cervikalsyndrom,1
hws-syndrom bei hws-fehlhaltung und bandscheibenprotrusio c5/6,1
spinalkanalstenose und osteophyten 6/2008,1
"chron. obstr. lungenerkrankung, schwergrad 3",1
lungenemphysem,1
ncpap-behandeltes schlafapnoesyndrom,1
zustand nach nikotinabusus,1
hypothyreose bei z.n. partialer thyreoidektomie 1993,1
schmerzen hws-bereich mit schmerzausstrahlung in beide arme,1
"follikuläres lymphom grad i/ii linke axilla, ed 02/2018",1
hüfteschmerzen li.,1
hypothyreose bei thyreoiditis hashimoto,1
gastritis typ c,1
zervikobrachiales schmerzsyndrom,1
veränderungen der wirbelsäule,1
hand- und fingergelenksarthrose,1
v.a. triggerung i.r. einer small fibre-neuropathie mit,1
generalisierte psoriasis vulgaris,1
* lumboischialgien re. bei osteochondrose und spondylarhtrose l5/s1,1
* impingementsyndrom re. schulter,1
* knieschmerzen rechtsbetont,1
* latente hypothyreose unter substitution,1
myofasziales schmerzsyndrom im schulter-nacken-bereich,1
trigeminusneuralgie des 3.astes rechts,1
"lipödem, stadium ii",1
"lymphödem der oberen und unteren extremitäten, stadium ii",1
"adipositas, grad iii",1
z.n. lumbalen bandscheidenvorfall lwk 5/swk 1 linksseitig mit persistierender gefühlstörung und asr-verlust aus dem jahr 2013,1
"raynaud und calcinosis cutis der finger und knie mit i73.0,",1
fingerkuppennekrosen,1
zervikobrachialsyndrom re.,1
koxarthrose rechtsbetont,1
linkskonvexe skoliose,1
unterbauchschmerzen links,1
"lupus erythematodes, ed 2012",1
zervikobrachialsyndrom links,1
schwindel und druck am linken ohr im rahmen des morbus meniere,1
funktionelle dyspepsie,1
reizdarmsyndrom ohne diarrhoe,1
"hypothyreose bei z.n. thyreoidektomie, 6/2016",1
1/2014,1
"initiale beinschwäche bds., gebessert bis auf leichte schwäche links",1
primäre thrombophilie,1
"chronisches ganzkörperschmerzsyndrom, vorwiegend linksseitig",1
"morbus crohn mit befall des ileum, ed 1974",1
"regred. knochenmarköd. dist. tibia bds., rechtsseitig führend (04/2017)",1
chronische anämie mit rezidivierenden eiseninfusion,1
kokzygodynie,1
chron. rezidivierende harnwegsinfekte,1
zervikaler bandscheibenschaden mit radikulopathie l 5/6,1
lumboischialgie rechtsbetont,1
z.n. ductales in situ-carcinom re. mamma,1
"fibromyalgie, ed 2013",1
stark- bis massivgradiger lipohyperthrophie von oberschenkeltyp,1
lipödem der arme bei,1
stark- bis massivgradiger lipohyperthrophie von oberarmtyp,1
"chronische, migräneartige kopfschmerzen",1
l 5 dermatom rechts,1
"pseudoradikuläres, lumbales schmerzsyndrom",1
