diagnosis | icd,count
Arterielle Hypertonie | I10.90,397
Chronisches Müdigkeitssyndrom | G93.3,338
LWS-Syndrom | M54.86,297
Erschöpfungssyndrom | G93.3,287
HWS-Syndrom | M54.82,224
Schlafstörungen | G47.0,177
WS-Syndrom | M54.80,156
Spannungskopfschmerzen | G44.2,136
Fibromyalgie | M79.70,121
Hypothyreose | E03.8,106
Reizdarmsyndrom | K58.8,97
Nichtorganische Insomnie | F51.0,88
Hypothyreose | E03.9,86
Tinnitus aurium | H93.1,80
Kopfschmerzen | G44.2,72
Hashimoto Thyreoiditis | E06.3,71
Migräne | G43.0,68
Tinnitus aurium bds. | H93.1,65
Asthma bronchiale | J45.9,61
-Post-COVID-19-Syndrom | U09.9,57
Erschöpfung | G93.3,51
Ganzkörperschmerzen | M79.70,46
Ein- und Durchschlafstörungen | G47.0,38
Zervikobrachialgie | M53.1,36
Migräne | G43.9,36
Spannungskopfschmerz | G44.2,31
Polyneuropathie | G62.9,31
"Diabetes mellitus, Typ 2 | E11.90",29
Polyarthrose | M15.9,29
Migräne mit Aura | G43.1,27
Zervikobrachialsyndrom | M53.1,26
Schlafstörungen | G47.9,25
BWS-Syndrom | M54.84,25
Migräne ohne Aura | G43.0,20
Kopfschmerzen | R51,19
Hashimoto-Thyreoiditis | E06.3,19
Reizdarmsyndrom | K58.0,19
Knieschmerzen rechts | M25.56,18
Reizdarmsyndrom | K58.9,18
V.a. Reizdarmsyndrom | K58.8,17
Chronische Sinusitis | J32.9,17
Schwindel | R42,17
Erschöpfungssyndrom | T73.3,16
-V.a. Post-COVID-19-Syndrom | U09.9,15
Diabetes mellitus Typ 2 | E11.90,15
Obstruktives Schlafapnoesyndrom | G47.31,14
Schulterschmerzen rechts | M25.51,14
Knieschmerzen bds. | M17.9,14
Psoriasis vulgaris | L40.0,13
Zervikobrachial-Syndrom | M53.1,13
Polyarthralgien | M25.50,13
Schlafstörung | G47.9,13
Zervikocephales Syndrom | M53.0,13
Zervikobrachialgien | M53.1,12
Schulterschmerzen links | M25.51,12
Zervikozephalessyndrom | M53.0,12
Polymyalgia rheumatica | M35.3,12
Fibromyalgiesyndrom | M79.70,12
Schlafstörung | G47.0,12
Arterielle Hypertonie | I10.00,12
Knieschmerzen bds. | M25.56,11
Tinnitus aurium links | H93.1,11
Fibromyalgie Syndrom | M79.70,11
Zervikozephales Syndrom | M53.0,11
Migräne | G43.1,10
WS-Syndrom | M54.90,10
Magen-Darm-Beschwerden | K58.8,9
Hypercholesterinämie | E78.0,9
Magen-Darmbeschwerden | K58.8,8
Tinnitus bds. | H93.1,8
Restless-Legs-Syndrom | G25.81,8
Durchschlafstörungen | G47.0,8
Degeneratives WS-Syndrom | M54.80,8
Obstruktives Schlafapnoe-Syndrom | G47.31,8
Fibromyalgie-Syndrom | M79.70,8
Autoimmunthyreoiditis | E06.3,8
Chronische Gastritis | K29.5,8
Tinnitus aurium rechts | H93.1,8
Gastroösophageale Refluxkrankheit | K21.9,7
Neurodermitis | L20.9,7
Diabetes mellitus Typ II | E11.90,7
Post-COVID-19-Syndrom | U09.9,7
Infektanfälligkeit | Z86.1,7
Fingerpolyarthrose | M15.9,7
Kopfschmerzen | R52,7
Lumbalsyndrom | M54.86,7
Rhizarthrose bds. | M18.9,7
Paroxysmales Vorhofflimmern | I48.0,7
Osteoporose | M81.99,7
Knieschmerzen links | M25.56,7
HWS- und BWS-Syndrom | M54.80,6
Tinnitus aurium | H93.3,6
Chronisches LWS-Syndrom | M54.86,6
Polyarthralgie | M25.50,6
Knieschmerzen | M25.56,6
Adipositas | E66.01,6
Hyperurikämie | E79.0,6
Hyperlipidämie | E78.5,5
Asthma bronchiale | J45.0,5
"COVID-19-Impfstoffen, nicht näher bezeichnet | U12.9",5
Obstipation | K59.0,5
Asthma bronchiale | J45.90,5
Allergisches Asthma bronchiale | J45.0,5
HWS-Syndrom | M54.80,5
LWS-Syndrom | M54.80,5
Endometriose | N80.9,5
"Hypothyreose, substituiert | E03.9",5
Schulterschmerzen rechts | M79.61,5
Wirbelsäulensyndrom | M54.80,5
Rhizarthrose | M18.9,5
Chron. Kopfschmerzen | R51,5
HWS-Syndrom | M53.1,5
Asthma bronchiale | J45.99,5
Erschöpfung | T73.3,5
Chron. Kopfschmerzen | G44.2,5
Polyarthralgien | M15.9,5
Glaukom bds. | H40.9,5
Hyperhidrose | R61.9,5
Restless-legs-Syndrom | G25.81,5
Chronisches Erschöpfungssyndrom | G93.3,5
Ventrikuläre Extrasystolie | I49.3,5
- V.a. Post-COVID-19-Syndrom | U09.9,5
Verdauungsbeschwerden | K58.8,4
Chronisches Schmerzsyndrom | R52.2,4
Rhizarthrose bds. | M18.0,4
Nichtorganische Insomnie (Durchschlafstörungen) | F51.0,4
Gesichtsschmerzen rechts | G50.1,4
Müdigkeitssyndrom | G93.3,4
Knieschmerzen rechts | M25.5,4
Zervikobrachialgie rechts | M53.1,4
Chronische Obstipation | K59.09,4
Trigeminusneuralgie rechts | G50.0,4
LWS/ISG-Syndrom | M54.87,4
Atypischer Gesichtsschmerz | G50.1,4
Psoriasis Arthritis | L40.5,4
Laktoseintoleranz | E73.9,4
Knieschmerzen rechts | M79.66,4
Chronic Fatique Syndrom | G93.3,4
Fruktoseintoleranz | E74.1,4
Knieschmerzen bds. | M17.0,4
Fußschmerzen bds. | M79.67,4
Chronisches HWS-Syndrom | M54.82,4
Polyneuropathie | G60.8,4
Polyarthrose der Finger- und Handgelenke | M15.9,4
Adipositas | E66.99,4
Hüfteschmerzen links | M25.55,4
Myofasziales Schmerzsyndrom | M79.19,4
Allergische Rhinopathie | J30.4,4
Chronisches Müdigkeitssyndrom | G93.0,4
Trigeminusneuralgie | G50.0,4
Fingergelenksarthrose | M15.9,4
Rhizarthrose bds. | M18.1,4
Gesichtsschmerzen | G50.1,4
Knieschmerzen rechts | M17.9,4
Chronische Kopfschmerzen | R51,4
Vorwiegend allergisches Asthma bronchiale | J45.0,3
Zervikobrachialsyndrom | M54.82,3
WS-Syndrom | M54.86,3
Neurodermitis | L20.8,3
Rhizarthrose links | M18.0,3
Atopisches endogenes Ekzem | L20.9,3
Schulterschmerzen bds. | M25.51,3
Hashimoto Thyroiditis | E06.3,3
V.a. Post-COVID-19-Syndrom | U09.9,3
Prämenstruelles Syndrom (PMS) | N94.3,3
bei Polyneuropathie | M79.20,3
Rhizarthrose | M18.0,3
Zervikobrachial Syndrom | M53.1,3
Allergische Rhinopathie durch Pollen und Katzenhaare | J30.1,3
Coxarthrose bds. | M16.9,3
Cluster-Kopfschmerz rechts | G44.0,3
Chronische Kopfschmerzen | G44.2,3
Degeneratives HWS-Syndrom | M54.82,3
Chronische Pansinusitis | J32.4,3
- Z. n. Läsionen der Rotatorenmanschette rechts 15.08.2021 | M75.1,3
Gemischte Hyperlipidämie | E78.2,3
Lumbalsyndrom bei degenerativen Veränderungen der LWS | M54.86,3
"Colitis ulcerosa, ED 2008 | K51.9",3
Schulterschmerzen rechts | M25.5,3
ISG-Syndrom | M54.87,3
WS Syndrom | M54.80,3
Coxarthrose links | M16.9,3
Chronisches Wirbelsäulensyndrom | M54.80,3
Postmenopausale Osteoporose | M81.09,3
Reizdarmsyndrom | K58.1,3
Chron. Müdigkeitssyndrom | G93.3,3
Erschöpfunssyndrom | G93.3,3
Knieschmerzen links | M17.9,3
Schlafstörungen | G47.8,3
Osteoporose | M81.90,3
Schulterschmerzen bds. | M79.61,3
HWS/BWS-Syndrom | M54.80,3
Lumbosakraler Rückenschmerz | M54.87,3
Interstitielle Zystitis (chronisch) | N30.1,3
Raynaud-Syndrom | I73.0,3
Knieschmerzen links | M79.66,3
"Vorhofflimmern, paroxysmal | I48.0",3
Morbus Crohn mit rezidivierenden Fistelungen und Abszedierungen | K50.9,3
Malabsorption nach chirurgischem Eingriff | K91.2,3
"Kurzdarmsyndrom, heimparenterale Ernährung | K91.2",3
Chronisch degeneratives LWS-Syndrom | M54.86,3
Osteoporose | M80.88,3
Polyneuropathie | G62.88,3
Chronischer Spannungskopfschmerz | G44.2,3
Obstruktives Schlafapnoe Syndrom | G47.31,3
"Hypothyreose, substituiert | E03.8",3
Lymphödem beider Beine | I89.09,3
Reizdarmsyndrom | K59.9,3
Fußschmerzen rechts | M79.67,3
Rhizarthrose links | M18.9,3
LWS-Syndrom | M54.87,3
Chron. Erschöpfungssymptomatik | G93.3,3
Erschöpfungssyndrom | G93.0,3
Restless-Legs-Syndrom | G25.8,3
HWS-Syndrom | M54.86,3
Chronische Migräne | G43.0,3
Rezidiv. Kopfschmerzen | G44.2,3
LWS-Syndrom | M54.96,3
Polyneuropathie | G60.9,3
Chronisch rezidivierende Sinusitis | J32.9,3
"Seropositive Rheumatoide Arthritis, ED 10/2018 | M06.90",3
Schwankschwindel | R42,3
Handgelenkschmerzen bds. | M25.53,3
RCS Makuladegeneration | H35.38,3
Atopisches Ekzem | L20.9,3
Lungenfibrose | J84.1,3
Gastroösophageale Refluxkrankheit mit Ösophagitis | K21.0,3
"Psoriasisarthritis, ED 2017 L40.5, | M07.00",2
"Psoriasis vulgaris, ED 2003 | L40.0",2
Rückenschmerzen mehrerer Lokalisationen der Wirbelsäule | M54.90,2
"Morbus Crohn, ED 2000 | K50.9",2
Belastungsabhängige Schmerzen beider Kniegelenke | M25.56,2
Periphere Fazialisparese links | G51.0,2
Small Fiber Polyneuropathie | G60.8,2
Hüfteschmerzen bds. | M16.2,2
Mischform des Asthma bronchiale | J45.8,2
Lumboischialgie | M54.4,2
Essentieller Tremor | G25.0,2
Reizblase | N32.8,2
Allergisches Asthma bronchiale | J45.00,2
Chronisches Fatigue-Syndrom | G93.3,2
LWS-ISG-Syndrom | M54.80,2
Karpaltunelsyndrom bds. | G56.0,2
Heberden Arthrose mit Arthropathie | M15.1,2
"Psoriasis Arthritis L40.5, | M07.00",2
Knieschmerzen bds. | M25.5,2
Fersensporn links | M77.3,2
Chronischer Husten | R05,2
Knieschmerzen bds. | M17.1,2
Sjögren-Syndrom | M35.0,2
Nahrungsmittelunverträglichkeit | T78.1,2
Asthma bronchiale | J45.8,2
Myofasziales Schmerzsyndrom mit Betonung des Schültergürtels | M79.10,2
LWS Syndrom | M56.86,2
Degeneratives fehlstatisches Wirbelsäulensyndrom | M54.80,2
Mischformen des Asthma bronchiale | J45.9,2
"Chronische Nierenkrankheit, Stadium 2 | N18.2",2
Lip-Lymphödem der oberen Extremitäten Stadium I | I89.03,2
Chronisch- degeneratives LWS-Syndrom | M54.86,2
LWS-Syndrom | M54.16,2
"Colitis ulcerosa, ED 2002 | K51.9",2
ISG-Syndrom rechts | M54.87,2
"Myalgie, mehrere Lokalisationen | M79.10",2
HWS/LWS-Syndrom | M54.80,2
LWS-Syndrom | M54.82,2
Bruxismus mit CMD (Craniomandibuläre Dysfunktion) | G44.8,2
WS-Schmerzen | M54.80,2
Syndrom der unruhigen Beine (Restless-Legs-Syndrom) | G25.81,2
Small-fiber-Polyneuropathie unklarer Ätiologie | G62.9,2
Vit. D3 + | K2,2
Nervus Pudendus Neuralgie | M79.25,2
Chronische Bronchitis | J41.0,2
- Z.n. Rotatorenmanschettenrekonstruktion rechts am 11.10.2021 | Z98.8,2
Osteoporose | M80.08,2
Polyneuropathie nach Chemotherapie | G62.88,2
Obstruktive Schlafapnoe Syndrom | G47.31,2
Migräneartige Kopfschmerzen | G43.0,2
Schulterschmerzen rechs | M79.61,2
Myelodysplastisches Syndrom | D46.9,2
Multiplexverteilungsmuster | G62.88,2
Hallux valgus links | M20.1,2
Chron. Bauchschmerzen | R10.4,2
Oromandibuläre Dysfunktion | G44.8,2
Kopfschmerzen | G44.8,2
Zervicobrachialsyndrom | M53.1,2
Tinnitus rechts | H93.1,2
Progrediente sensible beinbetonte Polyneuropathie | G62.9,2
Zevicobrachialgien bds. | M53.1,2
Muskelschmerzen und Muskelverspannungen | R52.2,2
Osteoporose | M81.9,2
Sicca-Syndrom | M35.0,2
Hypothyreose | E89.0,2
BWS-Syndrom | M54.86,2
Nacken-Schulter-Arm-Syndrom | M54.12,2
Schulterschmerzen beidseits | M25.51,2
Lichen ruber planus | L43.9,2
Hypothyreose bei Z. n. Strumektomie 1995 | E89.0,2
Linksschenkelblock | I44.7,2
Karpaltunnelsyndrom beidseits | G56.0,2
Ulnarisneuropathie am Ellbogen rechts | G56.21,2
Sprunggelenkschmerzen bds. | M25.59,2
LWS | M54.86,2
Ganzkörperschmerzen | R52.2,2
Rezidivierendes HWS-Syndrom | M54.82,2
Lichen sclerosus vaginalis | N90.4,2
Periorale Dermatitis | L71.0,2
Kniegelenkschmerzen | M25.56,2
Fersensporn rechts | M77.3,2
Polyneuropathie medikamenteninduziert nach Chemotherapie | G62.88,2
Ganzkörperschmerzen | M79.19,2
Unterbauchschmerzen | R10.3,2
Enddarmschmerzen | R52.2,2
"Asthma bronchiale, ED 1997 | J45.9",2
* Degeneratives Zervikobrachialsyndrom | M53.1,2
Rivaroxaban – Einnahme bei | Z92.2,2
Small Fiber Neuropathie | G62.9,2
LWS-Syndrom | M54.84,2
Arterieller Hypertonie | I10.90,2
HWS-BWS-Syndrom | M54.80,2
Chronische Migräne | G43.9,2
Zervikozephalessyndrom | M54.82,2
Rosacea | L71.9,2
"Post-Herpes-Neuralgie, Z. n. Herpes Zoster 9/2019 B02.2, | G53.0",2
"Colitis ulcerosa (ED 2014, EM 2013) | K51.9",2
Chronische Sinusitis | J32.4,2
Nichtorganische Schlafstörungen | F51.0,2
Adipositas | E66.02,2
Coxarthrose | M16.9,2
Gelenkschmerz Mehrere Lokalisationen | M25.50,2
Chronisches lumbales Syndrom | M54.86,2
Chronische Instabilität linkes Sprunggelenk | M25.57,2
Sulcus-ulnaris-Syndrom links | G56.2,2
Morbus Raynaud | I73.0,2
"Insulinpflichtiger Diabetes mellitus Typ 2, ED 2000 | E11.70",2
Chronische Analfistel | K60.3,2
Sarkoidose | D86.9,2
Retinopathien des Augenhintergrundes und Veränderung der Netzhautgefäße | H35.0,2
Prostatahyperplasie | N40,2
ISG-Syndrom | M54.88,2
Psoriasis vulgaris | L40.9,2
Morbus Crohn | K50.0,2
"Colitis ulcerosa, ED 2017 | K51.9",2
Morbus Basedow | E05.0,2
Sprunggelenksschmerzen links | M25.57,2
Muskuläre Dysbalance im Wirbelsäulenbereich | M62.98,2
Rezidivierende Cephalgien | G44.2,2
degenerativen Veränderungen der Wirbelsäule | M54.97,2
Zervikobrachiales Schmerzsyndrom mit muskulären Verspannungen | M54.93,2
LWS- und BWS-Syndrom | M54.80,2
Gelenkschmerz der Schultern bds. | M25.51,2
Epicondylitis humeri radialis bds. | M77.1,2
Perniziöse Anämie | D51.9,2
Fußschmerzen links | M79.67,2
Migräne ohne Aura | G43.9,2
Kollagene Kolitis | K52.2,2
"Psoriasis-Spondylarthritis, ED 1997 | M07.2",2
Fibromyalgie | M79.7,2
Essentielle Thrombozytämie | D47.3,2
Narkolepsie | G47.4,2
CRPS der linken Hand | G90.60,2
"Diabetes mellitus, Typ 2 | E11.99",2
Psoriasis vulgaris | L40.5,2
LWS-Syndrom | M51.12,2
Chronische Polyarthritis | M06.80,2
V.a. Fibromyalgie | M79.70,2
Refluxösophagitis | K21.0,2
Hashimoto Thyreoiditis | E03.6,2
Morbus Bechterew | M45.00,2
Schulter-Arm-Syndrom | M54.12,2
Rosazea | L71.9,2
Rezidivierende Harnwegsinfekte | N39.0,2
Zervikobrachialgie | M53.0,2
Gonarthrose | M17.9,2
Craniomandibuläre Dysfunktion | K07.6,2
unklarer Genese | G62.9,2
Rezidivierende Zystitiden | N30.9,2
COPD | J44.99,2
Sjögren-Syndrom (Sicca-Syndrom) | M35.0,2
M. Bechterew | M45.09,2
Rizarthrose bds. | M18.9,2
"Polyneuropathie, nicht näher bezeichnet | G62.9",2
Chronische Rückenschmerzen | M54.99,2
DM Typ 2 | E11.99,2
Z.n. rechtszerebraler Ischämie 2002 | I63.9,2
Reizdarmsyndrom | K59.8,2
Paroxysmales Vorhofflimmern | I48.9,2
Hypothyreose bei Z. n. Strumektomie 1994 | E03.8,2
Zervikocephales Syndrom | M54.92,2
Sensibilitätsstörungen an den Beinen unklare Genese DD funktionell | R20.8,2
Hüftschmerzen rechts | M16.9,2
Knieschmerzen | M17.9,2
Zöliakie | K90.0,2
Histaminintoleranz | T78.1,2
"Seropositive rheumatoide Arthritis, ED 12/2016 | M05.80",2
Chronic Fatique-Syndrom | G93.3,2
"Colitis ulcerosa mit Linksseitenbefall, ED 1991 | K51.9",2
Chronische exokrine Pankreasinsuffizienz | K86.83,2
Zervicobrachialgie | M53.1,2
Chronischer posttraumatischer Kopfschmerz | G44.3,2
Adipositas Grad I | E66.00,2
Zervikozephalessyndrom | M53.1,2
Coccygodynie | M54.89,2
Zervikobrachial-Syndrom nach Fusion C5-7 am 15.01.2009 | M53.1,2
"Spondylose mit Radikulopathie, mehrere Lokalisationen der WS | M47.20",2
Epicondylitis radialis humeri | M77.1,2
Impingement-Syndrom der Schulter | M75.4,2
Osteochondrose der LWS | M42.96,2
Polymyalgien | M62.89,2
MCS (Multiple Chemical Sensitivity) | T78.4,2
Benigne Prostatahyperplasie | N40,2
Blasenentleerungsstörung mit deutlicher Restharnbildung | R39.1,2
Gelenkschmerz Schultergelenk | M25.51,2
Koronarherzkrankheit-2-Gefäß-Erkrankung mit Stent | I25.12,2
Schulterschmerzen links | M25.50,2
Chronisches Müdigkeitssyndrom | G93.1,2
"Chronifizierende Polyneuropathie Hände, Füße, Körper, unklarer Genese | G62.9",2
Chronische obstruktive Bronchitis | J41.0,2
"Arthritis urica, ED 1988 | M10.09",2
Morbus Stargardt | H35.5,2
Schlafstörungen | F51.0,2
LWS/ISG-Syndrom | M54.80,2
Osteoporose | M81.0,2
V.a. Reizdarmsyndrom | K58.9,2
Chron. Oberbauchschmerzen | R10.1,2
HWS- und LWS-Syndrom | M54.80,2
Reizdarmsyndrom | K58.3,2
"Obstruktives Schlafapnoesyndrom, APAP-Therapie | G47.31",2
COPD [Chronic obstruktive pulmonal disease] | J44.99,2
Chronisch respiratorische Insuffizienz Typ I [hypoxisch] | J96.10,2
Gicht Arthritis | M10.09,2
Chronisch-degeneratives LWS-Syndrom | M54.86,2
Erschöpfungszustand | G93.3,2
Chron. Pansinusitis | J32.4,2
Therapieresistente Pollenallergie | T78.4,2
Reizdarmsyndrom | K5,2
Schmerzen im Schulter-/Gürtelbereich bds. | M79.61,2
Paroxysmales Vorhofflimmern (Antikoagulation mit Rivaroxaban) | I48.0,2
Erschöpfungssyndrom | G93.1,2
Chronisches Schmerzsyndrom | R52.1,2
Abdominelles Schmerzsyndrom | R10.3,2
Adipositas | E66.00,2
Arterielle Hypertonie | I10.9,1
Chronische Müdigkeit | G93.3,1
Ankermann 1 mg 1-0-0 1xwöchentlich (Donnerstag) | B12,1
"Gonartrose, Z.n. Umstellungsosteotomie beidseits | M17.9",1
"Morbus Crohn, ED 1989 mit Befall des Colons, Dünndarms und Magens | K50.9",1
Chron. Analfissur | K60.2,1
Finger- und Handgelenksbeschwerden | M25.54,1
Epicondylitis lateralis humeri links | M77.1,1
"Hypothyreose, Z. n. Schilddrüsen-OP | E89.0",1
Morbus Scheuermann | M42.00,1
Heberden- und Bouchard-Arthrose bds. | M15.1,1
Ganzkörperschmerzen | M70.79,1
Chronischer Husten | R05.3,1
Polyarthrose der Fingergelenke | M15.9,1
"pAVK beidseits vom Beckentyp, rechts > links | I70.22",1
Perennierende allergische Rhinitis | J30.3,1
Ekzem im Bereich des äußeren linken Gehörgangs | L20.9,1
Obstruktives Schlafapnoesyndrom | G47.3,1
LWS-Syndrom | M54.56,1
"Trockene Makuladegeneration, ED 2008 | H35.31",1
"Chronische Gastritis, H.p. negativ. | K29.5",1
Kribbelparästhesien der unteren Extremitäten beidseits | R20.2,1
Fersenschmerzen beidseits | M79.67,1
Lichen ruber planus | L43.8,1
Chronische Gastritis Typ C | K29.5,1
Hüftenschmerzen beidseits | M16.9,1
Knieschmerzen links | M55.2,1
Schmerzen in den beiden Oberschenkel | M79.65,1
Polyartrose | M19.84,1
"Sturzneigung, anderenorts nicht klassifiziert | R29.6",1
"Fibromyalgie, ED 2005 | M79.70",1
Gonalgie bds. | M22.4,1
"Asthma bronchiale, ED 1981 | J45.0",1
Multiple Nahrungsmittelunverträglichkeiten | T78.4,1
mittelgradig rechts | M16.9,1
Bienengiftallergie | T63.4,1
"Essentieller Tremor, EM 2013 | G25.0",1
- Atypischer Gesichtsschmerz | G50.1,1
- Xerostomie | K11.7,1
- Glossodynie | K14.6,1
Chronische Mandibuläre Dysfunktion | K07.6,1
Störungen des Geruchs- und Geschmackssinnes | R43.8,1
Monoklonale Gammopathie (Klasse IgG-kappa) | D47.2,1
BWS-Syndrom | M54.83,1
Chronische Beckenschmerzensyndrom | R52.9,1
Pelvic Congestion Syndrom | I87.20,1
Adenomyosis uteri | N80.0,1
Chronischen Spannungskopfschmerzen | R44.2,1
Chronische Halsschmerzen | R52.9,1
Chronische Steißbeinschmerzen | M54.88,1
Z.n. Mammakarzinom links 2017 | C50.0,1
Zervikobrachial-Syndrom bei BS-Protriusion C5/6 | M53.1,1
Z. n. Radiatio 2007 | D35.2,1
Polyneuropathie - V.a. Small Fiber Polyneuropathie (EM ca. 2002) | G60.8,1
Großzehengrundgelenkschmerzen | M19.0,1
Ehlers-Danlos-Syndrom | Q79.6,1
"Muskelschmerzen hauptsächlich Schulterblattregion re., gluteal re. | M79.61",1
Multiple Nahrungsmittelunverträglichkeiten | T78.1,1
Mastzellaktivierungssyndrom | D89.9,1
"Thrombozytopenie, ED 2016 | D69.61",1
"Beteiligung großer Gelenke, ED 12/2008 L40.5, | M07.00",1
Gelenk- und Sehnenschmerzen | G79.70,1
Multiple Sklerose (ED 1988) | G35.9,1
Gonarthrose links | M17.9,1
Z. n. Enzephalitis ohne Erregernachweis 07/2018 | G04.9,1
Mischformen des Asthma bronchiale | J45.80,1
Polyvalente Allergie | T78.4,1
Chronisches LWS/ISG-Syndrom | M54.86,1
Endometriose | N80.3,1
"Hashimoto-Thyreoiditis, ED 2007 | E03.6",1
Knieschmerzen rechts | M22.4,1
Obstruktives Schlafapnoesyndrom | G47.33,1
Periphere Fazialisparese rechts | G51.0,1
LSW-Syndrom | M54.86,1
Großzehengrundgelenkschmerzen bds. | M25.5,1
Knieschmerzen linksbetont | M16.9,1
Chron. deg. LWS-Syndrom | M54.86,1
Gonalgie links | M25.56,1
Hüftschmerzen | M25.55,1
Oberschenkelschmerzen bds. | R52.2,1
"1000 mg 1-0-0 4x wöchentlich (Mo, Mi, Fr, So) | B12",1
Hüfteschmerzen rechts | M70.6,1
Achillessehnenschmerzen links | M76.6,1
Kiefergelenksschmerzen links | R52.2,1
Myogelose der Schulter-Nacken-Muskulatur | M62.81,1
"Hashimoto Thyreoiditis, ED 2005 | E06.3",1
Blähungen | R14,1
Neurodermitis | L40.9,1
Polyarthrose Typ Heberden | M15.9,1
Hüftschmerzen links | M16.9,1
Ellenbogen Schmerzen rechts | M25.52,1
Handekzem bds. | L30.9,1
Zentrale Funktionsstörung mit | G93.4,1
rezidivierenden muskulären Spasmen der rechten Körperhälfte bei | I63.8,1
Zustand nach PFO-Verschluss am 25.03.2025 | Q21.1,1
Allergische Rhinopathie | J30.1,1
Neuralgie des Nervus occipitalis major links | G44.8,1
Arzneimittel induzierte Polyneuropathie nach Chemotherapie | G62.22,1
Z.n. Resektion eines invasiv Mamma-CA links 11/2020 | C50.4,1
"Obstruktives Schlafapnoesyndrom, ED 2018 | G47.31",1
"Post-Herpes-Neuralgie, Z. n. Herpes Zoster 2/2023 B02.2, | G53.0",1
Pollenallergie | J30.1,1
"Seropositive Rheumatoide Arthritis, EM 12/2016 | M06.99",1
Sekundäres Schmerzsyndrom vom Typ der Fibromyalgie | M79.70,1
Vorfuß-/Mittelfußarthrose rechts | M19.07,1
"Raynaud Syndrom, Hautveränderungen, Myalgien Arthralgien,..), ED 03/2017 | M35.9",1
Sek. Fibromyalgiesyndrom | M79.70,1
Zustand nach Reaktivierung einer chronischen inflammatorischen Polyneuropathien mit Multiplexverteilungtyp | G62.88,1
Knieschmerzen bds. | M16.0,1
Hüfteschmerzen bds. | M17.0,1
Kollagenose a.e. Sjögren-Syndrom | M35.0,1
Subakuter kutaner Lupus erythematodes | L93.1,1
"Lymphödem der unteren Extremität, Stadium II beidseits | I89.01",1
"Lip-Lymphödem der unteren Extremität, Stadium II | I89.04",1
Nichtorganische Insomnie | F50.1,1
Migräneartige Kopfschmerzen | R51,1
Polyneuropathie vom Typ Charcot-Marie-Tooth | G62.9,1
Chronische-degeneratives HWS-Syndrom | M54.82,1
"Rheumatoide Arthritis, ED 1996, Rheumafaktor- und CCP-positiv | M06.90",1
Gastroösophageale Refluxkrankheit bei axialer Hiatushernie | K21.9,1
Medianusneuritis links | G56.1,1
Lipödem Grad 2 Typ 4 | E88.21,1
"Epilepsie, aktuell anfallsfrei unter Therapie (vormals Grand mal) | G40.9",1
des Corpus uteri 09/2024 | C54.1,1
intraop. Bestrahlung 6/2021 | C50.0,1
Hüfteschmerzen rechts | M16.9,1
Sjögren-Syndrom mit Reizhusten | M35.0,1
Kopfschmerzen | R52.9,1
Small Fiber Neuropathie | G62.88,1
"Chronische Polyarthritis, ED 2015 | M06.90",1
Polyarthrose der Fingergelenke | M19.04,1
Adipositas | E66.6,1
Chron. Sinusitis | J32.9,1
Verdauungsbeschwerden | K59.8,1
"Z.n. Mammakarzinom rechts, ED 2016 | C50.9",1
Chron. degenerat. Wirbelsäulensyndrom | M54.80,1
Schultergelenkschmerzen | M19.01,1
Hand- und Fingergelenkschmerzen | M25.54,1
Metatarsalgie rechts | M77.4,1
ACG-Arthrose rechts | M19.01,1
Epicondylitis humeri radialis beidseits | M77.1,1
Syndrom polyzystischer Ovarien | E28.2,1
Multiple Nahrungsmittelallergien bzw. –unverträglichkeiten | T78.1,1
"Asthma bronchiale, ED 1984 | J45.9",1
Frozen Shoulder nach Tuberculum majus Fractur 01/2017 | M75.0,1
Hypothyreose bei Z.n. subtotaler Thyreoidektomie (2005) bei M. Basedow | E03.9,1
Z. n. atypischer Pneumonie durch Mykoplamen 01/2022 | J18.9,1
Anankastische Persönlichkeitsstruktur | F60.5,1
"Fingergelenke links, Daumensattelgelenke und Sprunggelenke) | M25.50",1
nach konservativen Therapie einer Spondylodiszitis L3/4 | R52.2,1
Z. n. atypischer Pneumonie durch Mykoplasmen 01/2022 | J18.9,1
Beginnende Polyarthrose der Fingergelenke bds. | M15.9,1
Z.n. Mammakarzinom rechts unten ED 10/2017 | C50.9,1
Colitis ulcerosa ED 1984 | K51.9,1
Chronisch rezidivierende Urticaria | L50.8,1
Axonale Polyneuropathie | G62.9,1
Parageusie bei Z.n. Hirnstammischämie 3/2015 | R43.2,1
Hypothyreose bei Z.n. Thyreoidektomie 1990 | E03.8,1
"Lymph- und Lipödem Arme und Beine I89.09, | R60.9",1
Unklare Hepatopathie mit fluktuirender Transamninasenaktivität | K76.9,1
"Colitis ulcerosa, ED 2016 | K51.9",1
Rezidivierende Herpes zoster gluteal links | B02.8,1
Hypothyreose postoperativ | E89.0,1
V.a. Tolosa-Hunt Syndrom | H05.01,1
Knieschmerzen bds. | M22.4,1
"Colitis ulcerosa mit Gelenkbeteiligung, ED 2006 K51.9, | M07.50",1
"Morbus Crohn, ED 06/2003 | K50.9",1
Lactoseintoleranz | E73.9,1
LWS-Schmerzen´ | M54.86,1
Wechseljahrebeschwerden | N95.8,1
"Z.n. Mama Ca rechts, ED 12/2017 | C50.9",1
LWS-Syndrom links | M54.86,1
Lupoide Rosacea | L71.8,1
Reizdarmsyndrom | K50.9,1
Lumbosakralsyndrom | M54.87,1
"Spondylarthrose LWK3/4 und LWK 4/5, Osteochondrose LWK 5/SWK 1 | M47.96",1
Schmerz. Missempfindungen im Bereich der Füße und Unterschenkel bds. | R20.2,1
Beginnende zervikale Myelopathie bei | G99.2,1
Spinalkanalstenose HWK4-HWK 7 | M48.02,1
Spinalkanalstenose L3/4 bei Spondylolisthese Meyerding Grad 1 | M48.06,1
Anamnestisch Muskuläre Krämpfe und Faszikulationen | R25.2,1
Schmerzhafte Parästhesien an der Füßen | R20.2,1
"Colitis ulcerosa, ED 2000 | K51.9",1
Chron Rückenschmerzen | M54.80,1
"Rosazeaartige Dermatitis, ED 03/2025 | L30.9",1
Diabetes mellitus Typ 2 | E11.99,1
Diabetes insipidus | E23.2,1
Coxarthrose rechts | M16.9,1
"Fibromyalgiesyndrom, ED 2014 | M79.70",1
"Impingement Syndrom re, ED 2016 | M75.4",1
Sclerodermia circumscripta | L94.0,1
Helicobacter pylori-negative geringe Gastritis | K29.6,1
BWS-Syndrom re | M54.84,1
"Herzrhythmusstörungen mit SVES, VES | I49.4",1
Aortenklappe | I08.3,1
Spondylitis ankylosans | M45.00,1
"HLA B27 positiv mit rezidivierender Iritis, ED 1998 | M46.99",1
Morbus Crohn | K50.9,1
Diabetes mellitus Typ 2 (diätetisch geführt) | E11.90,1
"Hyperkinetisches Herzsyndrom, ED 1994 | I51.9",1
Deg. WS-Syndrom | M54.80,1
Schultergelenk Schmerzen rechts | M79.61,1
"Restless-legs-Syndrom, ED 2016 | G25.81",1
"Arterielle Hypertonie, ED 12/2006 | I10.90",1
HWS- und LWS-Verspannungen | M54.80,1
Seborrhoisches Ekzem | L21.9,1
V. a. Prurigo-Variante bei atopischer Disposition | L28.2,1
Mittelfußarthrose bds. | M19.97,1
Plantarfasziitis rechts | M72.2,1
Kalkaneussporn | M77.3,1
Myelitis HWK 3/4 und BWK 5/6 DD autoimmun-entzündlich | G04.9,1
Degeneratives Wirbelsäulensyndrom | M54.80,1
Manifeste Osteoporose | M80.08,1
"Monoklonale Gammopathie unklarer Signifikanz (IgG Kappa), ED 05/2017 | D47.2",1
Hashimoto-thyreoiditis | E06.3,1
"HWS-, BWS-Syndrom | M54.80",1
"Anti-CCP-Ak, Rheumafaktor positive rheumatoide Arthritis, ED 09/2014 | M05.90",1
Pollinosis | J30.1,1
Belastungsasthma | J45.19,1
Klimakterische Beschwerden | N95.9,1
Tinnitus aurium linksbetont | H93.1,1
"Rheumatoide Arthritis, ED 1996, Rheumafaktor- u. CCP-positiv | M06.90",1
Gastroäsophageale Refluxkrankheit bei axialer Hiatushernie | K21.9,1
Tinnitus aurium rechtsbetont | H93.1,1
Somatoformer Schwindel | R42,1
Knieschmerzen links | M25.16,1
Fibromyalgie mehrere Lokalisationen | M79.70,1
Chronische Migräne | G43.8,1
Obstruktives Schlafapnoesyndrom | G43.31,1
Degeneratives LWS-Syndrom | M54.86,1
"Hashimoto Thyreoiditis, ED 2007 | E06.3",1
Chron. Schwindel | R42,1
Migräne | G4,1
"Polyarthrose, der Finger-, Hand- und Sprunggelenke | M15.9",1
Hereditäres Beinlymphödem | Q82.01,1
Hypohyreose | E06.3,1
Autoimmune Thyreoiditis | E06.3,1
Beginnende Polyarthrose | M15.0,1
Degeneratives HWS/BWS-Syndrom | M54.80,1
"Trigeminusneuralgie des 2.Astes rechts, postinfektiös | G50.0",1
Wartenberg Syndrom rechts | G56.3,1
HWS/BWS-Syndrom bei Bandscheibenvorfällen in mehreren Etagen | M54.80,1
Schultergelenksarthrose links | M19.01,1
"BET, Radiatio | C50.9",1
Karpaltunnel-Syndrom bds. | G56.0,1
"Chronische Polyarthritis, HLA B27 pos. | M79.00",1
Polyarthrose | M15.0,1
Zervikobrachial-Syndrom rechts | M53.1,1
Sulcus ulnaris Syndrom re | G56.2,1
Knieschmerze bds. | M25.56,1
Z. n. bösartiger Neubildung Brustdrüse | C50.9,1
Arzneimittelinduzierte Osteoporose | M81.49,1
"Sigmadivertikulose, Z. n. erstem Schub einer Sigmadivertikulitis 7/2012 | K57.3",1
Oberkieferneuralgie rechts bei Z. n. Kieferostitis | M79.28,1
BWS- und LWS-Syndrom | M54.80,1
KHK ohne interventionsbedürftige Stenosen | I25.9,1
Asthma bronchiale | I45.1,1
WS-Syndrom | M54.82,1
Degeneratives LWS | M54.86,1
Osteochondrosen LWK 4 bis SWK 1 | M42.16,1
Lichen Rubber | L43.9,1
Einschränkung der tiefen Inspiration | M54.84,1
Lumboischialgie rechts | M54.4,1
Rhizarthrose beidseits | M18.0,1
Chronische Bauchbeschwerden | R10.4,1
Fußschmerzen bds. | M21.63,1
"M. Crohn, ED 1990 | K50.9",1
Chronische abdominelle Schmerzen | R10.4,1
Inkompletter Linksschenkelblock | I44.6,1
Nikotinkonsum | F17.1,1
"Seropositive Rheumatoide Arthritis, ED 09/2003 | M05.90",1
"Niedrig malignen Non-Hodgkin-Lymphom der B-Zellreihe, ED 12/2016 | C85.1",1
"Sensible, axonale Polyneuropathie einschl. neuropathischer Schmerz | G62.9",1
"Lupus erythematodes, ED 06/2013 | L93.1",1
"Primär biliäre Zirrhose, ED 2009 | K74.3",1
Chronischer Gesichtsschmerz beidseits bei | G50.1,1
- Postzosterneuralgie des Neuralgie des N.trigeminus links (V3 links) | G53.0,1
- Craniomadibuläre Dysfunktion | K07.6,1
"Progressive systemische Sklerodermie, SCL-70 Antikörper pos. (ED 1999) | M34.0",1
"Lungenfibrose mit mittelgradig eingeschränkter Lungenkapazität, leichter Diffusionsstörung und leicht erhöhtem pulmonalarteriellem Druck | J99.1",1
"Schwere Raynaud-Symptomatik, Z.n. Fingerkuppenulcerationen | I73.0",1
Hypothyreose nach Schilddrüsenresektion | E89.0,1
Überaktive Blase mit Dranginkontinenz | N32.8,1
Schulterschmerzen bds. | M50.1,1
Restless legs Syndrom | G25.81,1
"Sarkoidose, ED 08/2014 | D86.9",1
"Morbus Basedow, Z.n. Thyreoidektomie 4/2010 | E89.0",1
V.a. Reizdarmsyndrom | K58.0,1
Hyperventilation | R06.4,1
"Multiple Sklerose, ED 2007 | G35.20",1
Bandscheibenvorfall L2/3 | M51.9,1
Fußheberparese links und Sensibilitätsdefizit im Dermatom L5 | G57.8,1
"Colitis ulcerosa, ED 1997 | K51.9",1
V.a. Colitis assoziierte arthritis | M07.40,1
AA bei Vorhofflimmern | I48.0,1
Tinnitus aurium re. | H93.1,1
"Morbus Crohn, ED 06/2012 | K50.1",1
mit assoziierten Arthralgien | M07.40,1
Chronische Sinusitis max. und ethmoidalis bds. | J32.4,1
Hüfteschmerzen links | M79.65,1
Hüfte schmerzen rechts | M16.9,1
Omalgie bds | M25.51,1
Impingement-Syndrom der Schulter rechts | M75.4,1
Achillodynie bds. | M76.6,1
Ulceröse Refluxösophagitis | K21.0,1
Bursitis trochanterica rechts | M77.9,1
Struma nodosa diffusa | E04.9,1
Diabetes mellitus Typ IIE | E11.90,1
"Hashimoto Thyreoiditis, ED 2017 | E06.3",1
Hüftenschmerzen bds. | M16.9,1
Zehenfraktur 11/2011 | M89.07,1
Rezid. beidseitigen Knie- und Hüftgelenkschmerzen rechts | M25.50,1
"Impingement-Syndrom Schultern bds., links mehr als rechts | M62.61",1
Chron. Schmerzsyndrom der Brust- und Lendenwirbelsäule | M54.90,1
Primäre biliäre AMA-negative Zirrhose | K74.3,1
Leichte kognitive Störung | F06.7,1
Großzehengrundgelenkarthrose li. | M19.97,1
Z.n. Knie-Schlittenprothese rechts 01/2023 | M17.9,1
Überlappungssyndrom Sjögren/Systemischen Lupus erythematodes | M35.9,1
"Arthritis psoriatica, HLA-B27 negativ | L40.5",1
"Psoriasis capitis, ED 2002 | L40.0",1
"mit sekundärem Lymphödem linkes Bein, EM 2008 | I89.09",1
Tendinitis calcarea der rechten Schulter | M79.61,1
Reizdarmsyndrom mit Diarrhoe | K58.0,1
Livedo racemosa bei Antiphospolipid-Syndrom | M30.8,1
Schulter schmerzen links | M25.51,1
Keratokonus bds. | H18.6,1
"Vielfache Allergien gegen Gräser, Katze, etc. | Z88.9",1
Unterleibschmerzen sowie Rezidivierenden Harnwegsinfekten | N39.0,1
"Z.n. teils endometroidem, teils klarzelligem Adenokarzinom des Endometrium, FIGO IIB, ED 2010, Z.n. Wertheim-Meigs-Operation mit iatrogener Ureterläsion 2010 | C54.1",1
"brusterhaltende Therapie, Radiochemotherapiebis 07/2016 | C50.4",1
"Axiale Spondyloarthritis, HLA-27 positiv, ED 10/2014 mit | M45.00",1
Sekundäre Fibromyalgie | M79.70,1
"Seronegative Arthritis der Hände, ED 2003, HLA B 27 positiv | M06.90",1
Substituierte Hypothyreose | E03.9,1
"Asymmetrisch rechtsbetonte, sensorische Polyneuropathie | G62.88",1
PAVK vom Oberschenkeltyp | I70.29,1
"Colitis ulcerosa, ED 1989 | K51.9",1
BWS-Syndorm | M54.84,1
Colitis ulcerosa | K51.9,1
Degeneratives LWS-Syndrom mit Osteochondrose L5/S1 | M54.86,1
Impingement rechtes Shultergelenk | M75.4,1
Hypothyreose bei Z.n. Strumektomie 2010 | E89.0,1
Zystische Fibrose mit sonstigen Manifestationen | E84.88,1
Sekundär biliäre Zirrhose | K74.4,1
Pankreasinsuffizienz | K86.8,1
Schleimig-eitrige chronische Bronchitis | J41.1,1
Bronchiektasien | J47,1
Hydronephrose links | N13.3,1
Nephrolitiasis | N20.0,1
Generalisierte idiopatische Epilepsie und epileptische Syndrome | G40.4,1
Refluxösophagitis Grad A | K50,1
Asthma bronchial | J45.9,1
Struma multinodosa mit großen zystischen Knoten | E04.2,1
Antiphospholipid-AK | M32.9,1
Sekundäres Sicca-Syndrom | M35.0,1
Schwindel unklarer Ursache | R42,1
Chronische Pansinusitis mit anhaltender nasaler Obstruktion | J32.4,1
Rhizarthrose links | M18.1,1
HWS-Syndrom links | M54.82,1
"Eisenmangelanämie, ED 2017 | D50.9",1
Rechtschenkelblock | I45.41,1
Gonarthrose | M17.0,1
Schulterschmerzen rechts | M75.0,1
"Hüfteschmerzen links, | M79.65",1
Rezidiv. paroxysmales Vorhofflimmern | I48.0,1
Hüftenschmerzen linksbetont | M17.9,1
* Fibromyalgie | M79.70,1
* Degeneratives HWS-Syndrom | M54.82,1
und im linken Arm | R20.8,1
COPD GOLD Grad II/III | J44.99,1
Hypothyreose bei Z.n. partialer Thyreoidektomie 1971 | E03.9,1
Chronisches lumbales LWS-Syndrom | M54.86,1
"Rheumatoide Arthritis, ED 2016, Rheumafaktor und ACPA-positiv | M05.90",1
Sekundäres Fibromyalgie-Syndrom | M79.70,1
Degeneratives LWS- und HWS-Syndrom | M54.90,1
Großzehengrundgelenksarthrose bds. | M19.07,1
Migräneartige Kopfschmerzen | G44.2,1
Hashimoto Thyreoiditis | E06.9,1
"Rezidiv. Herpes-Zoster-Affektionen, meist Gesäß B02.2, | G53.0",1
OAK mit Marcumar | Z95.2,1
Tendinitis calcarea der Supraspinatussehne bds. | M75.3,1
- V.a. -Post-COVID-19-Syndrom | U09.9,1
Nichtorganische Insomnei | F51.0,1
Wechseljahrenbeschwerden | N95.9,1
Lumbosacral-Syndrom | M54.87,1
"Colitis ulcerosa, ED 2005 | K51.9",1
Primäre Koxarthrose bds. | M16.0,1
Radikulopathie Lumbosakralbereich | M54.17,1
"Generalisierte, zirkumskripte Sklerodermie | L94.0",1
"Xerosis cutis, Integument | L85.3",1
Xerostomie | K11.7,1
Chron. LWS-Syndrom bei | M54.86,1
Bandscheibenprolaps L5/S1 | M51.8,1
Hallux valgus et rigidus rechts mit Metatarsalgie | M20.1,1
Reizknie rechts | M23.89,1
V.a. Neuralgie des N. ilioinguinalis links | M79.29,1
"Gastroösophageale Refluxkrankheit, ohne Ösophagitis | K21.9",1
"M. Grover, ED 2015 | L11.1",1
Fibomyalgie | M79.70,1
Axonale demyelinisierende Polyneuropathie | G62.9,1
"Feuchte Makuladegeneration rechts, ED 03/2022 | H35.321",1
Schmerzen im Bereich des linken Vorfußes | M25.5,1
Fingergelenkschmerzen | M15.9,1
Laktose Unverträglichkeiten | E73.9,1
Polyneuropahtie | G62.9,1
Hypothyreose | E06.3,1
Zervikobrachialsyndrom bds. mit Pseudoradikuärensyndrom li. betont bei degen. Veränderungen mit Neuroforamenstenose C5/6 und C6/7 bds. | M53.1,1
V.a. Myopathie unklarer Genese | G72.9,1
Multiple Sklerose | G35.9,1
Chronische bronchitis | J41.0,1
Z.n. septischer Prostatitis bei vorbestehender Prostatahyperplasie mit Z. n. TUPR und länger dauernder Urininkontinenz | N41.0,1
"mit Funktionsstörung bei Z.n. Arbeitsunfall am 16.02.2015 mit Distorsion li. Handgelenk, knöchernen SL-Bandausriss. | M79.63",1
Polyarthritis | M06.90,1
- Parästhesien beider Beine und li. Arm | R20.2,1
- Gangstörung | R26.8,1
Z.n. Thalamusinsult rechts 03/2018 | I63.9,1
"Z.n. Einkammer-SM-Implantation (Typ Enitra 8 SR-T, Fa Biotronic bei | Z95.0",1
Hochgradige Skoliose im Thorakolumbalbereich | M41.25,1
"Polyneuropathie, ED 2014 | G62.9",1
Adipositas Grad II | E66.01,1
Koxarthrose bds. | M16.9,1
Idiopatische Sauer-Parageusie | R43.2,1
"Koronare 2-Gefäßerkrankung, | I25.9",1
Degeneratives LWS-Syndrom | M47.26,1
Morbus Menière links | H81.0,1
Vorhofflimmern paroxysmal | I48.0,1
Psoriasiformes Ekzem | L20.9,1
V.a. Asthma bronchiale | J45.9,1
WS-Syndrom | G54.80,1
* Turner-Syndrom (ICD-10 | Q96.9,1
Chronischer Kopfschmerz | G44.3,1
Hirnorganisches Psychosyndrom mit leichter kognitiver Störung bei | F06.9,1
Kalottenfraktur und Frontobasisfraktur rechts | S06.9,1
Tinnitus aurium | H91.3,1
Degeneratives HWS Syndrom | M54.82,1
Spondylolisthesis L5/S1 | M43.17,1
"Z.n. Ileus bei stenosierendem Colon ascendens-Karcinom (pT3, G2, pN2b (20/25) Mx, lokal R0, L1, V1, Stadium III C. Z.n. Z.n. Hemicolektomie rechts mit Ileotransversostomie (07.06.2017) | C18.2",1
Zervikale Spinalkanalstenose mit beginnender zervikaler Myelopathie | M99.51,1
und ACPA-positiv | M05.90,1
Steatosis hepatis Grad II | K76.0,1
"Colitis ulcerosa, ED 08/2017 | K51.9",1
"Lungenfibrose unklarer Genese, ED 2018 | J84.1",1
"Beinbetonte, primär Axonale Polyneuropathie | G62.9",1
Restless leggs Sydrom | G25.81,1
"Rheumatoide Arthritis, Anti-CCP positiv, RF negativ, ED 2011 | M06.0",1
Kalkaneusfraktur 2006 nach Arbeitsunfall | M79.69,1
Z. n. Spondylodese 03/2006 | M54.16,1
"Z.n. Mamma CA re. 9/2024, mit konsek. Operation und Radio | C50.9",1
Fingergelenkarthrose III rechts | M19.94,1
Knieschmerzen rechts | M15.9,1
"Anti-CCP-Ak, Rheumafaktor positive rheumatoide Arthritis, ED 2011 | M05.90",1
Hypothyreose mit Substitutionstherapie | E03.8,1
"Koxarthrose links, Z.n. Hüft-TEP 2017 li | M16.1",1
Autonome Dysregulation mit generalisierter Hyperhidrose | G90.8,1
Reflux im Ösohpagus | K21.9,1
Interkostalneuralgie re. nach Rippenfraktur | G58.0,1
"Lipödem stammbetont, sowie Ober- und Unterschenkel bds. | I89.00",1
Adipositas Grad III | E66.06,1
Subjektive Hypersalivation | K11.7,1
Durchschlafstörungen | G47.9,1
Lumboischialgie bei mehrsegmental degenerativen Veränderungen | M54.4,1
Lumboischialgie derLWS bei arthrotischen Veränderungen | M54.4,1
Zervikobrachialsyndrom rechts | M53.1,1
"3-Gefäß-KHK, Z.n. minimal-invasiver CABG OP 05/10 | I25.9",1
Schulter-Arm-Syndrom links | M79.61,1
Reizdarsynrom | K58.0,1
Linksschenkelblock-EKG (anamnestisch seit ca. 20 Jahren bekannt) | I44.7,1
Obstruktives Schlafapnoesyndrom (CPAP-Therapie) | G47.31,1
Chronische linkseitige Gesichts- und Kopfschmerzen | G50.1,1
bei koronarer Dreigefäßerkrankung | I25.12,1
Hypercholesterinämie | E78.2,1
Lumboischialgie der LWS bei arthrotischen Veränderungen | M54.16,1
Rhizarthrose re | M18.9,1
"1-Gefäß-KHK mit hochgr. Stenose RCX, PTCA und Stent 3/2015 | I25.9",1
Chronisches WS-Syndrom | M54.89,1
Fingerpolyarthrose bds. | M15.8,1
Multifaktorielle Gangunsicherheit | R26.8,1
Bilaterale Vestibulopathie | H81.8,1
Sensible Polyneuropathie | G62.9,1
Vorhofflimmern mit teilweiser tachykarder Überleitung (ED 03/2012) | I48.9,1
Chronische Niereninsuffizienz | N18.9,1
Multiple Herzoperationen | Z98.8,1
Postoperative Hypothyreose bei Z.n. papilären Schilddrüsencarzinom 2013 | E03.9,1
Trockener Makuladegeneration | H35.3,1
Pseudoradikuläres Schmerzsyndrom mit Musculus piriformis Syndrom | G57.8,1
Prolaps L5/S1 | M54.4,1
Spannungskopfschmerzen | K44.2,1
Morbus Hailey-Hailey (Pemphigus chronicus benignus familiaris) | Q82.2,1
Allergische Kontaktdermatitis bei Nickelallergie | L23.0,1
Chronisches HWS-Syndrom bei degenerativen Veränderungen der HWS | M54.82,1
Demyelinisierend betonte sesomotorische Polyneuropathie | G62.9,1
Erschöpfung und Wetterfühligkeit mit emotionaler Instabilität | R53,1
Chronisch rezidivierende Dyspepsie | K30,1
Gastroösophageale Refluxerkrankung | K21.9,1
HWS-Syndrom linksseitig | M54.82,1
Pseudoradikuliäres lumbales Schmerzsyndrom links | M54.97,1
Bewegungsabhängige Schmerzen im Schulter-/Gürtelbereich links | M79.61,1
Belastungsabhängige Schmerzen beider Füße | M79.67,1
Atopisches [endogenes] Ekzem | L20.9,1
Sensomotorische demyelinisierende Polyneuropahtie | G62.9,1
Morbus Bechterew | M45.09,1
Ellenbogengelenkschmerzen bds. | M79.62,1
Migräneartige Kopfschmerzen | G44.8,1
HWS-Syndrom | M54.2,1
Knieschmerzen bds. | M79.66,1
Spreizfuß bds. | M19.91,1
Unklare Atembeschwerden | R06.88,1
Hashimoto-Thyreoiditis | E03.6,1
V.a. Reizdarm-Syndrom | K58.3,1
"Colitis ulcerosa, ED 2014 | K51.9",1
- nach i.v.-Antibiose mit Ceftriaxon 2 g/Tag für 14 Tage | Z86.1,1
Migräne | G47.9,1
Schlaflosigkeit | G47.0,1
"KHK, Z.n. MIC 2003 | I25.9",1
Überaktive Blase | N32.8,1
"Polyneuropathie, ED 2013 | G62.9",1
"Chronisches Vorhofflimmern, ED 05/16 – Antikoagulatio mit Eliquis | I48.1",1
Lumboischialgie M54.4 bei Osteochondrose und Spondylarthrose | M42.96,1
ISG-Arthrose | M19.05,1
Hashimoto Thyreoiditis | E03.9,1
Zervikothorakales Schmerzsyndrom | M54.93,1
LWS-Syndrom rechts | M54.96,1
Tinnitus aurium bds. | H33.1,1
Flanken- und Oberschenkelschmerzen | R52.1,1
Fußsohleschmerzen links | M79.67,1
"Polytopes, polymorphes Schmerzsyndrom mit Anteilen einer Fibromyalgie | M79.70",1
sowie HWS nach einer Prellung am 07.11.2017 | M79.61,1
"Rheumatoide Arthritis, ED 07/2017 | M05.80",1
Myofaszialesschmerzsyndrom | M79.19,1
Gesichtsschmerzen bds. | R51,1
"Seropositive chronische Polyarthritis, ED 2020 | M06.99",1
Erythema nodosum | L52,1
Spondylosis deformans | M47.90,1
Kopftremor | R25.1,1
"durch Lumbalpunktion, EM 06/2020 B02.2, | G53.0",1
Z.n. Lungenembolie bds. 4/2022. | I26.9,1
Sensomotorische Polyneuropathie | G62.9,1
Neurodermatitis | L20.9,1
"Seropositive late-onset Rheumatoide Arthritis, ED 8/2018 | M06.00",1
Diabetes mellitus Typ 1 ab ca. 1988 | E10.90,1
"Rheumatoide, seropositive Arthritis, ED 1997 | M06.99",1
Beginnende rheumatoide Arthritis | M06.99,1
Karpaltunnel-Syndrom rechts | G56.0,1
"Seropositive und CCP-AK positive Rheumatoide Arthritis, ED 09/2014 | M06.90",1
"Thrombozytose, ED 2013 | D75.9",1
"Eisenmangelanämie, ED 2008 | D50.0",1
"Chronisches Fatique-Syndrom, externer V.a. chronische EBV-Infektion | G93.3",1
Myofasziales Schmerzsyndrom im Schulter- und Nackenbereich | M79.91,1
Unklare Muskel- und Gliedeschmerzen | M79.19,1
"Hypothyreose, Z.n. Thyreoidektomie 05/2010 | E03.8",1
Retropatellararthrose beidseits | M17.1,1
DD. Idiopathische Gesichtsschmerzen | G50.0,1
Myoklonischen Zuckungen unklarer Genese | G25.3,1
Episodischer Cluster-Kopfschmerz | G44.0,1
für 15 Min. bei Clusterkopfschmerzattacke. | O2,1
nozizeptive und neuropatische Schmerzen | R52.2,1
Leistenschmerzen links | M16.9,1
Chronic-Fatigue-Syndrom CFS/ME | G93.3,1
- Post-COVID-19-Syndrom | U09.9,1
Frozen Shoulder links | M75.0,1
Chronische Sinusitis maxillaris | J32.0,1
Mittelgesichtsverletzungen 02/09/1983 | R51,1
Schmerz li. bei prothetischer Versorgung | Z90.0,1
Rezidivierende Cervicobrachialgien li. | M53.1,1
Knieschmerzen beidseits | M17.9,1
Hypothyreose | E08.3,1
"Morbus Crohn, EM 7/77, ED 1979 | K50.1",1
Adipositas | E66.90,1
Chron. Unterbauchschmerzen | R10.4,1
Granulomatöse Rosazea | L71.9,1
HWS-Schulter-Arm-Syndrom rechts | M53.1,1
"Persistierende abdominelle Beschwerden, a.e. IBS | K58.8",1
"Diabetes mellitus, Typ II, ED 2021 | E11.90",1
"Hashimoto Thyreoiditis, ED 2021 | E03.6",1
Chronische Müdigkeitssymptomatik | G93.3,1
Post-COVID-19-Zustand | U09.9,1
Magen-Darmbeschwerden | K31.88,1
Knieschmerzen linksbetont | M17.9,1
Trigeminusneuralgie V2 und V3 rechts | G50.0,1
Hemicrania continua rechts | G44.0,1
Chronische Nierenerkrankung Stad G4-5 A3 bei | N18.9,1
4/1999 wegen Morbus Basedow | E03.8,1
Schwindel | H81.1,1
Impingement-Syndrom beidseits mit Supraspinatustendinose bds. | M75.4,1
HWS/BWS/LWS-Syndrom | M54.80,1
Femoropatellararthrose bds. mit Patellasubluxation bds. | M22.0,1
"Z.n. Mamma CA li. 8/2019, mit konsek. Operation und Radio | C50.9",1
Schulterbeschwerden links | M25.51,1
"Lymphödem der oberen Extremität, Stadium II links | I89.01",1
Chronisch-Venöse-Insuffizienz beiderseits | I87.20,1
Heuschnupfen | J30.1,1
Rizarthrose links | M18.9,1
Limitiert cutan systemische Sklerodermie | M34.8,1
- Raynaud und Calcinosis cutis der Finger und Knie | I73.0,1
Limitiert kutane systemische Sklerodermie | M34.8,1
- Raynaud und Calcinosis cutis der Finger und der Knie | I73.0,1
Ekzematöse Dermatitis | L30.9,1
CMD | G44.8,1
Small Fiber Polyneuropathie | G62.88,1
"Missempfindungen, am ehesten funktionelle Störung | R20.2",1
Gemischtförmiges Asthma bronchiale | J45.8,1
Rezidivierenden Bronchitiden | J42.0,1
Cervicocranialsyndrom | M53.0,1
von Haemophilus influenzae 03/2023 | J14,1
Kopfschmerzen | R42,1
BWS-Syndrom | M54.85,1
"Psoriasis Arthritis, ED 10/2016 | L40.5",1
Psoriasis vulgaris seit dem 18. Lebensjahr | L40.9,1
(Sekundärer) Fibromyalgie-Syndrom | M54.90,1
Chron. Schmerzen im Sakrococczygealbereich rechts | M54.98,1
Chron. Knieschmerzen rechts | M17.9,1
Morbus Forestier | M48.19,1
Neuropathie des N. trigeminus (V2 und V3) link | G50.9,1
PCI RIVA mit Implantation 1 DES 12/2017 | I25.9,1
Handgelenkschmerzen rechts | M25.53,1
Kreuzschmerz | M54.5,1
Post-Zoster-Neuralgie | G53.0,1
Sprunggelenkschmerzen rechts | M25.57,1
"Gesichtsschmerzen rechts, am ehesten bei Trigeminusneuralgie rechts | G50.9",1
Koxarthrose | M16.1,1
Psychovegetativer Erschöpfungssyndrom | G93.3,1
Schwindel und Druck am linken Ohr im Rahmen des Morbus Meniére | H81.0,1
"Colitis ulcerosa, ED 2019 | K51.9",1
Palpitation | R00.2,1
HWS-Syndrom | G54.82,1
Dauerschmerz re. Fuß | G57.5,1
Z.n. ASK re. Schulter 07.06.2019 | Z98.8,1
Muskulo/ skelettale Thoraxschmerzen | R07.4,1
Fußschmerzen rechts | M19.07,1
Hypotensive Motilitätsstörung des tubulären Ösophagus und des unteren Ösophagus-Sphinkters (UÖS) | K22.4,1
Refluxösophagitis Grad A (Los Angeles Klassifikation) | K21.0,1
Hüfteschmerzen beidseits | M25.55,1
Fersenschmerzen rechts | M79.67,1
"Z.n. Mamma CA li., OP 09/08 und 10/08, anschl. Chemotherapie, Radiatio | C50.2",1
Lumboischialgie | M54.86,1
Schnellender Mittelfinger rechts | M65.3,1
"Morbus Bechterew, ED 1988 | M45.00",1
Trigeminusneuralgie V2/V3 links | G50.0,1
"Ro-Ak, Antiphospolipid-Ak, Komplementumsatz, ED 1989 | M32.9",1
Sekundäres Sjögren-Syndrom | M35.0,1
"IgA-Mangel, rezidivierende Bronchitiden | Z86.1",1
Restless Legs Syndrom | G25.81,1
Morbus Addison | E27.9,1
Refluxösophagitis Grad Ia | K21.0,1
WS-Muskelverspannungssyndrom | M54.80,1
Tinnitus aurium rechts | H93.3,1
"Seropositive Rheumatoide Arthritis, ED 2020 | M06.90",1
Omarthrose links | M19.91,1
M. Scheuermann | M42.00,1
"Seronegtive Anti-CCP/ACPA-positive Rheumatoide Arthritis, ED 2019 | M06.00",1
Chronisches Schmerzsyndrom im Chronifizierungsstadium II | R52.2,1
Sensomotorische axonal betonte Polyneuropathie | G62.9,1
Myofasziales Schmerzsyndrom der Beine und Füße | M79.19,1
Stent-Versorgung 02/2019 | I25.19,1
Z.n. SM-Implantation bei Sick-Sinus-Syndrom mit Synkope (01/2019) | Z95.0,1
"Z.n. Mammacarcinom rechts, Z.n. Wide Excision re. Mamma 12/2020 | C50.0",1
"COPD (COPD 2, Gruppe B, mMRC 2 Punkte) | J44.9",1
Axonale Polyneuropathie der Beine nach Churge-Strauß-Vaskulitis | G62.9,1
Hüfteschmerzen rechts | M25.55,1
Chronische Schmerzen Flankenschmerzen recht | R52.2,1
Atherosklerotische Zwei-Gefäß-Erkrankung | I25.9,1
Typ-2-Diabetes mellitus | E11.90,1
Dosierung | U12.9,1
"Systemischer Lupus erythematodes, ED 2014 | M32.9",1
Hypothyreose bei Z.n. Thyreoidektomie 1993 | E03.9,1
"Post-Herpes-Neuralgie, Z. n. Herpes Zoster 6/2023 B02.2, | G53.0",1
Schwindel und diskrete Koordinationsstörungen | R42,1
"Diabetes mellitus, Typ 2 | E11.88",1
HWS-Schmerzen | M54.82,1
Lyme-Borreliose | A69.2,1
Chronisches Schmerzsyndrom vom Fibromyalgietyp | M79.70,1
Chronisch degeneratives HWS-Syndrom | M54.82,1
(Zeitpunkt unbekannt) | I25.9,1
"Morbus Crohn, ED 2002 | K50.1",1
Antibiotika assoziierte Diarrhoen DD CED | K52.1,1
"Systemischer Lupus erythematodes, nicht näher bezeichnet | M32.9",1
"Diabetes Mellitus, Typ 2 | E11.90",1
Impingement-Syndrom der rechten Hüfte | M25.85,1
Achillodynie links | M76.6,1
Omarthrose Grad 4 rechts | M19.91,1
Schmerzen in den Extremitäten Beckenregion und Oberschenkel re. | M79.65,1
"Reizdarmsyndrom, Diarrhoe-prädominant | K58.1",1
Unverträglichkeit von Sorbit und Lactose | T78.1,1
Radikulopathie Zervikothorakalbereich linksseitig | M54.13,1
Radikulopathie Lumbosakralbereich linksseitig | M54.17,1
Schmerzen in den Extremitäten Beckenregion und Oberschenkel | M79.65,1
Schulter Schmerzen bds. | M79.61,1
"Diabetes mellitus Typ II, diätetisch eingestellt | E11.90",1
Abdomenschmerzen | R10.4,1
Steißbeinschmerzen | M53.3,1
Rezidivierende Lumbalgien | M54.86,1
Rückenschmerzen | M54.90,1
Komplexes regionales Schmerzsyndrom Typ I der unteren Extremität | G90.51,1
Komplexes regionales Schmerzsyndrom Typ I der oberen Extremität | G90.50,1
Spina bifida occulta | Q76.0,1
Idiopathische Verlängerung der QT-Zeit (V.a. Romano-Ward-Syndrom) | I49.9,1
"Kiefergelenkschmerzen bds., Z.n. Kiefergelenkarthroplastik 2012 | K07.6",1
Knieschmerzen bds. | M16.9,1
Polyneuropathie der Füße | G62.9,1
"KHK, Z.n. PTCA, 2xDES in LAD 2018 | I25.9",1
OSAS | G47.31,1
V.a. Burning-Mouth-Syndrom | K14.6,1
CMD | K07.6,1
Ganzkörperschmerzen | M70.90,1
Obstipation | K59.09,1
Exokrine Pankreasinsuffizienz | K86.8,1
Heberden-Knoten mit Arthropathie bds. | M15.1,1
Belastungsdyspnoe | R06.0,1
Psoriasiforme Dermatitis | L30.9,1
"Lymph- und Lipödem der unteren Extremitäten, Stadium II I89.0, | E88.21",1
Seborrhoisches Ekzem | L21.8,1
Chronische Bronchitis | J42,1
Migräne mit Aura (gewöhnliche Migräne) | G43.0,1
Schulterschmerzen links | M75.2,1
Chron. Verdauungsbeschwerden | K29.5,1
Lipödem – Syndrom der Beine und Arme | R60.0,1
Ventrikuläre Extrasystolen | I49.3,1
Chronischen Kopfschmerzen | G44.2,1
"Hypothyreose, Z.n. totale Thyreoidektomie 2/2011 | E03.8",1
"POTS, posturales Tachykardiesyndrom | G90.09",1
Urticaria | L50.9,1
Fingerpolyarthrose bds. | M15.9,1
Fußsohleschmerzen | M79.67,1
Unklare Beinschmerzen bds. | M79.69,1
Hypothyreose – Z.n. Hemithyreoidektomie 1995 | E03.8,1
"Fibromyalgie, ED 01/2009 | M79.70",1
V.a. beginnende sensible Polyneuropathie | G62.9,1
Hypothyreose unter Substitution | E03.9,1
"Z.n. subretinaler Massenblutung, Netzhautinfarkt linkes Auge 04/2009 | H35.6",1
Nesselsucht seit 9/2020 | L50.9,1
Multiple Allergien | T78.4,1
Migräne mit Aura | G4,1
"Syndrom polyzystischer Ovarien, ED 10/2021 | E28.2",1
Endometriose [Z.n. Hysterektomie 2009] | N80.9,1
Monoklonale Gammopathie [vom IgGa-Lamda] | D42.7,1
Allergische Asthma bronchiale | J45.0,1
V.a. Primäres Parkinson-Syndrom mit deutlichen non | G20.11,1
Osteochondrose und Spondylose der HWS mit spinaler Enge HWK5/6. | M42.12,1
Osteochondrose der LWS | M42.16,1
Z.n. VZV-Infektion Schulter rechts 2016 | Z86.1,1
Neuropatische Beschwerden | G62.9,1
Neuralgie | M78.29,1
"Lip-Lymphödem der unteren Extremität, Stadium II (Typ Reithosen) | I89.04",1
Obstruktives Schlafapnoesyndrom (cPAP Maske seit 2018) | G47.3,1
Migräne mit und ohne Aura | G43.9,1
Sensible betonte Polyneuropathie mit small-fibre Beteiligung | G62.9,1
Koronare 3-Gefäßerkrankung | I25.9,1
pAVK Stadium I-II | I70.29,1
V.a. Polyneuropathie bei bekanntem Vitamin B12 Mangel | G62.9,1
Mittelohrtubenbelüftungstörung bds. | H69.8,1
Fibromyalgie Mehrere Lokalisationen | M79.70,1
Spinal(kanal)stenose Zervikalbereich | M48.02,1
"Spondylolisthesis Lumbalbereich L3-L5, Z.n. Fixateur interne 2005 | M43.16",1
BWS-Syndrom mit Myogelosen | M54.6,1
intrinsisches Asthma bronchiale | J45.1,1
Sonstige Hypothyreose | E03.8,1
Zervikothorakales Schmerzsyndrom mit muskulären Verspannungen | M54.93,1
V.a. atypisches Parkinson-Syndrom | G21.8,1
Chronische LWS-Beschwerden bei Facetengelenksarthrose | M54.86,1
Axiale Sacroileitis | M46.1,1
"Klarzelliges Nierenkarzinom rechts, ED 10/2021 | C64",1
Obstipation | K58.2,1
"Erschöpfung, Antriebslosigkeit | T73.3",1
Chronische Schmerzen im linken Unterbauch | R10.4,1
Divertikelkrankheit | K57.30,1
"Helicobacter pylori positive Gastritis K29.7, | B98.0",1
V.a. chronische Glomerulonephritis/DD Amyloidose/ | N03.9,1
"großen, unselektive glomerulärer Proteinurie | N39.1",1
mit Hypalbuminämie | E88.0,1
"MGUS-IgG-Kappa, ED 02/2021 | D47.2",1
Z.n. Bursitis trochanterica re. Hüfte | M77.9,1
"Asthma bronchiale, ED 2017 | J45.9",1
Prämenstruelles Syndrom | N94.3,1
Z.n. Enzephalitis ohne Erregernachweis 07/2018 | G04.9,1
Arzneimittel induzierte Polyneuropathie nach Chemotherapie | G62.20,1
"PST (EC, Paclitaxel/Carboplatin), BET u. SLNE re. 09/2020 | C50.4",1
Symptomatische fokale strukturelle Epilepsie | G40.2,1
Cerebrale Mikroangiopathie | I67.9,1
Psoriasis vulgaris mit exudativer Komponente | L40.0,1
"Axiale Spondylarthritis mit peripherer Beteiligung, EM Anfang 1994/95 | M45.09",1
V.a. benignes Myalgie-Faszikulationssyndrom | M79.1,1
Postlaminektomie-Syndrom | M96.1,1
"Skoliose und Spondylarthrose LWK5/SWK S1 M47.9, | M41.9",1
Hashimoto-Thyreoiditis mit Hypothyreose | E06.3,1
"Chronische Polyarthritis, ACPA positive | M06.90",1
Periarthropathia humeroscapularis bds. | M75.0,1
Einzelne symptomatische atriale und ventrikuläre Extrasystolen | I49.4,1
des langsamen AV-Knoten Leitungswegs am 15.06.2022. | I47.1,1
Exokrine Pankreasinsuffizienz | K90.3,1
Fußekzem | L30.9,1
Hypothyreose bei Z.n. Teilthyreoidektomie | E03.8,1
"Rheumatoide Arthritis, RF und ACPA positiv, ED 1990 | M05.80",1
Doppelbogige Thorakolumbalskoliose | M41.99,1
Erschöpfung durch übermäßige Anstrengung | T73.3,1
"Asthma bronchiale, cough variant, stressbedingtes Asthma | J45.9",1
Polyarthritis | M13.90,1
"Diffuse myofasziale Beschwerden, Muskuläre Dysbalancen | M79.10",1
Hypomobilität der BWS und HWS | M99.01,1
"Kreuzschmerz, ISG-Syndrom | M54.5",1
Chron. neuropathischer Schmerz im Ausbreitungsgebiet des N. rad. superf. links | G56.9,1
Restless legs Syndrom | G25.8,1
ISG-Syndrom links | M54.88,1
Epicondylitis radialis humeri rechts | M77.1,1
Z.n. punktuellem kortikalen Infarkten rechtshirnig 6/2020 | I63.9,1
Chronische Migräne mit und ohne Aura | G43.3,1
Allergisches Asthma | J45.0,1
mit rezidivierenden Synkopen | I95.1,1
Beginnende venöse Insuffizienz | I87.20,1
Multilokuläres myofasziales Schmerzsyndrom | M79.10,1
Koxarthrose | M16.9,1
"Chronische Nierenkrankheit, Stadium III | N18.3",1
Divertikulose | K57.91,1
Chronische Cervicobrachialgie und –Cephalgie | M53.0,1
Chronisch rezidivierende Lumboischialgie | M54.4,1
mit konsekutiver Operation und Radio-Chemotherapie | C50.9,1
BWS-Syndrom bei Skoliose | M41.94,1
Lumboischialgie rechts bei Osteochondrose | M42.96,1
Zervikobrachialgie bds. rechtsbetont bei Osteochondrose | M53.1,1
Gonarthrose links | M17.1,1
"Palpitationen, Z. n. supraventrikulärer Tachykardie | R00.2",1
Obstruktive Schlafapnoesyndrom | G47.31,1
Rheumatoide Arthritis in Prodromalphase (ED 2021) (Anti-CCP pos.) | M06.99,1
Zerebrale Mikroangiopathie mit Beteiligung des Hirnstamms | I67.89,1
Störung von Gang und Mobilität mit erhöhter Sturzneigung | R26.89,1
"V.a. essentieller Tremor, ED 05/2024 | G25.0",1
PTCA/Stenting 1x DES mediale LAD 19.01.2023 | I25.9,1
Arterielle Hypetonie | I10.90,1
Strumpfförmige Hypästhesie und Parästhesien | R20.1,1
Sensible Ataxie | R26.8,1
Polytope Schmerzen | M79.70,1
Hyperhidrosis | R61.9,1
Mundtrockenheit | R68.2,1
Synovitis und Tendosynovitis bds. | M65.99,1
Chronische Pansinusitis | J32.9,1
Tinnitus links | H93.1,1
neuropathischem Schmerzsyndrom der Füße bds. | G62.9,1
Muskelschmerzen der oberen Extremitäten | M79.19,1
rezidivierenden Pyelonephritiden 12/2011. | Z90.5,1
Myofasziales Schmerzsyndrom im Schulter-Nackenbereich | M79.19,1
Schmerzen im linken Arm | M79.69,1
Hypothyreose bei | E03.9,1
Leichtgradiges obstruktives Schlafapnoesyndrom | G47.31,1
Chronisch inflammatorisch demyelinisierende Polyneuropathie (CIDP) | G61.8,1
Gemischtförmiges Asthma bronchiale | J48.8,1
"(Geruchverlust, Gedächtnisstörungen) | U08.9",1
Primärer Hyperaldosteronismus | E26.0,1
Sonstige abnorme Hörempfindungen | H93.2,1
Lymphödem | I89.0,1
"Z.n. Mamma CA li. 2020, mit konsek. Operation und Radio-Chemotherapie | C50.2",1
Achillessehnenschmerzen | M76.6,1
Knieschmerzen | G17.0,1
Fußschmerzen | M79.67,1
Hypothyreose bei Z.n. Schilddrüsenresektion 1996 | E03.9,1
Chron. atypische Gesichtsschmerzen rechtsseitig | G50.1,1
"BWS/LWS-Syndrom bei alten, osteoporotischen LWK 1,3 und 4 Frakturen M54.85, | M80.88",1
Wechseljahresbeschwerden | N95.1,1
"Gonarthrose bds., rechts mehr als links | M17.9",1
"Steatosis hepatis, ED 10/2014 | K76.0",1
Chronisches degeneratives HWS-Syndrom | M54.82,1
"Morbus Crohn, ED 2017 | K50.1",1
Extremitäten links > rechts | M79.69,1
bei BSV L4/5 links mit Wurzelkompression L5 | M54.4,1
Small-fiber-Neuropathie | G60.8,1
Allergisches Asthma bronchiale | J45.9,1
"Dorsalgien der HWS-, BWS und LWS | M54.80",1
Chronische Migräne mit Aura | G43.1,1
Rezidivierendes HWS-Syndrom mit Zervikobrachialgien | M53.1,1
Z.n. Enzephalitis unklarer Genese 07/2022 | G04.9,1
"Obstruktive Schlafapnoe Syndrom, CPAP-Therapie | G47.31",1
Mykoplamen 01/2022 | J18.9,1
"Neuralgie und Neuritis, nicht näher bezeichnete Lokalisation | M79.29",1
Mononeuritis multiplex | G58.7,1
Unwohlsein und Ermüdung | R53,1
"Unter- und Oberschenkelschmerzen re. M79.65, | M79.66",1
Z.n. Borreliose 8/2017 | A69.2,1
"(Doxetacetal, Cyclophosphamid) | G62.20",1
Z.n. Resektion eines invasiv lobulären Mamma-CA rechts 06/2013 | C50.4,1
"Koronare 1-Gefäß-Erkrankung, Z.n. DES-PCI des RIVA 07/2012 | I25.9",1
Trigeminusneuralgie V3 rechts | G50.0,1
Autoimmunpankreatitis | E86.1,1
LWS-/ISG-Beschwerden | M54.87,1
"Medialdeviation D2-4 bds., rechts mit Bildung einer Krallenzehe D2 | M21.68",1
Z. n. Bandscheibenvorfall-OP L4/L5 2011 | M54.96,1
"Pruritis Vulvae, rez. Hautrötung | L29.2",1
"Symmetrische Polyarthritis, ED 2015 | M06.00",1
Hüfteschmerzen links | M16.9,1
Psoriasis Arthritis | M07.39,1
Chronisches WS-Syndrom | M54.80,1
Chronische Niereninsuffizienz Stadium III | N18.3,1
Obstruktives Schlafapnoesyndrom mit CPAP-Therapie | G47.39,1
"Z.n. Mamma-Ca links, ED 03/2022 | C50.9",1
"Sensibilitätsstörungen, Missempfindungen der Haut | R20.8",1
Chronische Pansinusitis mit Anosmie | J32.4,1
"Polyposis nasi, Z. n. zweimaliger Polypektomie (1996/2003) | J33.9",1
Chron. Pakreatitis | K86.1,1
"KHK, Z.n. Stentimplantation im 03/2022 | I25.9",1
"Polyneuropathie, EM 2018 | G62.9",1
Fußbeschwerden bds. | M79.67,1
Nackenschmerzen | M54.82,1
Rückenschmerzen Sakral- und Sakrokokzygealbereich | M54.88,1
Mehrfache Nahrungsmittelunverträglichkeiten | T78.1,1
Chronische Lumbalgie bei Z. n. Bandscheiben-OP L4/L5 | M51.3,1
hochgradig eingeschränkter LV-Pumpfunktion (EF 25-30%) 11/2019 | I50.13,1
"INLEXA 3 HF-T QP, (Biotronik) 12/2019 | Z95.0",1
Retsless-Legs Syndrom | G25.81,1
Chron. Sakroischialgie | M54.5,1
Chron. Schmerz im Bereich des Trochant. major re. | R52.2,1
Chron. Schulterschmerzen re. | M25.51,1
Chronisches Schmerzsyndrom im Bereich der Vulva und Leiste rechts bei | N90.9,1
Myofsziales Schmerzsyndrom | M25.90,1
Oberschenkelschmerzen bds. | M79.65,1
Uncharakteristische Muskelschmerzen | M79.19,1
"Periphere Spondylarthritis, HLA B27 negativ | M45.09",1
Spannungs-Cephalgien | G44.2,1
Z.n. OP eines Tarsaltunnelsyndroms links am 24.06.2022 mit persistierenden Hyposensibilität. | G57.5,1
"Lipödem Typ II, Stadium I | E88.20",1
bei Carcinom (April 2015) | K91.1,1
Sonstige intestinale Malabsorption | K90.8,1
anfallsweise auftretender Schmerz unter dem linken Rippenbogen | K59.8,1
Rückenschmerzen mehrere Lokalisationen der Wirbelsäule | M54.90,1
Zervikocephales Syndrom | M54.82,1
Migräne | G44.2,1
Trigeminusneuropathie V1 bis V3 links | G50.0,1
DD anhaltende idiopatischer Gesichtsschmerz | G50.1,1
Rezidivierende Lumboischialgien li. | M54.4,1
Chronische Zervikobrachialgie links | M53.1,1
Omalgie beiderseits | M25.51,1
Impingement Syndrom der Schulter re. | M75.4,1
Achillodynie | M76.6,1
LWS-Schmerzen | M54.16,1
Beinschmerzen links | M79.69,1
Rezidivierende Herpeskeratis links | H18.9,1
"Glaukom, sekundär links | H40.9",1
Lumboischialgien | M54.4,1
rechts | M54.86,1
des rechten Beins > rechten Arms | G83.9,1
Prurigo simplex | L28.2,1
Thoraxwandsyndrom links nach Rippenfraktur | R07.3,1
"Psoriasis Arthritis, ED 10/2014 | L40.5",1
Psoriasis der Haut seit mehreren Jahren | L40.9,1
bekannter Endometriose und Verwachsungsbauch | R10.1,1
Slow-transit-constipation | K59.9,1
Rektale Entleerungsstörung mit paradoxem Pressen | K59.01,1
intraspinaler Kompression Würzel L5 re u.Bedräng L4 re | M51.2,1
Gonalgie re > li | M25.56,1
Rezidivierendes HWS-Syndrom mit Cervicobrachialgien | M54.12,1
Sensomotorische axonale Polyneuropathie mit sensibler Ataxie | G62.9,1
Schulterschmerzen | M25.51,1
Handgelenk Schmerzen links | M25.53,1
Hereditäre Hämochromatose | E83.1,1
Slow-transit-constipation | K59.01,1
Rektale Entleerungsstörung mit paradoxem Pressen | K59.9,1
Pemphigus vulgaris | L10.0,1
Lichen ruber planus oralis | L43.9,1
Hypothyreose nach Strumektomie | E03.8,1
Polymyalgia rheumatika | M53.3,1
Epikondylitis humeri radialis bds. | M77.1,1
"Seronegative rheumatoide Arthritis, ED 2016 | M05.80",1
"Colitis ulcerosa, ED | K51.9",1
"Rheumatoide Arthritis, RF und ACPA positiv, ED 4/2017 | M05.80",1
Schmerzen in den Armen und Beinen | M79.70,1
Hypothyreose bei Z. n. Thyreoidektomie (2009) | E03.9,1
Chronische Epicondylitis humeri radialis bds. | M77.0,1
Chronische Epicondylitis humeri ulnaris bds. | M77.1,1
"Gonarthrose, beidseitig | M17.0",1
Beinschmerzen unklarer Ursache | M79.69,1
Multifaktorielle Gangstörung | R26.8,1
Vorhofflimmern | I48.9,1
WS-Syndrom | M84.90,1
Trigeminusneuralgie des 2. Astes links | G50.0,1
Migräne | G47.0,1
Varusgonarthrose links | M17.1,1
Z.n. Knie TEP links 03/2022 | Z96.65,1
Adipositas Grad III | E66.86,1
Endometriose mit multiplen operativen Eingriffen | N80.9,1
"Lipödem beider Beine, Stadium II | E88.20",1
Vorwiegend allergisches Asthma bronchiale | J45.09,1
Chronische spontane Urticaria mit Angioödem (Gesicht) | L50.8,1
Psoriasis | L40.0,1
Chronische (komplizierte) Migräne | G43.3,1
Refluxösophagitis LA Grad B | K21.0,1
Z.n. Polytraumas am 30.05.2019 | T07,1
Chronische Ein- und Durchschlafstörungen | G47.0,1
Chronischer Tinnitus aurium | H93.1,1
HWS-Syndrom mit Z.n. Commotio cerebri 2/2020 | M54.2,1
Erythromelalgie Füße | I73.8,1
"Rheumatoide Arthritis, ED 2019 | M06.00",1
linkskonvex lumbal 65° | M41.99,1
Knieschmerzen links | F17.9,1
Chronische-obstruktive Bronchitis | J44.9,1
Neuropathie mit Neigung zu Druckparesen | G60.8,1
Vorbekannter Linksschenkelblock | I44.7,1
Myalgien | M79.19,1
Ganzkörperschmerzen und Missempfindungen mit | M79.70,1
"Sonstige Overlap-Syndrome (R-Arthritis, Sjögren-S-. Arthritis psoriatica) | M35.1",1
Schulter-Nacken-Syndrom | M62.81,1
ISG-Syndrom | Z98.1,1
Lipödem- Syndrom bds. | R60.9,1
"Seropositive rheumatoide Arthritis, ED 10/2018 | M06.90",1
Gastrointestinale Beschwerden | K30,1
Muskelschwäche | M62.9,1
Allergische Rhinokonjunktivitis | H10.9,1
Hyperlipidämie | E78.2,1
Z.n. Hüft-TEP links 04.12.2019 | Z96.64,1
Gelenk- und Gliedeschmerzen. | M79.70,1
Sicca-Syndrom mit rez. Keratokonjunktivitis sicca | H04.1,1
Rezidivierendes HWS-Syndrom mit Cervicobrachialgien | M53.1,1
Oberbauchschmerzen | R10.4,1
unklarer Ätiologie | G62.9,1
"Schmerzen in den Extremitäten, Knöcheln und Füßen | M79.67",1
Chronische Schmerzkrankheit | R52.2,1
bei Neuropathie der Akren | G60.9,1
bei Multipler Sklerose mit schubförmig inkomplett Reversiblem Verlauf | G35.10,1
und chronischem Müdigkeitssyndrom | G93.3,1
Osteoporose | M81.09,1
Biliäre Zirrhose | K74.3,1
"Colitis ulcerosa, ED 4/2021 | K51.9",1
Chronisches Müdigkeitssyndrom | G73.3,1
bioptisch gesichert 03/2019 | G62.9,1
Migräne mit Aura | G43.0,1
Chronisches HWS-LWS-Syndrom | M54.80,1
Facettensyndrom links LWK 3/4 und LWK 5 | M54.5,1
Damensattelgelenksarthrose bds. | M18.9,1
"Erosive, CCP-AK positive rheumatoide Arthritis, EM 10/2016, ED 12/2016 | M05.80",1
Schulter-Arm-Syndrom | M53.1,1
Z.n. fünfmaliger LWS-OP mit zuletzt Laminektomie 1985 und | Z98.8,1
in Kombination mit klinisch fassbarer Rechtskonvexer-Skoliose und | M41.99,1
Z.n. Deckplattenimpfessionsfraktur LWK1 1/2023 | T08.9,1
Rippenschmerzen bei Z.n. Rippenfraktur rechts T4 bis 7 mit ausgeprägt. | R07.3,1
Omarthrose | M19.91,1
Hypothyreose bei Z.n. Schilddrüsen-OP 1978 | E03.9,1
Sturzneigung | R29.6,1
Spannungskopfscherzen | G44.2,1
"Rheumatoide Arthritis, RF und ACPA positiv, ED 12/2016 | M05.80",1
Reizdarm-Syndrom | K58.3,1
Chronische Bauchschmerzen | R10.4,1
Post-Zoster-Neuralgie nach G53.0 + | B02.2,1
Ganzkörperschmerzen | M79.10,1
"Seropositive Rheumatoide Arthritis, ED 02/2003 | M06.99",1
Koronare 3-Gefäßerkrankungen | I25.9,1
"Asthma bronchiale, gemischtförmig | J45.8",1
"Osteoprose, ED 2003 | M80.98",1
Systemische Sklerose | M34.9,1
Sklerodaktylie | L94.3,1
Hypotonie | I95.9,1
Z. n. Bösartige Neubildung: Brustdrüse links | C50.9,1
Rez. Cervicocephalobrachialgien | M43.16,1
Rez. Gonalgien links | M25.56,1
Hüftbeschwerden rechtsbetont bei Dysplasiecoxarthrose | M16.1,1
Chron. Zervikobrachialgien | M53.1,1
"Sinusrhythmus, NOAK mit Xarelto | I48.9",1
Chronische Schmerzen in der Blase und massiver Harndrang | N32.9,1
LWS-Syndrom | M56.2,1
Osteoporose | M82.19,1
"Z.n. Mamma-Ca., OP 09/2017 | M50.0",1
Seropositive rheumatische Polyarthritis | M05.99,1
Fibromyalgie-Syndrom | M79.90,1
CPPD-Arthritis (Pseudogicht) mit Chondrocalcinose. ED 12/2020 | M11.29,1
bisher diagnostiziertes pathologisch-anatomisches Korrelat | M79.29,1
Degeneratives HWS-LWS-Syndrom | M54.80,1
Mediale und retropatellare Gonarthrose bds | M17.9,1
Hüftenschmerzen rechts | M79.65,1
Trigeminus Neuralgie rechts | G50.0,1
"Post-Herpes-Neuralgie, Z. n. Herpes Zoster L2/3 rechts9/2020 B02.2, | G53.0",1
degenerativen Veränderungen und Spinalkanalstenose L3 L5 | M54.86,1
Achillodynie rechts | M76.6,1
Allergisch-eosinophiles Asthma bronchiale | J45.05,1
Dyshidrotisches Handekzem bei V.a. Atopie | L30.1,1
ß-Thalassämie | D56.9,1
Muskelschmerzen | M79.19,1
Beta Thalassämie | D56.9,1
sekundärer Spinalkanalstenose LWK4/5 | M54.4,1
diagnostiziertes pathologisch-anatomischer Korrelat | M79.29,1
Degen. HWS-LWS-Syndrom | M54.80,1
Zervikobrachialgie links | M53.1,1
Sprunggelenkschmerzen links | M25.57,1
Knieschmerzen li | M25.56,1
Chronische Migräne ohne Aura | G43.8,1
"Obstruktives Schlafapnoe-Syndrom, ED 9/2022 | G47.31",1
Hahimoto Thyreoiditis | E06.3,1
Hyperhomocysteinämie | E72.1,1
"Wirbelgelenksarthrosen, besonders L 4/5 | M54.96",1
Hypogammaglobulinämie für IgG mit IgG-Subklassenmangel | D80.1,1
Posttraumatische Schmerzen im Sacrococczygealbereich | M54.98,1
"Trigeminusneuralgie V2, V3 links | G50.0",1
Glaukom | H40.9,1
"V.a. Tendinitis tibialis posterior, beidseitig | M76.8",1
"Senk-Spreizfuß, beidseitig | Q66.8",1
V.a. Cranio-mandibuläre Dysfunktion | K07.6,1
"Lupus erythematodes (systemisch), ED 2002 | L93.0",1
mit nachfolgender Facialisparese li. | G51.0,1
"Systemische Sklerose, ED 6/2021 | M34.9",1
Zervikale Dystonie | G24.3,1
Atopisches Ekzem | L20.8,1
Überaktive Harnblase | N32.8,1
Colitis Ulcerosa seit 40 Jahren | K51.9,1
Thalamus-Syndrom bei | G93.88,1
Z. n. Mediainfarkt rechts 10/2012 bei angeborenem Herz-klappenfehler | I69.4,1
"Gonarthrose rechts, Knie-TEP linksseitig 2016 | M17.9",1
Z.n. PTCA mit Stentimplantation 2016 | I25.9,1
HWS | M54.82,1
Dorsalgien im LWS-Bereich bei Skoliose | M54.86,1
Bronchiale Hyperreagibilität mit Reizhusten | J45.9,1
Sodbrennen | R12,1
Knieschmerzen link | M25.56,1
Psoriasisformes Ekzem | L30.9,1
des Bindegewebes | M35.8,1
„Knochenschmerzen“ | R52.2,1
Z.n. Apoplex 2010 ohne signifikante Ausfälle | I63.9,1
"COPD Gold I, Z.n. Nikotinkonsum (ca. 25 PY) | J44.99",1
Obstruktives Schlafapnoesyndrom mit cPAP-Therapie | G47.31,1
Adipositas Grad II | E66.09,1
Epikondilitis humeri radialis bds. | M77.1,1
"Rheumatoide Arthritis, ED 2008 | M05.80",1
"Hashimoto-Thyreoiditis, ED 2009 | E06.3",1
Trigeminus Neuralgie | G50.9,1
Wegener-Granulomatose (ED 1996) mit Glomerulonephritis | M31.3,1
Chronische Polyarthritis bei M. Wegener | M06.99,1
Gonarthrose rechts | M17.1,1
Small Fibre Polyneuropathie | G62.9,1
Sekundäres Restless-Legs-Syndrom | G25.81,1
"Undifferenzierte Kollagenose, ANA positiv, ENA negativ | M35.8",1
Reizdarmsyndrom | K59,1
Polytope muskuloskeletale und Weichteilschmerzen | M79.70,1
Neurogene Schmerzen der unteren Extremitäten nach Myelopathie | M79.6,1
Arthrofibrose re. Kniegelenk bei Z.n. TEP mit Folge OPs | M25.56,1
"Multilokuläre Schmerzen (unter. Rücken, Hände, Schultern) bei Überlastung | R52.2",1
"Z.n. Mamma CA li. 6/2019, mit konsek. Operation und Radio-Chemother. | C50.2",1
Reizdarmsyndrom | K59.1,1
Myofasziales Schmerzsyndrom | M25.90,1
Wechseljahrsbeschwerden | N95.5,1
Belastungsinkontinenz | N39.3,1
Bullöses Pemphigoid | L43.1,1
Hypertropher Lichen ruber an Unterschenkel bds. | L43.0,1
Ösophaguskarzinom 2010 | C15.9,1
"COPD GOLD 2, Gruppe B | J44.99",1
Zervikocephales | G44.2,1
"Morbus Meniére rechts, ED 06/2021 | H81.10",1
Mittel- bis hochgradige Schallempfindungsschwerhörigkeit links | H90.9,1
Persistierender postural-perzeptiver Schwindel | R42,1
Superfizielle u. tiefe perivaskuläre Lymphozytäre Dermatitis | L30.8,1
Migraine mit Aura | G43.3,1
Z.n. Hemilaminektomie L5/S1 re 1/2000 | M51.2,1
Z.n. Cage C5/C6 und C6/C7 1/2011 | Z98.8,1
Gesicherte Lockerung Tibiaplateau | T84.9,1
Polneuropathie | M06.9,1
Psoriasis Arthritis | L50.8,1
Systemischer Lupus erythematodes | M32.9,1
Intervention 06/2020 mit Implantation von 2 DES. | I25.11,1
Kardiomyopathie unklarer Ursache mit EF 35-45 % | I42.9,1
"Koronare Dreigefäßerkrankung mit mittelgradigen Stenosen, HKU 5/2022 | I25.9",1
Hyperlipoproteinämie | E78.9,1
"AA bei Vorhofflimmern, ED 4/14 | I48.9",1
Diabetes mellitus Typ 2 | E11.80,1
"Fazialer Hemispasmus links, EM 2017 | G51.3",1
Zervikobrachialgien bds. | M53.1,1
Axonale sensomotorische Polyneuropathie | G62.9,1
Lumbalsyndrom bei Spinalkanalstenose auf Höhe LWK 3/4 und 4/5 | M54.86,1
Knieschmerzen links | M25.51,1
Polyneuropathie der Beine bds. mit Fußhebeparese rechts | G60.8,1
Schmerzen in beiden Händen | M79.64,1
Schulterschmerzen bds. | M54.6,1
Zervikozephalessyndrom mit Funktionseinschränkung der HWS bei | M53.0,1
- NPP C5/6 mit Foramenstenose C6 rechts | M51.2,1
Impingement-Syndrom der rechten Schulter bei | M75.1,1
V.a. ACG-Arthrose rechts | M19.0,1
genito-femoralis und des N. ilioinquinalis liknks. | R52,1
Knie schmerzen bds. bei Z.n. mehrfachen Knie-ASK bds. | M25.56,1
V.a. psoriasis Arthritis | L50.9,1
diastolischer Dysfunktion | I11.00,1
Koronarsklerose ohne signifikante Stenosen | I25.9,1
Tinnitus aurium links | H33.1,1
Chronische-degeneratives WS-Syndrom | M54.82,1
- schwergradiger armbetonter spastischer Hemiparese links | G81.1,1
- homonymer Hemianopsie und Rest-Neglect nach links | H53.4,1
- Dysarthrie | R47.1,1
Carotis-Artriosklerose ohne hämodynamische Störung | I65.2,1
"Diabetes mellitus, Typ 2 mit Nierenkomplikationen | E11.20",1
Vitamin D3-Mangel | E55.9,1
Vitamin B12-Mangel | E53.8,1
Kopfschmerzen | R5,1
Reizmagen | K58.8,1
Daumensattelgelenksschmerzen links | M25.54,1
Gesichtsschmerzen bds. | G50.1,1
Z. n. Osteolyse-OPs im Bereich Unter- und Oberkiefer | M89.58,1
Knieschmerzen rechtsbetont | M25.56,1
Schnellender Mittel- und Zeigefinger rechts | M65.3,1
Lactoseunverträglichkeit | E73.0,1
"Seropositive chronische Polyarthritis, ED 1996 | M06.99",1
Hüftschmerzen rechts | M25.55,1
Schulterschmerzen rechts | M25.61,1
Handgelenkschmerzen bds. | M25.64,1
Z.n. mehrfacher Lungenembolie 2013 bis 2020 | I26.9,1
"Protein S-Mangel, ED 06/2014 | D68.5",1
Orale Antikoagulation mit Edoxaban | Z92.1,1
"Hörsturz rechts, EM 06/2023 | H91.2",1
"Tinnitus aurium rechts, EM 06/2023 | H93.1",1
"Persistierendes Vorhofflimmern, Antikoagulation mit Edoxaban | I48.2",1
Eingefäß-KHK | I25.9,1
HWS-LWS-Syndrom | M54.80,1
Z.n. schwindelbedingten Sturzes im Rahmen eines neuen | I48.0,1
Z.n. Sturz vom Baum am 04.03.2025 mit | T07,1
"Multiple Sklerose, ED 2000 | G35.30",1
Rektusdiastase | M62.08,1
Knieschmerzen rechts | M76.5,1
"Morbus Meniére rechts, ED 8/2023 | H81.0",1
Gicht | M10.09,1
Multilokuläre Muskelschmerzen | M79.10,1
"Degeneratives HWS-Syndrom, BSP HWK 5/6 (06/2021) | M54.82",1
Impingement-Syndrom der linken Schulter 06/2021 | M75.4,1
Bursitis im Schulterbereich links | M75.5,1
Gangunsicherheit | R26.8,1
Myalgie an mehreren Lokalisationen v.a. Schulter rechts und LWS | M79.10,1
Chron. Rückenschmerz ohne Ischialgie | M54.87,1
Osteochondrose der Wirbelsäule Zervikalbereich zwischen C3/C4 bis C6/7 | M42.12,1
LWS-Syndrom bei Protrusionen in L4/5 und L5/ S1 | M54.16,1
Rückenschmerzen Lumbalbereich bei Z. n. Spondylodese L3/L4 | M54.86,1
V.a. rheumatoide Arthritis | M06.9,1
ISG-Syndrom links | M54.17,1
Omalgien links | M25.51,1
Mischform des Asthma bronchiale | J45.9,1
Grundzehengelenk Schmerzen rechts | M25.57,1
"Polyneuropathie, ED 2017 | G62.9",1
Fußschmerzen beidseits | M79.27,1
"Neuropatische Beschwerden der Füße, a.e. bei Morton-Metatarsalgie bds. | M79.27",1
Tremor re. Hand | R25.51,1
"Morbus Parkinson, ED 09/2020, Stadium nach Hoehn & Yahr 1,0 | G20.90",1
Feinmotorikstörung links | R29.2,1
Hyposmie | R43.0,1
REM-Schlafstörung | G47.9,1
Zerebrale Mikroangiopathie | I67.88,1
Belastungsabhängige Schmerzen beide Knie bei | M79.66,1
Restless legs-Syndrom | G25.81,1
Chronische Unterbachschmerzen | R52.9,1
Zervikocephalessyndrom | M53.0,1
"Primär progrediente Multiple Sklerose (EM ca. 2022, ED 01/2024) | G35.9",1
Bein und sensibel betonte Polyneuropathie | G26.9,1
Gelenkschmerzen Füße | R52.2,1
Fibromylgie | M79.70,1
Spondylitis hyperostotica (Forestier-Ott) Zervikothorakalbereich | M48.13,1
Knieschmerzen links | M25.55,1
Hashimoto Thyreoiditits | E06.3,1
Kopf- und Gesichtsschmerzen | G50.1,1
Myofasziales Schmerzsyndrom | M79.10,1
Reizmagen | K30,1
Reizdarmsyndrom mit Diarrhoe | K58.1,1
Supraspinatustendinose mit bursaseitiger Partialruptur links | M75.1,1
Akromioklavikulargelenkarthrose | M19.91,1
Schmerzen mi Hitzegefühl beider Hände | M79.63,1
"Polyneuropathie, EM 03/2020, ED 06/2020 | G63.9",1
"Chronische multifokale Osteomyelitis mit mehrere Lokalisationen, EM 04/18 | M86.30",1
Chronic fatique syndrom | G93.3,1
Ganzkörperschmerzen rechts | R52.9,1
Essentiellen Tremor | G25.0,1
"Ulnare Epikondylopathie bds., rechts mehr als links | M77.0",1
Gonarthrose 4. Grades bei Z. n. Meniskus-OP 2004 | M17.9,1
Craniomandibuläre Dysfunktion rechts betont | K07.9,1
HWS- und BWS-Syndrom | M54.12,1
Gastrointestinale Beschwerden | K58.8,1
"Osteochondrose der Wirbelsäule: Lumbosakralbereich, Prolaps L4/L5 | M42.10",1
LWS-BWS-Syndrom | M54.80,1
- Z.n. NSTEMI mit PTCA und DES-Implantation in RMS 01/2013 | I25.9,1
Dyslipidämie | E78.5,1
Bauchschmerzen bei Z. n. perforierter Appendizitis und Ileus-OP | R10.4,1
Intermittierende Thoraxschmerzen | R52.2,1
Systemischer Lupus erythematodes | M32.1,1
"- Lupus nephritis (Klasse IV und V, Nierenbiopsie vom 07.06.2024) | N08.5",1
Neprotisches Syndrom | N04.9,1
Genese ED 06/2021 | K70.3,1
Ösophagusvarizen Grad I bis II 07/2021 | I85.90,1
Portal-hypertensive Gastropathie | K29.7,1
V.a. Short-Segment-Barett-‚ Ösophagus 07/2021 | K22.7,1
Ganzkörperschmerzen links | G79.70,1
"Chronische Schmerzen, und Taubheit distal US + Fuß rechts, radikulär. L5 | G54.4",1
Großzehen- und Fußhebeparese rechtsbetont | G82.03,1
Harninkontinenz neurogen | N31.0,1
"Arthritis, nicht näher bezeichnet, an nicht näher bezeichneten | M13.99",1
Chronisches Schmerzsyndrom des Bewegungssystems | R52.2,1
Flankenschmerzen rechts | R52.9,1
V.a. Fibromyalgie | M79.90,1
Fußschmerzen link | M25.5,1
Ein- und Durchschlafstörungen | F51.0,1
Klimakterisches Syndrom (Wechseljahresbeschwerden) | N95.1,1
"Systemischer Lupus erythematodes, ED 2007 | M32.9",1
Spondylarthrose L3-S1 | M47.87,1
Chondrose L5/S1 | M42.97,1
Kopfschmerzsyndrom links | G44.8,1
Chronische bronchitis | J45.9,1
Infektanfälligkeit | Z87.0,1
"Z.n. Mamma Ca rechst, 01/2021 | C50.0",1
Atypische Trigeminusneuralgie rechts | G50.0,1
Muskelschmerzen in den Beinen | M79.1,1
Schulterschmerzen links | M70.0,1
Handgelenkschmerzen links | M25.54,1
Hautparästhesien beide Füße re. > li. | R20.2,1
Fingergelenksarthrosen bds. | M19.94,1
Schultergelenksarthrose bds. re. > li. | M19.91,1
"Seropositive CCP-positive rheumatoide Arthritis, ED 1989 | M05.99",1
Sprunggelenkschmerzen rechts | M25.5,1
Chronisches Müdugkeitssyndrom | G93.3,1
inzidenteller MRT-Befund vom 07/2023 | I63.9,1
"Paroxysmales Vorhofflimmern, ED 11/2024, | I48.0",1
- Z. n. Rotatorenmanschettenrekonstruktion rechts am 11.10.2021 | Z98.8,1
"Diabetes mellitus, Typ 1, ED 01/1970 mit Insulinpumpetherapie | E10.90",1
im Bereich der Hand- und Fußgrundgelenke sowie Sonnengeflecht | R52,1
Spondylolyse und ventraler Spondylolisthese LWK 5/SWK 1 | M43.17,1
Schmerzen im Bereich der BWS nach BWK-12-Fraktur 2004 | M54.6,1
Essenzieller Tremor der Hände | G25.0,1
V. a. Restless-Legs-Syndrom | G25.81,1
Zervikalsyndrom | M54.2,1
PCI mit DES-Stenting in ACD 06/2021 | I25.9,1
Nächtlichen Muskelkrämpfen in den unteren Extremitäten | R25.2,1
Anfallsweise auftretendes Wärmegefühl mit Schwitzen | R68.89,1
Polyarthrose | M15.8,1
Zervikobrachial-Syndrom links | M53.1,1
Zervikalneuralgie links | M54.2,1
Rez. Schmerzen linke obere Körperhälfte | M79.60,1
Schmerzen und Bewegungseinschränkungen an der gesamten Wirbelsäule | M54.80,1
Schmerzen in der linken Mittelfinger | M25.5,1
des rechten Unterarms | S58.9,1
Pruritus am Kopf | L29.8,1
"Colitis ulcerosa, ED 2021 | K51.9",1
Chronisches Schmerzsyndrom im kleinen Becken mit Harn- und partieller Stuhlinkontinenz. | R52.2,1
Chronisches Schmerzsyndrom im Bereich der rechten Hand bei rezidivierender Dupuytren’scher Kontraktur | R52.1,1
Schulter-Arm-Syndrom li. | M75.8,1
HWS-Syndrom bei Osteochondrose HWK5/6 | M54.82,1
WS-Syndrom | M54.15,1
HWS-Muskelverspannungen | M62.83,1
Tinnitus aurium bds. | H91.1,1
V.a. Reizdarmsyndrom | K58.2,1
Beidseitige gluteale Schmerzen | R52.9,1
Scherzen in den Beinen | R52.2,1
Obstruktives Schlafapnoe-Syndrom mittleren Schweregrades (AHI 20/h) | G47.33,1
Magenentleerungsstörung | K31.8,1
Chronische Übelkeit | R11.0,1
Paraösophageale Hernie | K44.9,1
Hüfteschmerzen bds. | M25.5,1
"Seroneg. anti-CCP-neg. Rheumatoide Arthritis, ED 07/2020 | M06.0",1
Sekundäres Fibromyalgiesyndrom | M79.70,1
Knieschmerzen beidseits | M25.56,1
Diabetes mellitus Typ II (insulinpflichtig) | E11.9,1
Kniebeschwerden links | M25.56,1
Polyzythämia vera | D45,1
Bandscheibenvorfall L5/S1 | M51.2,1
Ganzkörperschmerzen | G79.70,1
"Idiopathisches Parkinson-Syndrom vom Tremordominanztyp, ED 2020 | G20.1",1
Obstruktives Schlafapnoesyndrom | G74.31,1
"Polymyalgia rheumatica, ED 08/2006 | M35.3",1
Fingerpolyarthrose vom Heberden-Typ | M15.1,1
Manifeste Osteoporose bei Z.n. pathologischer Rippenfraktur | M80.0,1
Epicondylitis radialis humeri bds. | M77.1,1
Thoraxschmerzen | M54.6,1
WS-Syndrom | M56.80,1
des Bewegungsapparates | R52.9,1
Z.n. Herzschrittmacherimplantation bei Sick Sinus Syndrom 2009 | Z95.0,1
Arthralgie | M25.50,1
Skoliose | M41.90,1
Coxarthrose Grad I | M16.9,1
BWS-Syndrom | M54.80,1
V.a. Paroxysmaler Lageschwindel | H81.1,1
Rezidivierende Oberbauchschmerzen | R10.1,1
"Axiale Spondylarthritis, ED 2020, EM 2018 | M46.80",1
Divertikulose und Z.n. Divertikulitis | K57.92,1
Hüfteschmerzen links | M25.5,1
Hypothyreose | E06.9,1
Chronische Frontalsinusitis | J32.1,1
"Crowned-Dens-Syndrom, ED 11/2017 | M48.8",1
"Allergisches Asthma bronchiale, ED 06/2015 | J45.0",1
Glutenunverträglichkeit | K90.4,1
Lymphödem oberen und unteren Extremitäten | I89.00,1
"Colitis ulcerosa, ED 2007 | K51.9",1
"Sjögren Syndrom EM 2017, ED 2022 | E35.0",1
Progressive systemische Sklerose | M34.0,1
Gelenkschmerz Schultergelenk rechts | M25.51,1
Leichtgradige Mitralklappeninsuffizienz | I34.0,1
Multiple Allergien/ Histaminintoleranz | T78.4,1
Hämorrhoiden 3. Grades | K64.2,1
Chronisches myofasziales HWS-BWS-Syndrom | M54.80,1
Okzipitalneuralgie | G44.8,1
Chronische Urtikaria mit Angioödem | T78.3,1
Mischformen des Asthma bronchiale | J45.89,1
Mischformen der Asthma bronchiale | J45.89,1
Chronisches Mügigkeitssyndrom | G93.3,1
Tinnitus aurium bds. | H93.3,1
Eosinophiles Asthma bronchiale | J45.9,1
"Sekundäre Thrombophilie bei erhöhter Faktor-VIII-Aktivität, dauerhafte Antikoagulationstherapie mit Xarelto® (Rivaroxaban) | D68.5",1
Chronisches Schmerzsyndrom mit beidseitigen Unterschenkelschmerzen | R52.2,1
"Z.n. Malignom, Bronchien und Lunge, Z.n. OP 2024 | C34.9",1
Chronisches Fatigue-Syndrom (ME/CFS) | G93.3,1
"Crohn-Krankheit, ED 2012 | K50.9",1
Entzündlicher Zustand der Kiefer | K10.29,1
"Lipödem der oberen und unteren Extremität, Stadium II | E88.21",1
Niereninsuffizienz Stadium CKD G2-3a/A1 mit | N18.9,1
Glossopharyngeusneuralgie links | G52.1,1
"Multiple Schmerzen nach Verletzungen, zuletzt Sturz auf den Kopf 9/2019 | M52.2",1
"CIDP mit Paraprotein (MGUS IgG-Kappa), ED 2018 | G62.88",1
LS Wurzelaffektion | M51.2,1
lumbosacraler Spondylolisthese und aktiviertem Facettenreizzustand | M54.86,1
mit relativer Spinalstenose | M53.1,1
Polyarthralgien und -myalgien | M79.70,1
Hyperkeratotisch- rhagadiformem Hand- und Fußekzem | L30.8,1
Multifokale motorische Neuropathie unter Immunglobulintherapie | G61.8,1
Hypothyreose nach Thyreoidektomie | H03.8,1
"Colitis ulcerosa, ED 1994 | K51.9",1
Pityriasis rubra pilaris | L44.0,1
Erniedrigte Erytemschwelle im UVB-Spektrum (Erytem ab 33 mJ/cm2) | L56.4,1
Aortenaneurysma Typ B | I71.9,1
"Morbus Crohn, ED 1995 | K50.9",1
"Psoriasis-Arthropathie L40.5, | M07.0",1
Psoriasis pustulosa plantaris bds. und Fußsohle links | L40.3,1
Rezidivierende Myokarditiden | I40.0,1
Extrasystolie | I49.4,1
"Colitis ulcerosa, ED 03/2019 | K51.9",1
Schmerzen im Bereich des Oberbauches | R10.1,1
Z. n. Reizdarmsyndrom nach Reisediarrhoe | K58.8,1
"Colitis ulcerosa, ED 1978 | K51.9",1
"Koronare Eingefäßerkrankung, Z.n. NSTEMI mit PCI und Stent der LAD 10/2005 | I25.9",1
Hyperlipoproteinämie | E78.2,1
Unklare Muskelschmerzen | M79.10,1
Zervikobrachial-Syndrom bei Z. n. BSV C5/6 | M53.1,1
Knochennekrose des Talus rechts | M85.87,1
Gelenkschmerz OSG rechts | M25.57,1
LWS-Syndrom bei bek. BSV L4/5 | M54.86,1
Z.n. Clostridien-Enteritis 01/2022 | A04.79,1
Schulterschmerzen links | M79.61,1
Chronische Halsschmerzen | R07.0,1
Chronische Kopfschmerz und Schwindelsymptomatik | R51,1
Neurofibromatose Typ I | Q85.0,1
Rückenschmerzen Lumbalbereich | M54.86,1
Hörverlust | H91.9,1
"Distal symmetrische Polyneuropathie, ED 2017 | G62.9",1
Bipolare affektive Störung | F31.9,1
"Morbus Parkinson ED 2014, Tremordominant | G20.9",1
"Hypopituitarismus, Z.n. operativ. Entfernung eines Hypophysentumors 2011. | E89.3",1
"Colitis ulcerosa, ED 03/2020 | K51.9",1
Koxarthrose rechts | M16.9,1
Impinngement Syndrom Schulter rechts | M75.4,1
Lumboischialgie links | M54.4,1
Bandscheibendegenerationen in den Etagen L4/5 und L5/S1 | M51.3,1
Schmerzen lateralen Kniebereich li. | M25.56,1
Schlaf-Apnoe | G47.39,1
Lumboischialgie S1 rechts bei Bandscheibenvorfall L4/5 re. | M54.4,1
Zervicobrachialsyndrom rechts | M53.1,1
"Gemischte sensibel betonte Polyneuropathie der Beine, beiderseits | G62.88",1
"Diabetes mellitus, Typ II b, ED ca. 2000 | E11.90",1
Substituirte Hypothyreose nach Strumektomie | E03.8,1
Paroxysmaler Schwindel | R42,1
Prurigiformes/Nummuläres Ekzem | L30.0,1
Beinschmerzen | M79.69,1
Koronare-1-Gefäß-Erkrankunq (EF > 60%) mit | I25.9,1
lnsulipflichtiger Diabetes mellitus Typ 2 | E11.80,1
"Morbus Crohn, ED 10/2011 | K50.9",1
Mikrozytäre hypochrome Anämie | D50.9,1
Intrazerebrale Blutung rechts temporo-parietal 02/2012 | I61.9,1
Spastische Hemiparese links | G81.1,1
"Z.n. PTCA/Stenting (DES) des RIVA, RCX 2014,2015 | I25.9",1
Kniebeschwerden beidseits | M23.33,1
"Hypothyreose, Z.n. Hemithyreoidektomie links 8/2011 | E89.0",1
"4-fach Stent-Implantation, zuletzt 2014, gute LVF | I25.9",1
Oberschenkel-Oberarmmuskelnschmerzen | M79.69,1
Seronegative chronische Polyarthritis | M06.00,1
"Diabetes mellitus, Typ 2, orale Therapie | E11.90",1
Hüftschmerzen rechtbetont | M16.1,1
Arterielle Hypertonie | I90.10,1
hochgradigen Stenose des RIVA med. und prox. 5/2020 | I25.9,1
"Sigmadivertikulose, Z.n. Sigmadivertikulitis 06/2019 | K57.30",1
Hüfteschmerzen links | M17.9,1
Chronische Schmerzen bei atypischem Gesichtsschmerz | G50.1,1
Coxarthrose bds. bei Hüftdysplasierechts | M16.9,1
Leistenschmerzen bds. | R10.3,1
Handgelenksarthrose bds. | M19.93,1
Karpaltunnetsyndrom bds. | G56.0,1
"erosivem Verlauf RF-/CCP-Ak-/ANA-positiv, HLA-B27 negativ | M08.09",1
Hochgradige Spinalkanalstenose L3/4 | M48.06,1
Claudicatio radikularis | G55.3,1
Z.n. Bandscheibenoperation LWK4/5 re. | M96.88,1
Fußheberparese rechts | G57.3,1
autosomal dominanter polyzystischer Nierenerkrankung | N18.9,1
Renale tubuläre Acidose | N25.8,1
Hypomagnesiämie | E83.4,1
Hyperkaliämie | E87.5,1
Hyperphosphatämie | E83.38,1
Renale Anämie | D63.8,1
Peritonealdialyse | Z49.2,1
Chron. ISG-Reizsyndrom rechts | M54.17,1
Massive Osteochondrose L5/S1 | M42.97,1
Schlafapnoe Syndrom mit CPAP behandelt | G47.31,1
Spannungskopfschmerzen | G44.9,1
Polyneuropathie-Syndrom der Füße | G62.88,1
Xerostomie bei glandulärer Atrophie Gll. parotides bds. | K11.7,1
HWS-Syndrom M54.82 LWS-Syndrom | M54.86,1
Asthma bronchiale | J49.9,1
Occipitalis-minor-Neuralgie links | G58.9,1
Neuroborreliose mit peripheres Fazialisparese links | A69.2,1
Rückenschmerzen Lumbalbereich bei Z. n. Spondylodese L3/L4 | M54.96,1
Chronische Lumbalgien | M54.5,1
"Sekundäre Nebennierenrindeninsuffizienz, unklarer Genese | E27.9",1
unter Schilddrüsenhormonsubstituion | E06.3,1
Bursitis trochanterica links | M70.6,1
Z.n. Hüft TEP AMIS 25.01.2018 rechts | Z96.64,1
Syndrom der unruhigen Beine (RLS) | G25.81,1
Urtikaria | L50.9,1
Morbus Darier | L11.9,1
"Koronare 3-Gefäßerkrankung, Z.n. Stent Behandlung 8/2018 | I25.9",1
Übermäßige Schwitzen | R61.9,1
Dyspnoe bei Belastung | R06.0,1
Stattgehabte Covid-19-Infektion 4/2021 | U08.9,1
Bandscheibenvorfall LWK5/SWK1 | M51.2,1
"Kolonkarzinom, ED 5/2019 | C18.8",1
Gemischtes Schlafapnoe-Syndrom | G47.30,1
Chronische Gastritis | K29.7,1
Adipositas Grad 2 | E66.81,1
"Morbus Meniére rechts, ED 2/2018 | H81.10",1
"Schlafapnoesyndrom, ED 9/2013 | G47.39",1
Chron. kalzifizierende Pankreatitis | K86.1,1
"Colitis ulcerosa, ED 2010 | K51.9",1
Psoriasisarthritis | L40.5,1
Gelenkschmerzen an mehreren Lokalisationen | M25.50,1
Allerg. Asthma bronchiale | J45.0,1
Substituierte Hypothyreose | E03.8,1
Mikroskopische lymphozytäre Proktokolitis | K52.8,1
Anhaltende Schmerzen im Bereich der rechten Gesichtshälfte bei | G50.1,1
der rechten Kieferhöhle 3/2012 | D16.42,1
Z. n. mehreren OP`s bei Z. n. Fersenbeinfraktur 1994 | M79.67,1
Rosazea-artige akneiforme Follikulitis | L73.9,1
Rezidivierenden Pulpitiden | K04.0,1
Hüftenbeschwerden bds. | M16.9,1
"Migräne mit und ohne Aura G43.1, | G43.0",1
Chron. Spannungskopfschmerz | G44.2,1
Polyneuropathie mit Gangataxie | G62.2,1
Cerebelläre Atrophie | G31.9,1
Cerebrale Microangiopathie | I67.9,1
"Polyserositis a. e. autoinflammatorischer Genese, EM 9/2015, ED 8/2017 | R09.1",1
Intermittierende Niereninsuffizienz Stadium I nach KDIGO | N18.1,1
sensomotorische axonale Polyneuropathie DD paraneoplastisch assoziert | G62.9,1
Cervicogener Kopfschmerz | G44.8,1
Tinitus aurium links | H93.1,1
LWS-Syndrom rechts | M54.86,1
Kopfschmerzen | R44.2,1
"Axonale-demyelinisierende Polyneuropathie, ED 1995 | G62.9",1
subtotaler Resektion links 7/2019 | E03.8,1
Chronische Lumboglutealgie sowie Lumboischialgie rechtsseitig mit | M54.4,1
Chronische myofasziale Schmerzen rechts bei | T84.9,1
Ellenbogenschmerzen rechts | M79.62,1
Gonalgie bds. | M25.56,1
KHK mit Z.n. 2-maliger Stentimplantation (2005) | I25.9,1
Chronische Gonalgie rechts | M25.56,1
Schwindel und Taumel | R42,1
Diabetes mellitus Typ 1 | E10.90,1
Vestibuläre Migräne | G43.1,1
LWS-Syndrom | M54.97,1
Pseudoradikuläres lumbales Schmerzsyndrom links | M54.97,1
Schmerzen beider Füße | M79.67,1
"Sensomotorische demyelisierende Polyneuropathie, (ED 2010) | G62.9",1
Muskelschmerzen | M79.1,1
Z.n. traumatischer Schulterluxation links mit | S43.0,1
"KHK, Z.n. Stentimplantation im 2020 | I25.9",1
Z.n. Apoplex 2007 und 2016 | I63.9,1
BWS-LWS-Syndrom | M54.90,1
Morbus Ormond ED 03/2015 | N13.5,1
"KHK, Z.n. Akuter Vorderwandinfarkt, Stent-PTCA am 11.10.2018 | I25.9",1
Chronische Niereninsuffizienz Stadium 2-3 | N18.2,1
Hyperthyreose (unter thyreostatische Therapie) | E05.9,1
Impinngement Syndrom Schulter links | M75.4,1
Karpaltunelsyndrom li | G56.0,1
Lumboischialgie beidseits | M54.4,1
"Initial, nicht-invasives papilläres Urothelkarzinom (pTa, low-grade (G1) | C67.9",1
Z.n. Polytrauma am 02.11.2011 | T07,1
Posttraumatische Belastungsstörung | F43.1,1
Chronische Schmerzstörung mit somatischen und psychischen Faktoren | F45.1,1
"Rezidivierende depressive Störung, ggw. mittelgradige Episode | F33.1",1
"Colitis ulcerosa, ED 2012 | K51.9",1
Chronische Niereninsuffizienz (Std. II) | N18.2,1
Ganzkörperschmerz | M79.70,1
Chronisch degeneratives Wirbelsäulensyndrom | M54.80,1
Hüftschmerzen bds. | M16.9,1
"Morbus Crohn, ED 2009 | K50.9",1
"Morbus Crohn, ED 2015 | K50.9",1
Pruritus | L29.9,1
Dorsalgie bei chronischem BWS- und LWS-Syndrom | M54.80,1
WS-Syndrom | M53.0,1
Sensibilitätsstörung der oberen und unteren Extremitäten | R20.8,1
"Obstruktives Schlafapnoesyndrom, ED 2009 | G47.31",1
"Z.n. Rektum-Karzinom, ED 2000 und Rezidiv 2007 | C20",1
Polyneropathie | G62.9,1
"Lambda, ED 10/11 | D42.7",1
Bandscheibenvorfall L5/S1 rechts mit sensiblem Syndrom | M51.2,1
"M. Scheuermann, ED 2004 | M42.09",1
"Pancolitis ulcerosa, ED 05/2013 | K50.9",1
"Spondylolisthesis L4/5, Grad I (Meyerding) | M43.16",1
Hypothyreose bei Z.n. Thyreoidektomie 2015 | E03.8,1
Chron. Lumboischialgie links bei Bandscheibenvorfall LWK 4/5 mit | M51.2,1
Lymphödem Unterschenkel rechts | I89.0,1
COPD GOLD-Stadium 1 | J44.99,1
Schlafapnoe-Syndrom | G47.31,1
"Obstruktives Schlafapnoesyndrom, CPAP-Versorgung | G47.31",1
"Colitis ulcerosa, ED 10/2018 | K51.9",1
Blasenspeicherstörung im Rahmen von erhöhten Restharnmengen | N32.8,1
Z.n. mehrfachen Operationen im Segment L5/S1 | M51.9,1
Trigeminusneuralgie V2 links | G50.0,1
Hypothyreose bei Z.n. Thyreoidektomie 2005 | E89.0,1
"Rheumatoide Arthritis, RF negativ, ACPA hoch positiv, ED 2017 | M05.80",1
Beginnende Pangonarthrose | M17.9,1
Hallux rigisdus bds. | M20.2,1
Belastungsabhängige Kniebeschwerden bds. | M79.66,1
Zervikothorakales Schmerzsyndrom | M54.92,1
Polyneuropathie i.R. einer | G62.9,1
IgM-Kappa-Gammopathie | D47.2,1
Chronisches Schmerzsyndrom nach Symphysensprengung | R52.2,1
Sakrale Schmerzen unklarer Genese | R10.2,1
Polyneuropathie nach Chemotherapie | G62.20,1
Kopfschmerz vom Spannungstyp | G44.2,1
"Z.n. Mammakarzinom, OP Mastektomie rechts, Chemotherapie 2020 | C50.9",1
- Dystal-symetrische Polyneuropathie | G60.9,1
COVID-19-Impfstoff | U12.9,1
Urothelkarzinom des rechten Harnleiters 08/2018 | C68.9,1
Niereninsuffizienz | N18.9,1
Z.n. reaktiver Arthritis | M02.90,1
Sensomotorische axonale Polyneuropathie unklarer Ätiologie (EM 1990) | G62.9,1
beginnender Coxarthrose | M16.9,1
Bursitis trochanterica mit Tendopathie des M. tensor fasciae latae bds. | M77.9,1
V.a. Kälteagglutinin-Erkrankung | D59.1,1
- nach Infektion mit Mycoplasma pneumoniae | B96.0,1
"Diarrhoe, Verdauungsstörung | K58.1",1
"Gelenkbeteiligung, schwerpunktmäßig Hände | M34.9",1
Koronarherzkrankheit | I25.19,1
Diffuse abdominale Beschwerden | R10.4,1
"Diabetes mellitus, Typ II | E11.90",1
Z.n. Myokardinfarkt 2012 | I25.29,1
Failed-back-surgery-Syndrom | M54.5,1
Wirbelsäle Syndrom | M54.80,1
Coxarthrose beidseits | M16.9,1
ISG-Syndrom | M54.17,1
Essentielle Thrombozythämie JAK 2-V617F-Mutation | D47.3,1
Chronische Spannungskopfschmerzen | G44.2,1
Assoziation mit Cluster Kopfschmerzen | G44.0,1
Myofasziales Schmerzsyndrom der Schlulter- und Nacken | M79.19,1
Rez. Polychondritis | M94.1,1
"Diabetes mellitus Typ II, Steroidinduziert | E11.90",1
Nebenniereninsuffizienz | E27.4,1
Polymyalgien | M7,1
Migräne mit Aura | G43.9,1
Infektgetriggertes Asthma bronchiale | J45.1,1
"Sjögren-Syndrom ohne relevante Organbeteiligung, ED 07/2020 | M35.0",1
Polyarthragien | M25.50,1
Hypothyreose bei Z.n. Hashimoto Thyreoiditis | E03.8,1
Sigmadivertikulose | K57.30,1
"Morbus Crohn, ED 2005 | K50.9",1
Pyoderma gangrenosum li. Vorfuß medial | L88,1
Neuralgie der Flanken/ Rücken ED 7/19 | R52.2,1
"Z. n. Not-OP wegen Darmperforation, Sepsis n. gyn. Eingriff 12/2018, Narbenherniotomie-OP 5/2019 | Z98.8",1
Chron. abdominelle Schmerzen und Flankenschmerzen bds. | R10.4,1
Z. n. Dünndarmsegmentresektion 12/2018 | Z90.4,1
Psoriasis-Arthropathie | L40.5,1
-Arthritis mehrere Lokalisationen | M07.10,1
Hypothyreose nach subtotaler Thyreoidektomie | E89.8,1
Chronische Müdigkeitssyndrom | G93.3,1
"Fibromyalgie, ED 2011 | M79.70",1
Periodische Beinbewegungen | G25.80,1
V.a. Nahrungsmittelunverträglichkeit | T78.1,1
"Sensible und axonal betonte Polyneuropathie, ED 8/2013 | G62.9",1
Zervikobrachial Syndrom links | M53.1,1
Koxarthrose rechts | M16.1,1
Chronische Niereninsuffizienz Stadium II | N18.2,1
Chronische Bronchitis | J41.1,1
Schlafapnoe-Syndrom | G47.39,1
"Paroxysmales Vorhofflimmern, ED 7/2016, Antikoagulantientherapie | I48.0",1
Chronischer Schmerz der rechten Bein | M79.60,1
Paroxismales Vorhofflimmern mit OAK | I48.9,1
Kopfschmerz-Symptomatik | G44.2,1
Steatosis hepatis | K76.0,1
nach traumatischer HWK 6/7 Fraktur | M54.83,1
Coccygodynie | M53.3,1
Intermittier. belastungsabh. Schmerz im interdigitalraum I/II li Fuß | M79.67,1
Episodischer Spannungskopfschmerz | G44.2,1
Bewegungsabhängige Knieschmerzen links | M25.56,1
Chron HWS-Syndrom mit Cervicobrachialgie links bei BSP C 5/6 und Foramenstenose C 5/6 links | M53.1,1
Chron. Lumboischialgie links bei degenerativen L WS-Veränderungen | M54.86,1
Ausgeprägte BWS-/LWS-Skoliose | M41.99,1
Rosazea Grad II | L71.8,1
LWS-Schmerzen | M54.86,1
Tennisellbogen rechts | M77.1,1
"Morbus Crohn, ED 07/2011 | K50.9",1
"HLA B27 pos. M. Crohn assozierte Spondylarthrop.,ED 2002 | M45.00",1
Z.n. Iridozyklitis 2002/2008 | H20.8,1
Knieschmerzen links | M65.96,1
Lumbalsyndrom bei Spondylarthrose der LWS | M54.86,1
Schultersteife li. bei Tendinitis calcarea | M65.2,1
Brennende Schmerzen in den Beinen | M79.66,1
Atypischer Gesichtsschmerz links | G50.1,1
Gonarthrose bds. | M17.0,1
Impingementsyndrom li. Schulter | M75.4,1
Polyarthralgie | M25.90,1
"Z.n. Mama Ca rechts, ED 4/2016 | C50.9",1
Hämochromatose | E83.1,1
Colitis ulcerosa ED 2010 | K51.9,1
Tinniutus aurium | H93.1,1
"Chronisch-rezidivierende Rückenschmerzen, HLA-27 negativ | M54.80",1
Knieschmerzen | M79.66,1
Hand- und Fingergelenkschmerzen | M79.64,1
Chronisches LWS-Syndrom | M54.80,1
Schultersteife rechts | M25.61,1
"Thorakale Beschwerden, am ehesten muskuloskelettal | R07.4",1
Z.n. Subarachnoidalblutung Hunt & Hess I mit Hämatocephalus internus bei | I60.2,1
Ruptur eines Aneurysmas der A. pericallosa rechst am 26.01.2015 | I62.10,1
Rez. Coxalgien bds. bei Dysplasiecoxarthrose | M16.2,1
Rez. Cervikalgien bei paravertebralen Muskelhartspann | M54.82,1
Rez. Fußschmerzen bds. bei leichtem Senk-Spreizfuß bds. | M79.67,1
"Rheumatoide Arthritis, ED 06/2013, Rheumafaktor negativ,CCP-positiv | M06.09",1
Reizdarm Syndrom | K58.0,1
Deg. WS-Syndrom | M54.86,1
"Anti-CCP-Ak, Rheumafaktor positive rheumatoide Arthritis, ED 1993 | M05.90",1
Z.n. Papillitis links 01/2017 | H46,1
Würgereiz und Brechneigung | R11,1
Chron. rez. Lumbalsyndrom | M54.86,1
"Morbus Crohn, ED 2009 | K50.1",1
Zervikobrachiasyndrom | M53.1,1
Lumboischialgien bei kleinem Bandscheibenvorfall LWK 4/5. | M54.80,1
Cervikalsyndrom | M54.82,1
HWS-Syndrom bei HWS-Fehlhaltung und Bandscheibenprotrusio C5/6 | M54.82,1
Spinalkanalstenose und Osteophyten 6/2008 | M54.82,1
"Chron. obstr. Lungenerkrankung, Schwergrad 3 | J44.81",1
Lungenemphysem | J43.9,1
nCPAP-behandeltes Schlafapnoesyndrom | G47.31,1
Zustand nach Nikotinabusus | F17.1,1
Hypothyreose bei Z.n. partialer Thyreoidektomie 1993 | E03.9,1
Schlafstörungen | G44.0,1
Schmerzen HWS-Bereich mit Schmerzausstrahlung in beide Arme | M53.1,1
Knieschmerzen | M17.90,1
"Follikuläres Lymphom Grad I/II linke Axilla, ED 02/2018 | C82.1",1
Hüfteschmerzen li. | M25.55,1
Hypothyreose bei Thyreoiditis Hashimoto | E06.3,1
Gastritis Typ C | K29.5,1
Zervikobrachiales Schmerzsyndrom | M54.92,1
Veränderungen der Wirbelsäule | M54.97,1
Hand- und Fingergelenksarthrose | M15.9,1
V.a. Triggerung i.R. einer small fibre-Neuropathie mit | G62.9,1
Generalisierte Psoriasis vulgaris | L40.0,1
* Lumboischialgien re. bei Osteochondrose und Spondylarhtrose L5/S1 | M54.4,1
* Impingementsyndrom re. Schulter | M75.4,1
* Knieschmerzen rechtsbetont | M79.66,1
* Latente Hypothyreose unter Substitution | E03.9,1
Myofasziales Schmerzsyndrom im Schulter-Nacken-Bereich | M54.82,1
Trigeminusneuralgie des 3.Astes rechts | G50.0,1
Obstruktives Schlafapnoesyndrom mit CPAP-Therapie | G47.31,1
"Lipödem, Stadium II | E88.21",1
"Lymphödem der oberen und unteren Extremitäten, Stadium II | I89.09",1
Polyarthrose | M25.50,1
"Adipositas, Grad III | E66.02",1
Z.n. lumbalen Bandscheidenvorfall LWK 5/SWK 1 linksseitig mit persistierender Gefühlstörung und ASR-Verlust aus dem Jahr 2013 | M51.2,1
Limitiert cutan systemische Sklerodermie | M34.0,1
"Raynaud und Calcinosis cutis der Finger und Knie mit I73.0, | L92.4",1
Fingerkuppennekrosen | S61.0,1
Zervikobrachialsyndrom re. | M53.1,1
Koxarthrose rechtsbetont | M16.1,1
Linkskonvexe Skoliose | M41.90,1
Unterbauchschmerzen links | R10.4,1
"Lupus erythematodes, ED 2012 | M32.9",1
Zervikobrachialsyndrom links | M53.1,1
Schwindel und Druck am linken Ohr im Rahmen des Morbus Meniere | H81.0,1
Funktionelle Dyspepsie | K58.9,1
Reizdarmsyndrom ohne Diarrhoe | K58.9,1
"Hypothyreose bei Z.n. Thyreoidektomie, 6/2016 | E03.8",1
Hashimoto thyreoiditis | E06.3,1
1/2014 | G95.10,1
"initiale Beinschwäche bds., gebessert bis auf leichte Schwäche links | G82.13",1
Primäre Thrombophilie | D68.5,1
"Chronisches Ganzkörperschmerzsyndrom, vorwiegend linksseitig | M79.09",1
Chronisches Müdigkeitssyndrom | T73.3,1
Asthma bronchiale | J44.9,1
"Morbus Crohn mit Befall des Ileum, ED 1974 | K50.9",1
"Regred. Knochenmarköd. dist. Tibia bds., rechtsseitig führend (04/2017) | M79.67",1
Chronische Anämie mit rezidivierenden Eiseninfusion | D50.0,1
Kokzygodynie | M53.3,1
Chron. rezidivierende Harnwegsinfekte | N39.0,1
Zervikaler Bandscheibenschaden mit Radikulopathie L 5/6 | M50.1,1
Lumboischialgie rechtsbetont | M54.4,1
Z.n. Ductales in situ-Carcinom re. Mamma | D05,1
Verdauungsbeschwerden | K58.0,1
"Fibromyalgie, ED 2013 | M79.70",1
stark- bis massivgradiger Lipohyperthrophie von Oberschenkeltyp | E65,1
Lipödem der Arme bei | R60.0,1
stark- bis massivgradiger Lipohyperthrophie von Oberarmtyp | E65,1
Fußschmerzen bds. | M25.50,1
"Chronische, migräneartige Kopfschmerzen | R51",1
L 5 Dermatom rechts | M54.4,1
Adipositas | E66.0,1
"Pseudoradikuläres, lumbales Schmerzsyndrom | M54.97",1
