term,document_count,percent
erschöpfungsgefühl schlappheit lustlosigkeit,2,0.3
winter kurzgefasst hätte diagnose,2,0.3
hätte diagnose,2,0.3
schlaf schlafstörungen,2,0.3
migräneattacken zwei,2,0.3
kopfschmerzen beschreibt migräneattacken,2,0.3
beschreibt migräneattacken,2,0.3
spannungskopfschmerzen halswirbelsäulenproblematik,2,0.3
beschwerdebild stellen kopfschmerzen zwei,2,0.3
stellen kopfschmerzen,2,0.3
spannungskopfschmerzen halswirbelsäulenproblematik zusammenhang,2,0.3
einen spannungskopfschmerzen,2,0.3
beschreibt migräneattacken zwei dreimal,2,0.3
betrage tage begleitet migräne,2,0.3
formen auftreten einen spannungskopfschmerzen,2,0.3
migräneattacken zwei dreimal monatlich,2,0.3
gelenke anstoß schmerzempfindlich fingerpolyarthrose,2,0.3
therapie ostechondrose syrinx bereich,2,0.3
ostechondrose syrinx bereich,2,0.3
rhizarthrose links therapieresistente pollenallergie,2,0.3
ostechondrose syrinx bereich weitere,2,0.3
ostechondrose syrinx,2,0.3
manuelle therapie ostechondrose,2,0.3
therapie ostechondrose,2,0.3
manuelle therapie ostechondrose syrinx,2,0.3
wärme manuelle therapie ostechondrose,2,0.3
hyperkyphose,2,0.3
hinaus sein schlaf durchschlafstörungen,2,0.3
vielen jahren zunehmende polyneuropathie,2,0.3
zunehmende polyneuropathie,2,0.3
jahren zunehmende polyneuropathie,2,0.3
depressionen seinem,2,0.3
einschlafstörungen sinne eines,2,0.3
muster einschlafstörungen sinne,2,0.3
wechselhaftes muster einschlafstörungen sinne,2,0.3
muster einschlafstörungen,2,0.3
können konzentrations merkfähigkeitsstörungen hinsichtlich,2,0.3
tinnitus nahezu,2,0.3
konzentrations merkfähigkeitsstörungen hinsichtlich schlafes,2,0.3
osteochondrosen,2,0.3
merkfähigkeitsstörungen hinsichtlich schlafes,2,0.3
sinne einer neurodermitis,2,0.3
wechselhaftes muster einschlafstörungen,2,0.3
muster einschlafstörungen sinne eines,2,0.3
einschlafstörungen sinne eines gedanklichen,2,0.3
schlafes wechselhaftes muster einschlafstörungen,2,0.3
chronischen multilokulären schmerzsyndrom rahmen,2,0.3
multilokulären schmerzsyndrom rahmen,2,0.3
erschöpfungsgefühl schlappheit lustlosigkeit starker,2,0.3
crohn zwölf darm,2,0.3
jeden zweiten depressionen seinem,2,0.3
crohn zwölf,2,0.3
hätte diagnose morbus crohn,2,0.3
jeden zweiten depressionen,2,0.3
morbus crohn zwölf darm,2,0.3
nutzt jeden zweiten depressionen,2,0.3
ausgeprägtes erschöpfungsgefühl schlappheit lustlosigkeit,2,0.3
kraftlosigkeit ausgeprägtes erschöpfungsgefühl schlappheit,2,0.3
starke kraftlosigkeit ausgeprägtes erschöpfungsgefühl,2,0.3
zweiten depressionen seinem,2,0.3
zweiten depressionen,2,0.3
kurzgefasst hätte diagnose,2,0.3
erschöpfungsgefühl schlappheit,2,0.3
einer reizdarmsymptomatik,2,0.3
konzentrations kurzeitgedächtnisstörungen sein schlaf,2,0.3
kurzeitgedächtnisstörungen sein schlaf,2,0.3
energieniveau konzentrations kurzeitgedächtnisstörungen,2,0.3
stimmung energieniveau konzentrations kurzeitgedächtnisstörungen,2,0.3
kurzeitgedächtnisstörungen sein,2,0.3
kurzeitgedächtnisstörungen sein schlaf einschlafstörungen,2,0.3
konzentrations kurzeitgedächtnisstörungen sein,2,0.3
jahr erschöpfungssymptomen ursächlich,2,0.3
jahr erschöpfungssymptomen ursächlich hierfür,2,0.3
konzentrationsstörungen berichtete,2,0.3
energieabhängig konzentrationsstörungen,2,0.3
konzentrationsstörungen berichtete borreliose,2,0.3
erheblich durchschlafstörungen gestört hinsichtlich,2,0.3
diagnose fibromyalgie gestellt jahren,2,0.3
einschlafstörungen sinne,2,0.3
merkfähigkeitsstörungen hinsichtlich schlafes wechselhaftes,2,0.3
energieabhängig konzentrationsstörungen berichtete,2,0.3
jahren borreliose gehabt,2,0.3
berichtete borreliose schubartigen,2,0.3
borreliose gehabt,2,0.3
jahren borreliose,2,0.3
borreliose schubartigen knieschmerzen beidseits,2,0.3
borreliose schubartigen knieschmerzen,2,0.3
konzentrationsstörungen berichtete borreliose schubartigen,2,0.3
borreliose schubartigen,2,0.3
berichtete borreliose schubartigen knieschmerzen,2,0.3
energieabhängig konzentrationsstörungen berichtete borreliose,2,0.3
berichtete borreliose,2,0.3
abgeschlagenheit schlaf durchschlafstörungen,2,0.3
abgeschlagenheit schlaf durchschlafstörungen gestört,2,0.3
erschöpfungszustand kraftlosigkeit,2,0.3
spannungskopfschmerzen zeit,2,0.3
patienten colitis ulcerosa befall,2,0.3
patienten colitis ulcerosa,2,0.3
colitis ulcerosa befall enddarms,2,0.3
colitis ulcerosa befall,2,0.3
eines vorbekannten reizdarmsyndroms,2,0.3
rahmen eines vorbekannten reizdarmsyndroms,2,0.3
vorbekannten reizdarmsyndroms,2,0.3
schlafstörungen konzentrations,2,0.3
rheumatologische abklärung wegweisenden hinweis,2,0.3
lumboischialgie,2,0.3
koxarthrose rechts,2,0.3
linderung wärme physiotherapie ostechondrose,2,0.3
physiotherapie ostechondrose,2,0.3
wärme physiotherapie ostechondrose,2,0.3
vielen jahren zervikobrachialgien,2,0.3
borreliose kopfschmerzen,2,0.3
sorgen polyneuropathie,2,0.3
polyneuropathie gehfähigkeit,2,0.3
sorgen polyneuropathie gehfähigkeit,2,0.3
polyneuropathie gehfähigkeit verliere,2,0.3
sorgen polyneuropathie gehfähigkeit verliere,2,0.3
zukunftsängste sorgen polyneuropathie,2,0.3
polyneuropathie gehfähigkeit verliere chronischen,2,0.3
zukunftsängste sorgen polyneuropathie gehfähigkeit,2,0.3
cephalgien,2,0.3
zwanzig jahren tinnitus aurium,2,0.3
spinalstenose,2,0.3
zwanzig jahren tinnitus,2,0.3
fortgeschrittener coxarthrose,2,0.3
konzentrationsstörungen fühle,2,0.3
schwindelgefühl,2,0.3
patienten colitis,2,0.3
migräne wechseljahren,2,0.3
migräne fügt hinzu migräne,2,0.3
übelkeit erbrechen begleitet migräneanfälle,2,0.3
kopf migräne,2,0.3
durchschlafstörungen erschwerend,2,0.3
gelegentliche durchschlafstörungen,2,0.3
einschlafstörungen gelegentliche,2,0.3
schlafapnoesyndrom,2,0.3
allergische rhinitis,2,0.3
einschlafstörungen gelegentliche durchschlafstörungen,2,0.3
rhinitis,2,0.3
kopfschmerzen treten fast,2,0.3
pfeifen tinnitus unterschiedlicher,2,0.3
rheumatologische abklärung wegweisenden,2,0.3
rheumatischen,2,0.3
starke zukunftsängste sorgen polyneuropathie,2,0.3
migräne fügt,2,0.3
bezug migräne fügt hinzu,2,0.3
rechts ganzen kopf migräne,2,0.3
aura migräne licht,2,0.3
migräne besten,2,0.3
ganzen kopf migräne besten,2,0.3
bezug migräne fügt,2,0.3
fügt hinzu migräne,2,0.3
kälte bezug migräne fügt,2,0.3
begleitet migräneanfälle monat,2,0.3
migräne wechseljahren etwas,2,0.3
migräneanfälle monat auftreten,2,0.3
hinzu migräne wechseljahren,2,0.3
hinzu migräne,2,0.3
besserung kälte bezug migräne,2,0.3
migräneanfälle monat auftreten dauern,2,0.3
einer gicht arthritis finger,2,0.3
arthritis finger handgelenken,2,0.3
einer gicht arthritis,2,0.3
rahmen einer gicht arthritis,2,0.3
einer gastroösophagealen refluxkrankheit ösophagitis,2,0.3
arthritis finger handgelenken sprunggelenke,2,0.3
gicht arthritis finger,2,0.3
refluxkrankheit ösophagitis,2,0.3
rhizarthrose diagnostiziert,2,0.3
lungenfibrose,2,0.3
tinnitus aurium rechts charakter,2,0.3
vierzig jahren migräne,2,0.3
bezug migräne,2,0.3
migräne licht geräuschempfindlichkeit tränende,2,0.3
ganzen kopf migräne,2,0.3
jahren migräne aura migräne,2,0.3
kopf migräne besten,2,0.3
migräne wechseljahren etwas nachgelassen,2,0.3
vierzig jahren migräne aura,2,0.3
erbrechen begleitet migräneanfälle monat,2,0.3
migräne besten hilft,2,0.3
fügt hinzu migräne wechseljahren,2,0.3
hinzu migräne wechseljahren etwas,2,0.3
migräne besten hilft wenn,2,0.3
aura migräne licht geräuschempfindlichkeit,2,0.3
begleitet migräneanfälle monat auftreten,2,0.3
migräne aura migräne licht,2,0.3
migräne fügt hinzu,2,0.3
arthritis finger,2,0.3
gastroösophagealen refluxkrankheit ösophagitis,2,0.3
gicht arthritis,2,0.3
gicht arthritis finger handgelenken,2,0.3
erschöpfung ausgeprägte,2,0.3
ausgeprägten psychophysischen erschöpfung ausgeprägte,2,0.3
psychophysischen erschöpfung ausgeprägte,2,0.3
merkfähigkeitsstörungen schlaf durschlafstörungen,2,0.3
merkfähigkeitsstörungen schlaf durschlafstörungen gestört,2,0.3
konzentrations merkfähigkeitsstörungen schlaf durschlafstörungen,2,0.3
jahren verdauungsstörungen zeigten meistens,2,0.3
jahren verdauungsstörungen zeigten,2,0.3
läge hinzu kämen durchschlafstörungen,2,0.3
kämen durchschlafstörungen,2,0.3
hinzu kämen durchschlafstörungen,2,0.3
tinnitus welcher,2,0.3
vorher gereizt schlaf durchschlafstörungen,2,0.3
kopf migräne besten hilft,2,0.3
migräneanfälle monat,2,0.3
kälte bezug migräne,2,0.3
rheumatica hauptmanifestation,2,0.3
polymyalgia rheumatica hauptmanifestation,2,0.3
einer polymyalgia rheumatica hauptmanifestation,2,0.3
jahren erschöpfungssymptome,2,0.3
jahren tinnitus aurium rechts,2,0.3
zervikobrachialgien symptomatik fünf,2,0.3
fiber polyneuropathie,2,0.3
dorsalgien bereich schmerzen strahlen,2,0.3
jahren zervikobrachialgien symptomatik fünf,2,0.3
aufnahmegespräch zwanzig jahren zervikobrachialgien,2,0.3
polyneuropathie unteren,2,0.3
zervikobrachialgien symptomatik fünf jahren,2,0.3
polyneuropathie unteren extremitäten,2,0.3
neuropathie diagnostiziert,2,0.3
small fiber neuropathie diagnostiziert,2,0.3
fiber neuropathie diagnostiziert,2,0.3
tinnitus aurium charakter eines,2,0.3
burnout,2,0.3
osteoporose,2,0.3
divertikulose,2,0.3
beidseitigen tinnitus aurium,2,0.3
geworden konzentrations merkfähigkeitsstörungen innere,2,0.3
merkfähigkeitsstörungen innere unruhe schlaf,2,0.3
aufnahmegespräch chronischen dorsalgien allen,2,0.3
aufnahmegespräch chronischen dorsalgien,2,0.3
antrumgastritis,2,0.3
jahren rhizarthrose,2,0.3
einem rheumatologen,2,0.3
bestehendes problem chronisches syndrom,2,0.3
problem chronisches syndrom,2,0.3
erschöpfungssymptome,2,0.3
schmerzsymptomatik rahmen einer polymyalgia,2,0.3
eines migräneanfalls,2,0.3
erschöpfungssymptomatik symptomatik zwei,2,0.3
jahren erschöpfungssymptomatik symptomatik,2,0.3
während eines migräneanfalls,2,0.3
kopfschmerzen praktisch,2,0.3
zervikobrachialsyndrom chronisches syndrom belastungsabhängige,2,0.3
migräneattacken chronisches zervikobrachialsyndrom,2,0.3
anhalten rezidivierende migräneattacken chronisches,2,0.3
chronische kopfschmerzen praktisch,2,0.3
polyarthrose jahren,2,0.3
erschöpfung verminderte körperliche,2,0.3
erschöpfung verminderte,2,0.3
erschöpfung verminderte körperliche belastbarkeit,2,0.3
atrophie,2,0.3
jahren kopfschmerzen spannungstyp,2,0.3
aufnahmegespräch jahren kopfschmerzen,2,0.3
rezidivierende migräneattacken,2,0.3
syndrom belastungsabhängige gonalgien,2,0.3
syndrom belastungsabhängige,2,0.3
chronisches zervikobrachialsyndrom,2,0.3
stunden anhalten rezidivierende migräneattacken,2,0.3
parkinson syndrom,2,0.3
kopfschmerzen stirn,2,0.3
jahren müdigkeitssyndrom,2,0.3
anhaltender erschöpfung,2,0.3
diagnose eines,2,0.3
zunehmender erschöpfung,2,0.3
einem jahr zervikobrachialgien,2,0.3
jahr zervikobrachialgien,2,0.3
migräneanfalls,2,0.3
jahren erschöpfungssymptomatik symptomatik zwei,2,0.3
bronchitis symptomatik,2,0.3
belastungsabhängige gonalgien beidseits,2,0.3
chronisches zervikobrachialsyndrom chronisches syndrom,2,0.3
migräneattacken chronisches zervikobrachialsyndrom chronisches,2,0.3
beschwerden chronische kopfschmerzen,2,0.3
belastungsabhängige gonalgien,2,0.3
migräneattacken chronisches,2,0.3
behandlungsbedürftige beschwerden chronische kopfschmerzen,2,0.3
beschwerden chronische kopfschmerzen praktisch,2,0.3
chronisches syndrom belastungsabhängige gonalgien,2,0.3
syndrom belastungsabhängige gonalgien beidseits,2,0.3
zervikobrachialsyndrom chronisches,2,0.3
gonalgien beidseits aufrichten hocke,2,0.3
belastungsabhängige gonalgien beidseits aufrichten,2,0.3
anhalten rezidivierende migräneattacken,2,0.3
rezidivierende migräneattacken chronisches zervikobrachialsyndrom,2,0.3
gonalgien beidseits aufrichten,2,0.3
grüble viel konzentrations merkfähigkeitsstörungen,2,0.3
jahren ausgeprägten durchschlafstörungen,2,0.3
gelegentliche spannungskopfschmerzen,2,0.3
zurückhaltend geworden schlaf durchschlafstörungen,2,0.3
aufnahmegespräch jahren erschöpfungssymptomen,2,0.3
seiner erschöpfung,2,0.3
dorsalgien bereich anhaltende schmerzen,2,0.3
dorsalgien bereich anhaltende,2,0.3
differenzialdiagnosen,2,0.3
häufig durchschlafstörungen,2,0.3
dreißig jahren chronischen dorsalgien,2,0.3
angespannt sein schlaf durchschlafstörungen,2,0.3
kopfschmerzen praktisch jeden,2,0.3
chronisches zervikobrachialsyndrom chronisches,2,0.3
rezidivierende migräneattacken chronisches,2,0.3
zervikobrachialsyndrom chronisches syndrom,2,0.3
fibromyalgie vermutet hinsichtlich,2,0.3
jahren zervikobrachialgien symptomatik jahren,2,0.3
fibromyalgie vermutet,2,0.3
rheumatologin,2,0.3
essentieller tremor diagnose,2,0.3
essentieller tremor diagnose vermutet,2,0.3
tremor diagnose vermutet,2,0.3
tremor diagnose,2,0.3
diagnose vermutet,2,0.3
durchschlafstörungen häufigem,2,0.3
gonalgien,2,0.3
gonalgien beidseits,2,0.3
chronische kopfschmerzen praktisch jeden,2,0.3
chronisches syndrom belastungsabhängige,2,0.3
kopfschmerzen praktisch jeden zweiten,2,0.3
viel konzentrations merkfähigkeitsstörungen,2,0.3
nahrungsmittelunverträglichkeiten lactose,2,0.3
jahren bekanntes reizdarmsyndrom,2,0.3
patienten diagnose,2,0.3
diagnostizierten polyneuropathie,2,0.3
schwindelgefühle,2,0.3
konzentrations merkfähigkeitsstörungen stimmung wechselhaft,2,0.3
merkfähigkeitsstörungen stimmung wechselhaft,2,0.3
merkfähigkeitsstörungen stimmung wechselhaft häufig,2,0.3
gefasst atopischer dermatitis,2,0.3
berichte gefasst atopischer dermatitis,2,0.3
atopischer dermatitis,2,0.3
aufmerksamkeitsstörungen,2,0.3
konzentrations aufmerksamkeitsstörungen,2,0.3
einem ausgeprägten erschöpfungsgefühl,2,0.3
ausgeprägten erschöpfungsgefühl,2,0.3
wache einem ausgeprägten erschöpfungsgefühl,2,0.3
somatischer beschwerden jahren dorsalgien,2,0.3
charakter pfeifen tinnitus vorhanden,2,0.3
beschwerden jahren dorsalgien bereich,2,0.3
jahren tinnitus aurium links,2,0.3
gegen kopfschmerzen,2,0.3
belastungsstörung,2,0.3
nackenbeschwerden auftretenden kopfschmerzen,2,0.3
lyme arthritis,2,0.3
pfeifton tinnitus unterschiedlicher intensität,2,0.3
pfeifton tinnitus unterschiedlicher,2,0.3
auftretenden kopfschmerzen,2,0.3
nackenbeschwerden auftretenden kopfschmerzen symptomatik,2,0.3
einschlafstörungen beeinträchtigt,2,0.3
früher konzentrations merkfähigkeitsstörungen schlaf,2,0.3
allem einschlafstörungen,2,0.3
bekanntes reizdarmsyndrom,2,0.3
müdigkeitssyndrom bestehende,2,0.3
konzentrations merkfähigkeitsstörungen erhöhter,2,0.3
erschöpfung reduzierter,2,0.3
konzentrations merkfähigkeitsstörungen erhöhter beanspruchung,2,0.3
stehen chronisches müdigkeitssyndrom bestehende,2,0.3
chronisches müdigkeitssyndrom bestehende,2,0.3
merkfähigkeitsstörungen erhöhter beanspruchung,2,0.3
anhaltende erschöpfung,2,0.3
träten konzentrations merkfähigkeitsstörungen erhöhter,2,0.3
reizdarmsyndrom vermutet drei jahren,2,0.3
reizdarmsyndrom vermutet drei,2,0.3
drei jahren zunehmende erschöpfungssymptomatik,2,0.3
treten kopfschmerzen täglich,2,0.3
intensität tinnitus,2,0.3
tinnitus morgens,2,0.3
beschwerden jahren dorsalgien,2,0.3
arthritis urica diagnostiziert zeit,2,0.3
hoher pfeifton tinnitus unterschiedlicher,2,0.3
kopfschmerzen symptomatik fünf jahren,2,0.3
auftretenden kopfschmerzen symptomatik,2,0.3
jahr arthritis,2,0.3
jahr arthritis urica,2,0.3
jahr arthritis urica diagnostiziert,2,0.3
chronischen bronchitis dies äußert,2,0.3
bronchitis dies äußert,2,0.3
bronchitis dies,2,0.3
chronischen bronchitis dies,2,0.3
merkfähigkeitsstörungen erhöhter,2,0.3
müdigkeitssyndrom bestehende chronische schmerzproblematik,2,0.3
erschöpfung reduzierter belastbarkeit,2,0.3
müdigkeitssyndrom bestehende chronische,2,0.3
chronisches müdigkeitssyndrom bestehende chronische,2,0.3
konzentrationsstörungen merkfähigkeitsstörungen sein schlaf,2,0.3
störung hinsichtlich somatischer beschwerden,2,0.3
tritt klinisch einer restless,2,0.3
einer restless legs,2,0.3
lumbalsyndrom beschwerden äußern ziehenden,2,0.3
bestehendes zervikobrachialsyndrom rezidivierende,2,0.3
zervikobrachialsyndrom rezidivierende,2,0.3
einer restless,2,0.3
klinisch einer restless legs,2,0.3
zervikobrachialsyndrom rezidivierende spannungsartige schmerzen,2,0.3
einer bekannten arthrose,2,0.3
restless legs symptomatik entspricht,2,0.3
kopfschmerzen symptomatik fünf,2,0.3
auftretenden kopfschmerzen symptomatik fünf,2,0.3
arthritis urica diagnostiziert,2,0.3
arthritis urica,2,0.3
kopf anhaltenden kopfschmerzen halsschmerzen,2,0.3
mehreren jahren bestehendes zervikobrachialsyndrom,2,0.3
hinaus einem chronischen lumbalsyndrom,2,0.3
jahren bestehendes zervikobrachialsyndrom rezidivierende,2,0.3
jahren bestehendes zervikobrachialsyndrom,2,0.3
bronchitis dies äußert allem,2,0.3
einer chronischen bronchitis dies,2,0.3
rahmen einer chronischen bronchitis,2,0.3
polyneuropathie brennenden,2,0.3
polyneuropathie brennenden drückenden schmerzen,2,0.3
polyneuropathie brennenden drückenden,2,0.3
appendizitis,2,0.3
merkfähigkeitsstörungen sein schlaf ausgeprägten,2,0.3
zusätzlich konzentrationsstörungen merkfähigkeitsstörungen sein,2,0.3
konzentrationsstörungen merkfähigkeitsstörungen sein,2,0.3
sein schlaf ausgeprägten durchschlafstörungen,2,0.3
bestehendes zervikobrachialsyndrom,2,0.3
rahmen einer bekannten arthrose,2,0.3
einer restless legs symptomatik,2,0.3
klinisch einer restless,2,0.3
störung hinsichtlich,2,0.3
störung hinsichtlich somatischer,2,0.3
hierzu gehören durchschlafstörungen,2,0.3
komplex hierzu gehören durchschlafstörungen,2,0.3
gehören durchschlafstörungen kopfschmerzen infektanfälligkeit,2,0.3
durchschlafstörungen kopfschmerzen infektanfälligkeit allem,2,0.3
kopfschmerzen halsschmerzen äußert gesamte,2,0.3
anhaltenden kopfschmerzen halsschmerzen,2,0.3
kopfschmerzen halsschmerzen,2,0.3
gehören durchschlafstörungen kopfschmerzen,2,0.3
anhaltenden kopfschmerzen halsschmerzen äußert,2,0.3
durchschlafstörungen kopfschmerzen,2,0.3
chronisches fatigue syndrom,2,0.3
bekannten arthrose,2,0.3
bestehendes zervikobrachialsyndrom rezidivierende spannungsartige,2,0.3
kopfschmerzen infektanfälligkeit allem starken,2,0.3
gehören durchschlafstörungen,2,0.3
kopfschmerzen infektanfälligkeit allem,2,0.3
kopfschmerzen infektanfälligkeit,2,0.3
durchschlafstörungen kopfschmerzen infektanfälligkeit,2,0.3
kopf anhaltenden kopfschmerzen,2,0.3
hierzu gehören durchschlafstörungen kopfschmerzen,2,0.3
starken kopf anhaltenden kopfschmerzen,2,0.3
kopfschmerzen halsschmerzen äußert,2,0.3
tinnitus charakter hoher pfeifton,2,0.3
hoher pfeifton tinnitus nacht,2,0.3
einem beidseitigen tinnitus charakter,2,0.3
zervikobrachialsyndrom rezidivierende spannungsartige,2,0.3
hinaus jahren zunehmende erschöpfungssymptomatik,2,0.3
arthritis allem beide,2,0.3
psoriasis arthritis allem beide,2,0.3
erschöpfungssymptomatik aufgrund sowohl,2,0.3
zunehmende erschöpfungssymptomatik aufgrund sowohl,2,0.3
beidseitigen tinnitus charakter hoher,2,0.3
beidseitigen tinnitus charakter,2,0.3
tinnitus charakter,2,0.3
tinnitus charakter hoher,2,0.3
genügen können konzentrations merkfähigkeitsstörungen,2,0.3
chronische bronchitis,2,0.3
jahren zunehmende erschöpfungssymptomatik aufgrund,2,0.3
verdauungsstörungen zeigten meistens magendruckgefühl,2,0.3
zunehmende erschöpfungssymptomatik aufgrund,2,0.3
erschöpfungssymptomatik aufgrund sowohl beruflicher,2,0.3
durchschlafstörungen schlafe,2,0.3
aufnahmegespräch zwei jahr erschöpfungssymptomatik,2,0.3
merkfähigkeitsstörungen schlaf genug,2,0.3
zwei jahr erschöpfungssymptomatik,2,0.3
einer gonarthrose belastungsabhängige,2,0.3
knieschmerzen rahmen einer gonarthrose,2,0.3
gonarthrose belastungsabhängige knieschmerzen,2,0.3
einer gonarthrose belastungsabhängige knieschmerzen,2,0.3
wegen kopfschmerzen,2,0.3
kopfschmerzen halten,2,0.3
rahmen einer gonarthrose belastungsabhängige,2,0.3
kopfschmerzen einer,2,0.3
migräneanfälle licht geräuschempfindlichkeit,2,0.3
migräneanfälle licht geräuschempfindlichkeit rückzugsbedürfnis,2,0.3
zehn jahren zervikobrachialgien,2,0.3
gonarthrose belastungsabhängige,2,0.3
migräneanfälle licht,2,0.3
konzentrations merkfähigkeitsstörungen schlaf genug,2,0.3
beschwerden chronischen dorsalgien allen,2,0.3
angst depression hinsichtlich somatischer,2,0.3
symptomatik angst depression,2,0.3
angst depression hinsichtlich,2,0.3
symptomatik angst depression hinsichtlich,2,0.3
angst depression,2,0.3
gemischte symptomatik angst depression,2,0.3
arthrose chronischen beschwerden,2,0.3
arthrose chronischen,2,0.3
arthrose chronischen beschwerden erträgliches,2,0.3
bestehende dorsalgien bereich jahren,2,0.3
vielen jahren bestehende dorsalgien,2,0.3
schwankschwindel symptomatik,2,0.3
einschlafstörungen durchschlafstörungen gestört,2,0.3
einschlafstörungen durchschlafstörungen gestört hinsichtlich,2,0.3
durchschlafstörungen geprägt,2,0.3
schlaf durchschlafstörungen geprägt,2,0.3
erreicht konzentrations merkfähigkeitsstörungen stimmung,2,0.3
bursitis subacromialis,2,0.3
aspirin migräne,2,0.3
gedrückt ausgeprägten konzentrations merkfähigkeitsstörungen,2,0.3
merkfähigkeitsstörungen sein schlaf genug,2,0.3
vielen jahren einem tinnitus,2,0.3
schlaf durchschlafstörungen beeinträchtigt bestehende,2,0.3
durchschlafstörungen beeinträchtigt bestehende müdigkeitssymptomatik,2,0.3
sommermonaten schlaf durchschlafstörungen,2,0.3
durchschlafstörungen beeinträchtigt bestehende,2,0.3
charakter tinnitus,2,0.3
sommermonaten schlaf durchschlafstörungen beeinträchtigt,2,0.3
merkfähigkeitsstörungen schlaf genug erholsam,2,0.3
zwei jahr erschöpfungssymptomatik erschöpft,2,0.3
frühlings sommermonaten schlaf durchschlafstörungen,2,0.3
reizdarm vermutet,2,0.3
sigmadivertikulose,2,0.3
tinnitus beidseits lokalisiert,2,0.3
entspricht einer migräne,2,0.3
kopfschmerzen zwei unterschiedlichen,2,0.3
tinnitus beidseits lokalisiert kontinuierlich,2,0.3
tinnitus beidseits,2,0.3
blasenentleerungsstörung deutlicher restharnbildung,2,0.3
blasenentleerungsstörung deutlicher,2,0.3
patienten blasenentleerungsstörung,2,0.3
patienten blasenentleerungsstörung deutlicher restharnbildung,2,0.3
beinen patienten blasenentleerungsstörung deutlicher,2,0.3
beinen patienten blasenentleerungsstörung,2,0.3
patienten blasenentleerungsstörung deutlicher,2,0.3
erreicht schlaf durchschlafstörungen,2,0.3
syndrom magen darm beschwerden,2,0.3
andauernde erschöpfung,2,0.3
blasenentleerungsstörung deutlicher restharnbildung april,2,0.3
schweregefühl beinen patienten blasenentleerungsstörung,2,0.3
blasenentleerungsstörung,2,0.3
empfunden lumbalgien sitzen,2,0.3
schmerzen dumpfe empfunden lumbalgien,2,0.3
monoarthritis,2,0.3
monoarthritis rechten,2,0.3
lumbalgien sitzen,2,0.3
dumpfe empfunden lumbalgien,2,0.3
syndrom chronischen,2,0.3
neuropathische,2,0.3
februar tinnitus aurium,2,0.3
februar tinnitus,2,0.3
zurückhaltend geworden konzentrationsstörungen sein,2,0.3
erreicht konzentrations merkfähigkeitsstörungen innere,2,0.3
somatischen beschwerden chronischen dorsalgien,2,0.3
mehrfähigkeitsstörungen schlaf allem durchschlafstörungen,2,0.3
gesichtslähmung,2,0.3
gereizt konzentrations mehrfähigkeitsstörungen schlaf,2,0.3
schnell gereizt konzentrations mehrfähigkeitsstörungen,2,0.3
mehrfähigkeitsstörungen schlaf allem,2,0.3
gereizt konzentrations mehrfähigkeitsstörungen,2,0.3
karpaltunnelsyndrom,2,0.3
fünfzehn jahren zunehmende erschöpfungssymptomatik,2,0.3
syndrom magen,2,0.3
syndrom diagnostiziert,2,0.3
syndrom magen darm,2,0.3
jahr diagnose fibromyalgie,2,0.3
syndrom diagnostiziert chronischen,2,0.3
jahr diagnose fibromyalgie gestellt,2,0.3
kopfschmerzen einen,2,0.3
durchschlafstörungen zusätzlich,2,0.3
schwindels,2,0.3
schwankend konzentrations merkfähigkeitsstörungen,2,0.3
konzentrations mehrfähigkeitsstörungen schlaf,2,0.3
mehrfähigkeitsstörungen schlaf,2,0.3
konzentrations mehrfähigkeitsstörungen schlaf allem,2,0.3
konzentrationsstörungen sein schlaf durchschlafstörungen,2,0.3
geworden konzentrationsstörungen sein schlaf,2,0.3
chronische polyarthritis,2,0.3
geworden konzentrationsstörungen sein,2,0.3
kopfschmerzen tage,2,0.3
beschwerden zwanzig jahren kopfschmerzen,2,0.3
zwanzig jahren kopfschmerzen,2,0.3
merkfähigkeitsstörungen innere unruhe stimmung,2,0.3
beschwerden chronischen dorsalgien fast,2,0.3
verdauungsstörungen zehn,2,0.3
aufnahmegespräch dorsalgien bereich,2,0.3
verdauungsstörungen zehn jahren,2,0.3
gewichtsabnahme reizdarmsyndrom vermutet chronischen,2,0.3
aufnahmegespräch dorsalgien bereich ausstrahlung,2,0.3
kopfschmerzsymptomatik,2,0.3
einen jahren bestehenden tinnitus,2,0.3
durchschlafstörungen beeinträchtigt hinsichtlich somatischer,2,0.3
pfeifen tinnitus tags,2,0.3
tinnitus tags nachts,2,0.3
tinnitus tags,2,0.3
pfeifen tinnitus tags nachts,2,0.3
tinnitus tags nachts vorhanden,2,0.3
stimmung schwankend konzentrations merkfähigkeitsstörungen,2,0.3
kopfschmerzen dauern,2,0.3
schwankend konzentrations merkfähigkeitsstörungen beziehungen,2,0.3
covid syndrom,2,0.3
verstärkt neben ausgeprägten erschöpfungszuständen,2,0.3
dorsalgien nahezu,2,0.3
chronische dorsalgien nahezu,2,0.3
migräneanfälle treten,2,0.3
jeden kopfschmerzen zwei,2,0.3
jeden kopfschmerzen zwei kopfschmerzarten,2,0.3
beide arten kopfschmerzen,2,0.3
jeden kopfschmerzen,2,0.3
fast jeden kopfschmerzen zwei,2,0.3
andere kopfschmerzen,2,0.3
fast jeden kopfschmerzen,2,0.3
eines karpaltunnelsyndroms,2,0.3
karpaltunnelsyndroms,2,0.3
verdauungsstörungen zehn jahren zeigten,2,0.3
aufnahmegespräch dorsalgien,2,0.3
ausgeprägten erschöpfungszuständen erhebliche kognitiver,2,0.3
erschöpfungszuständen erhebliche kognitiver,2,0.3
wortfindungsstörungen begleitet beschwerden,2,0.3
müdigkeitssyndrom post covid syndrom,2,0.3
erschöpfungszuständen erhebliche kognitiver einschränkungen,2,0.3
neben ausgeprägten erschöpfungszuständen erhebliche,2,0.3
psychophysischen erschöpfung fügt hinzu,2,0.3
neben ausgeprägten erschöpfungszuständen,2,0.3
erschöpfungszuständen erhebliche,2,0.3
müdigkeitssyndrom post covid,2,0.3
chronisches müdigkeitssyndrom post,2,0.3
ausgeprägten erschöpfungszuständen,2,0.3
ausgeprägten erschöpfungszuständen erhebliche,2,0.3
einschränkungen form brainfog konzentrationsstörungen,2,0.3
erschöpfung fügt hinzu probleme,2,0.3
post covid syndrom,2,0.3
ausgeprägten psychophysischen erschöpfung fügt,2,0.3
konzentrationsstörungen wortfindungsstörungen begleitet beschwerden,2,0.3
erschöpfung fügt hinzu,2,0.3
wortfindungsstörungen begleitet beschwerden einer,2,0.3
zehn jahren erschöpfungssymptomatik,2,0.3
gonarthrose diagnostiziert energie kraft,2,0.3
gonarthrose diagnostiziert energie,2,0.3
jahren erschöpfungssymptomatik einem,2,0.3
jahren erschöpfungssymptomatik einem jahr,2,0.3
erschöpfungssymptomatik einem jahr verschlechtern,2,0.3
aufnahmegespräch zehn jahren erschöpfungssymptomatik,2,0.3
erschöpfungssymptomatik einem,2,0.3
erschöpfungssymptomatik einem jahr,2,0.3
gonarthrose diagnostiziert,2,0.3
chronisches müdigkeitssyndrom post covid,2,0.3
erschöpfung fügt,2,0.3
chronische epicondylitis humeri radialis,2,0.3
syndrom rechten schulter diagnostiziert,2,0.3
synovialitis,2,0.3
syndrom mäßigen degenerationen,2,0.3
dorsalgien bereich lendenwirbelsäule jahr,2,0.3
dorsalgien bereich lendenwirbelsäule,2,0.3
bestehende dorsalgien bereich lendenwirbelsäule,2,0.3
erschöpfungssymptomatik beschreibt,2,0.3
konzentrationsstörung,2,0.3
gleichgewichtsstörung,2,0.3
zehn jahren erschöpfungssymptomatik einem,2,0.3
ausgeprägten durchschlafstörungen hinaus,2,0.3
omarthrose,2,0.3
psychophysischen erschöpfung fügt,2,0.3
müdigkeitssyndrom post,2,0.3
erschöpfungszuständen,2,0.3
synovialitis gelenkerguss,2,0.3
impingement syndrom rechten schulter,2,0.3
jahren hier syndrom,2,0.3
chronische epicondylitis humeri,2,0.3
humeri radialis rechts synovialitis,2,0.3
degenerationen stenose diagnostiziert,2,0.3
durchgeführt hypertrophe gelenkarthrose impingement,2,0.3
januar durchgeführt hypertrophe gelenkarthrose,2,0.3
hier syndrom,2,0.3
februar chronische epicondylitis,2,0.3
erschöpfungssymptomen sein antrieb leitungsfähigkeit,2,0.3
chronische epicondylitis,2,0.3
degenerationen stenose diagnostiziert schmerzcharakter,2,0.3
durchschlafstörungen hinaus,2,0.3
gelenkarthrose,2,0.3
gelenkarthrose impingement,2,0.3
stechend empfunden gefühlsstörungen,2,0.3
mittelfrequente pfeifen tinnitus,2,0.3
einer erschöpfungssymptomatik symptomatik,2,0.3
sinusitis jahren,2,0.3
stechend empfunden gefühlsstörungen bereich,2,0.3
hinaus jahren einem tinnitus,2,0.3
gonarthrose schmerzen,2,0.3
kopfschmerzen treten woche halten,2,0.3
jahren gonarthrose,2,0.3
durchschlafstörungen früheres erwachen,2,0.3
schlaf durchschlafstörungen früheres,2,0.3
schlaf durchschlafstörungen früheres erwachen,2,0.3
durchschlafstörungen früheres,2,0.3
durchschlafstörungen früheres erwachen gestört,2,0.3
syndrom mäßigen,2,0.3
bestünden jahren hier syndrom,2,0.3
ziehend stechend empfunden gefühlsstörungen,2,0.3
rechts synovialitis gelenkerguss,2,0.3
jahren hier syndrom mäßigen,2,0.3
mäßigen degenerationen stenose diagnostiziert,2,0.3
rechts synovialitis gelenkerguss rechter,2,0.3
stenose diagnostiziert schmerzcharakter stechend,2,0.3
gelenkarthrose impingement syndrom,2,0.3
mäßigen degenerationen stenose,2,0.3
radialis rechts synovialitis,2,0.3
synovialitis gelenkerguss rechter,2,0.3
hypertrophe gelenkarthrose impingement,2,0.3
rechts synovialitis,2,0.3
gelenkarthrose impingement syndrom rechten,2,0.3
hypertrophe gelenkarthrose,2,0.3
stenose diagnostiziert schmerzcharakter,2,0.3
hier syndrom mäßigen,2,0.3
durchschlafstörungen gestört chronischen,2,0.3
schlaf durchschlafstörungen gestört chronischen,2,0.3
einer fingerpolyarthrose,2,0.3
rahmen einer fingerpolyarthrose,2,0.3
beschwerden rahmen einer fingerpolyarthrose,2,0.3
eines sjögren syndroms,2,0.3
sjögren syndroms,2,0.3
dröhnend tinnitus,2,0.3
täglichen kopfschmerzen,2,0.3
mittelfrequente pfeifen tinnitus nacht,2,0.3
gefühlsstörungen bereich ring,2,0.3
gefühlsstörungen bereich ring mittelfingers,2,0.3
zusätzlich konzentrationsstörungen merkfähigkeitsstörungen schlaf,2,0.3
ansonsten mittelfrequente pfeifen tinnitus,2,0.3
empfunden gefühlsstörungen bereich ring,2,0.3
jahren einer erschöpfungssymptomatik symptomatik,2,0.3
durchgeführt hypertrophe gelenkarthrose,2,0.3
epicondylitis humeri radialis rechts,2,0.3
degenerationen stenose,2,0.3
hypertrophe gelenkarthrose impingement syndrom,2,0.3
synovialitis gelenkerguss rechter ellenbogen,2,0.3
hier syndrom mäßigen degenerationen,2,0.3
epicondylitis humeri radialis,2,0.3
syndrom mäßigen degenerationen stenose,2,0.3
jahren erschwerend lactoseintoleranz hinzu,2,0.3
lactoseintoleranz,2,0.3
bandscheibenvorfall bereich chronischen dorsalgien,2,0.3
prämenstruellen syndroms komme regelmäßig,2,0.3
diagnostizierten polyarthrose,2,0.3
vermehrter appetit schlafstörungen beschrieben,2,0.3
prämenstruellen syndroms,2,0.3
jahren fibromyalgie,2,0.3
schlafstörungen beschrieben,2,0.3
einer diagnostizierten polyarthrose,2,0.3
unterbauchschmerzen vermehrter appetit schlafstörungen,2,0.3
syndroms komme,2,0.3
einer diagnostizierten polyarthrose zwei,2,0.3
vermehrter appetit schlafstörungen,2,0.3
syndroms komme regelmäßig,2,0.3
polyarthrose zwei kniegelenke prothesen,2,0.3
prämenstruellen syndroms komme,2,0.3
appetit schlafstörungen,2,0.3
syndroms komme regelmäßig reizbarkeit,2,0.3
februar chronische epicondylitis humeri,2,0.3
diagnostiziert februar chronische epicondylitis,2,0.3
radialis rechts synovialitis gelenkerguss,2,0.3
syndrom rechten schulter,2,0.3
stenose diagnostiziert,2,0.3
treten migräneanfälle zweimal,2,0.3
migräneanfälle zweimal,2,0.3
konzentrations merkfähigkeitsstörungen fühle,2,0.3
merkfähigkeitsstörungen fühle,2,0.3
appetit schlafstörungen beschrieben,2,0.3
eines prämenstruellen syndroms,2,0.3
sinne eines prämenstruellen syndroms,2,0.3
schlafstörungen beschrieben beschwerden bessern,2,0.3
rahmen einer diagnostizierten polyarthrose,2,0.3
schlafstörungen beschrieben beschwerden,2,0.3
polyarthrose zwei kniegelenke,2,0.3
diagnostizierten polyarthrose zwei,2,0.3
diagnostizierten polyarthrose zwei kniegelenke,2,0.3
appetit schlafstörungen beschrieben beschwerden,2,0.3
polyarthrose zwei,2,0.3
eines prämenstruellen syndroms komme,2,0.3
lactoseintoleranz hinzu verträgliche,2,0.3
dorsalgien intermittierende,2,0.3
eines reizdarmsyndroms jahren,2,0.3
erschöpfungssyndrom verbunden diversen psychosomatischen,2,0.3
dorsalgien intermittierende beschwerden ziehendem,2,0.3
ausgeprägten psychophysischen erschöpfungssyndrom verbunden,2,0.3
bereich chronischen dorsalgien,2,0.3
erschöpfungssyndrom verbunden,2,0.3
erschwerend lactoseintoleranz,2,0.3
morgentiefe konzentrations merkfähigkeitsstörungen,2,0.3
lactoseintoleranz hinzu verträgliche nahrungsmittel,2,0.3
bereich chronischen dorsalgien intermittierende,2,0.3
reizdarmsyndroms jahren erschwerend lactoseintoleranz,2,0.3
morgentiefe konzentrations merkfähigkeitsstörungen beziehungen,2,0.3
erschwerend lactoseintoleranz hinzu,2,0.3
erreicht konzentrationsstörungen stimmung schwankend,2,0.3
psychophysischen erschöpfungssyndrom,2,0.3
psychophysischen erschöpfungssyndrom verbunden,2,0.3
lactoseintoleranz hinzu,2,0.3
bedrückt morgentiefe konzentrations merkfähigkeitsstörungen,2,0.3
jahren erschwerend lactoseintoleranz,2,0.3
reizdarmsyndroms jahren,2,0.3
verdauungsbeschwerden sinne eines reizdarmsyndroms,2,0.3
erschwerend lactoseintoleranz hinzu verträgliche,2,0.3
eines reizdarmsyndroms jahren erschwerend,2,0.3
einem ausgeprägten psychophysischen erschöpfungssyndrom,2,0.3
dorsalgien intermittierende beschwerden,2,0.3
polyneuropathie diagnostiziert,2,0.3
kolitis,2,0.3
intermittierenden kopfschmerzen,2,0.3
konzentrationsstörungen stimmung schwankend,2,0.3
erschöpfungssyndrom verbunden diversen,2,0.3
erschöpfungssymptomatik antrieb,2,0.3
erschöpfungssymptomatik antrieb leistungsfähigkeit,2,0.3
verdauungsstörungen dreißig jahren,2,0.3
verdauungsstörungen dreißig,2,0.3
fortgeschrittene arthrose,2,0.3
arthrose diagnostiziert schmerzen,2,0.3
hemiparese,2,0.3
psychosyndrom,2,0.3
beschwerden zwanzig jahren dorsalgien,2,0.3
fünf jahren tinnitus,2,0.3
fünf jahren tinnitus aurium,2,0.3
sinne eines reizdarmsyndroms jahren,2,0.3
reizdarmsyndroms jahren erschwerend,2,0.3
ausgeprägten psychophysischen erschöpfungssyndrom,2,0.3
chronischen dorsalgien intermittierende beschwerden,2,0.3
chronischen dorsalgien intermittierende,2,0.3
syndrom schultergelenk,2,0.3
syndrom zurzeit behandlungsbedürftig entfernung,2,0.3
müdigkeit abgeschlagenheit einem erschöpfungsgefühl,2,0.3
familienanamnese arterielle hypertonie vegetative,2,0.3
vater diabetes mellitus,2,0.3
durchschlafstörungen unterbrochen,2,0.3
intermittierenden zervikobrachialgien schmerzen ziehenden,2,0.3
intermittierenden zervikobrachialgien schmerzen,2,0.3
jahren intermittierenden zervikobrachialgien schmerzen,2,0.3
schlaf durchschlafstörungen gestört befindet,2,0.3
einer erschöpfungssymptomatik antrieb,2,0.3
erschöpfungssymptomatik antrieb leistungsfähigkeit reduziert,2,0.3
einer erschöpfungssymptomatik antrieb leistungsfähigkeit,2,0.3
trigeminusneuralgie,2,0.3
trigeminusneuralgie rechts,2,0.3
jahren einer erschöpfungssymptomatik antrieb,2,0.3
syndrom zurzeit,2,0.3
erschöpfungsgefühl einschränkung alltagstätigkeiten schlaf,2,0.3
schlafapnoe syndrom zurzeit behandlungsbedürftig,2,0.3
kollagenose,2,0.3
tinnitus aurium hochfrequentes pfeifen,2,0.3
tinnitus aurium hochfrequentes,2,0.3
migräneanfällen treten migräneanfälle,2,0.3
kopfschmerzen zwei dreimal,2,0.3
gebessert treten migräneanfälle,2,0.3
psychophysischen erschöpfungssyndrom verbunden diversen,2,0.3
rheumatisches,2,0.3
rheumatisches geschehen,2,0.3
ausgeprägte erschöpfung,2,0.3
raynaud syndrom,2,0.3
facettensyndrom,2,0.3
rheumatoide arthritis diagnostiziert,2,0.3
keine eindeutige diagnose gestellt,2,0.3
bislang keine eindeutige diagnose,2,0.3
können konzentrations merkfähigkeitsstörungen schlaf,2,0.3
hypertonie vegetative,2,0.3
erschöpfungsgefühl einschränkung,2,0.3
schwindel thyroxin kein,2,0.3
schwindel thyroxin kein nikotin,2,0.3
arthritis diagnostiziert allem,2,0.3
penicillin schwindel thyroxin kein,2,0.3
penicillin schwindel,2,0.3
alltagstätigkeiten schlaf durchschlafstörungen,2,0.3
syndrom schultergelenk links positiv,2,0.3
arterielle hypertonie vegetative anamnese,2,0.3
abgeschlagenheit einem erschöpfungsgefühl,2,0.3
arthritis diagnostiziert,2,0.3
november rheumatoide,2,0.3
vielen jahren verdauungsstörungen,2,0.3
polyarthritischen gelenkbeschwerden folge,2,0.3
chronischen polyarthritischen gelenkbeschwerden,2,0.3
rheumatoiden arthritis,2,0.3
chronischen polyarthritischen,2,0.3
chronischen polyarthritischen gelenkbeschwerden folge,2,0.3
konzentrationsstörungen stimmung schmerzsymptomatik abhängig,2,0.3
polyarthritischen gelenkbeschwerden folge jahr,2,0.3
polyarthritischen,2,0.3
erreicht konzentrationsstörungen stimmung schmerzsymptomatik,2,0.3
polyarthritischen gelenkbeschwerden,2,0.3
konzentrationsstörungen stimmung schmerzsymptomatik,2,0.3
rheumatoiden,2,0.3
eindeutige diagnose gestellt,2,0.3
eindeutige diagnose,2,0.3
keine eindeutige diagnose,2,0.3
appendektomie handgelenksfraktur rechts impingement,2,0.3
hashimoto thyreoiditis,2,0.3
leichtgradiges obstruktives schlafapnoe syndrom,2,0.3
schwindel thyroxin,2,0.3
diabetes mellitus gynäkologische,2,0.3
hypertonie vegetative anamnese durchschlafstörungen,2,0.3
schlafapnoe syndrom,2,0.3
vater diabetes,2,0.3
arthrose vater diabetes mellitus,2,0.3
novaminsulfon penicillin schwindel,2,0.3
hypertonie vegetative anamnese,2,0.3
einem erschöpfungsgefühl,2,0.3
penicillin schwindel thyroxin,2,0.3
ihres müdigkeitssyndroms,2,0.3
vielen jahren dorsalgien bereich,2,0.3
vielen jahren dorsalgien,2,0.3
handgelenksfraktur rechts impingement,2,0.3
novaminsulfon penicillin schwindel thyroxin,2,0.3
tinnitus rauschen,2,0.3
jahren episodischen kopfschmerzen,2,0.3
hinaus verdauungsstörungen vielen jahren,2,0.3
hinaus verdauungsstörungen vielen,2,0.3
episodischen kopfschmerzen,2,0.3
merkfähigkeitsstörungen bezüglich schlafes,2,0.3
merkfähigkeitsstörungen bezüglich,2,0.3
merkfähigkeitsstörungen bezüglich schlafes nachts,2,0.3
konzentrations merkfähigkeitsstörungen bezüglich schlafes,2,0.3
konzentrations merkfähigkeitsstörungen bezüglich,2,0.3
jahr dorsalgien bereich schmerzen,2,0.3
handgelenksfraktur rechts impingement syndrom,2,0.3
arthritis diagnostiziert allem hand,2,0.3
gefasst november rheumatoide arthritis,2,0.3
jahren kopfschmerzen jahren,2,0.3
kopfschmerzen jahren,2,0.3
arthrose vater,2,0.3
impingement syndrom schultergelenk links,2,0.3
obstruktives schlafapnoe syndrom,2,0.3
november rheumatoide arthritis,2,0.3
erschöpfungsgefühl einschränkung alltagstätigkeiten,2,0.3
rechts impingement syndrom schultergelenk,2,0.3
hashimoto,2,0.3
obstruktives schlafapnoe syndrom zurzeit,2,0.3
ciprofloxacin novaminsulfon penicillin schwindel,2,0.3
einschränkung alltagstätigkeiten schlaf durchschlafstörungen,2,0.3
schlafapnoe syndrom zurzeit,2,0.3
einem erschöpfungsgefühl einschränkung,2,0.3
rechts impingement,2,0.3
rechts impingement syndrom,2,0.3
rhizarthrose schmerzen ziehend treten,2,0.3
daumengelenk rahmen einer rhizarthrose,2,0.3
rhizarthrose schmerzen ziehend,2,0.3
jahren endometriose anhaltende schmerzen,2,0.3
endometriose anhaltende,2,0.3
jahren endometriose,2,0.3
endometriose anhaltende schmerzen unterschiedlicher,2,0.3
jahren endometriose anhaltende,2,0.3
müdigkeitssyndrom entwickelt,2,0.3
endometriose anhaltende schmerzen,2,0.3
jahren dorsalgien bereich einem,2,0.3
dorsalgien bereich einem,2,0.3
hinaus jahren dorsalgien,2,0.3
hinaus jahren dorsalgien bereich,2,0.3
empfunden hinaus jahren dorsalgien,2,0.3
empfunden kopfschmerzen,2,0.3
vater diabetes mellitus gynäkologische,2,0.3
rheumatoide arthritis diagnostiziert allem,2,0.3
impingement syndrom schultergelenk,2,0.3
november rheumatoide arthritis diagnostiziert,2,0.3
beschwerden gefasst november rheumatoide,2,0.3
alltagstätigkeiten schlaf durchschlafstörungen gestört,2,0.3
diabetes mellitus gynäkologische anamnese,2,0.3
syndrom schultergelenk links,2,0.3
einem erschöpfungsgefühl einschränkung alltagstätigkeiten,2,0.3
abgeschlagenheit einem erschöpfungsgefühl einschränkung,2,0.3
syndrom zurzeit behandlungsbedürftig,2,0.3
arterielle hypertonie vegetative,2,0.3
beidseitiger tinnitus,2,0.3
einer rhizarthrose schmerzen,2,0.3
rahmen einer rhizarthrose schmerzen,2,0.3
rhizarthrose schmerzen,2,0.3
polymyalgie,2,0.3
rhizarthrose eingeschränkter greiffunktion,2,0.3
linksbetonten rhizarthrose,2,0.3
rhizarthrose eingeschränkter,2,0.3
linksbetonten rhizarthrose eingeschränkter greiffunktion,2,0.3
linksbetonten rhizarthrose eingeschränkter,2,0.3
rahmen einer linksbetonten rhizarthrose,2,0.3
rhizarthrose eingeschränkter greiffunktion angegeben,2,0.3
einer linksbetonten rhizarthrose eingeschränkter,2,0.3
einer linksbetonten rhizarthrose,2,0.3
beschreibt zwei arten kopfschmerzen,2,0.3
zwei arten kopfschmerzen,2,0.3
emotionaler erschöpfung,2,0.3
einer rhizarthrose schmerzen ziehend,2,0.3
gefasst november rheumatoide,2,0.3
arthrose vater diabetes,2,0.3
einem chronischen erschöpfungssyndrom,2,0.3
unruhe konzentrationsstörungen,2,0.3
innere unruhe konzentrationsstörungen,2,0.3
mentaler erschöpfung,2,0.3
spüre innere unruhe konzentrationsstörungen,2,0.3
jahren einem chronischen erschöpfungssyndrom,2,0.3
unruhe konzentrationsstörungen beziehungen,2,0.3
chronischen erschöpfungssyndrom,2,0.3
erschöpfungssymptomatik anamnestisch mehrere,2,0.3
erschöpfungssymptomatik anamnestisch,2,0.3
zusammenhang erschöpfungssymptomatik anamnestisch,2,0.3
zusammenhang erschöpfungssymptomatik anamnestisch mehrere,2,0.3
erschöpfungssymptomatik anamnestisch mehrere somatische,2,0.3
zusammenhang erschöpfungssymptomatik,2,0.3
diagnose lautet,2,0.3
schulmedizinische diagnose lautet,2,0.3
radikulopathie,2,0.3
allem durchschlafstörungen beeinträchtigt hinsichtlich,2,0.3
kognitiver verlangsamung konzentrationsstörungen einem,2,0.3
jahren erschöpfungssymptomatik gefühl langsam,2,0.3
jahren erschöpfungssymptomatik gefühl,2,0.3
verdauungsstörungen fünfzehn jahren,2,0.3
pfeifen rauschen tinnitus nacht,2,0.3
verdauungsstörungen fünfzehn,2,0.3
verdauungsstörungen fünfzehn jahren zeigten,2,0.3
hohes pfeifen rauschen tinnitus,2,0.3
fünfzehn jahren tinnitus,2,0.3
pfeifen tinnitus vorhanden erwähnt,2,0.3
tinnitus vorhanden erwähnt,2,0.3
selten pfeifen tinnitus vorhanden,2,0.3
innere unruhe konzentrationsstörungen beziehungen,2,0.3
unruhe konzentrationsstörungen beziehungen anderen,2,0.3
beschwerden restless legs,2,0.3
migräne geht,2,0.3
zervikaler spinalkanalstenose,2,0.3
kognitiver verlangsamung konzentrationsstörungen,2,0.3
sinne kognitiver verlangsamung konzentrationsstörungen,2,0.3
migräne betrifft migräne tage,2,0.3
betrifft migräne tage monat,2,0.3
empfunden migräne betrifft migräne,2,0.3
stechenden empfunden migräne betrifft,2,0.3
kopfschmerzen spannungstyp treten fast,2,0.3
betrifft migräne tage,2,0.3
migräne betrifft migräne,2,0.3
lokalisiert stechenden empfunden migräne,2,0.3
fortgeschrittenen gonarthrose,2,0.3
vielen jahren erschöpfungssymptomen ursächlich,2,0.3
aufnahmegespräch vielen jahren erschöpfungssymptomen,2,0.3
migränetagen monat,2,0.3
degenerativen syndroms,2,0.3
eines degenerativen syndroms,2,0.3
müdigkeitssyndrom erschöpft,2,0.3
bestehender diabetes mellitus,2,0.3
bestehender diabetes,2,0.3
chronisches müdigkeitssyndrom erschöpft fühle,2,0.3
durchschlafstörungen beeinträchtigt morgens erwacht,2,0.3
spannungskopfschmerzen schmerzen,2,0.3
verspannung spannungskopfschmerzen schmerzen,2,0.3
schulter verspannung spannungskopfschmerzen schmerzen,2,0.3
beschwerden restless,2,0.3
therapierelevante beschwerden restless,2,0.3
weitere therapierelevante beschwerden restless,2,0.3
therapierelevante beschwerden restless legs,2,0.3
durchschlafstörungen gestört weitere therapierelevante,2,0.3
treten kopfschmerzen zwei,2,0.3
beiden kopfschmerzarten,2,0.3
vermehrten tachykardien,2,0.3
erschöpfungssymptomen antrieb leistungsfähigkeit,2,0.3
jahren erschöpfungssymptomen antrieb leistungsfähigkeit,2,0.3
durchschlafstörungen gestört vergangenheit,2,0.3
erschöpfungssymptomen antrieb leistungsfähigkeit reduziert,2,0.3
müdigkeitssyndrom erschöpft fühle,2,0.3
chronisches müdigkeitssyndrom erschöpft,2,0.3
müdigkeitssyndrom erschöpft fühle belastbarkeitsgrenze,2,0.3
hinaus zehn jahren dorsalgien,2,0.3
betrifft migräne,2,0.3
stechenden empfunden migräne,2,0.3
spannungskopfschmerzen bereich,2,0.3
schmerzen arthrose,2,0.3
orthopädisch diagnose,2,0.3
durchschlafstörungen gestört geringen anstrengungen,2,0.3
hinaus verdauungsstörungen zwanzig jahren,2,0.3
zervikobrachialgien symptomatik ersten covid,2,0.3
charakter rauschen tinnitus nacht,2,0.3
laktoseintoleranz,2,0.3
jahren zervikobrachialgien symptomatik ersten,2,0.3
tachykardien dyspnoe,2,0.3
schlafstörungen konzentrationsstörungen,2,0.3
durchschlafstörungen gestört einer,2,0.3
jahren psoriasis,2,0.3
einen beidseitigen tinnitus,2,0.3
migräne kopfschmerzen,2,0.3
fibromyalgie diagnostiziert,2,0.3
kopfschmerzen übelkeit,2,0.3
spannungskopfschmerzen migräne,2,0.3
unterscheiden spannungskopfschmerzen,2,0.3
zervikobrachialgien symptomatik ersten,2,0.3
hinaus verdauungsstörungen zwanzig,2,0.3
zwanzig jahren einem tinnitus,2,0.3
vermehrten tachykardien dyspnoe,2,0.3
tachykardie,2,0.3
ekzeme,2,0.3
spannungskopfschmerzen energie kraft,2,0.3
spannungskopfschmerzen energie,2,0.3
spannungskopfschmerzen energie kraft aufbauen,2,0.3
chronischen schlafstörungen,2,0.3
müdigkeit schlafstörungen,2,0.3
einem jahr dorsalgien,2,0.3
spannungskopfschmerzen hinaus einem jahr,2,0.3
spannungskopfschmerzen hinaus einem,2,0.3
bronchitis jahr,2,0.3
kopfschmerzen schlafstörungen,2,0.3
jahren zunehmende schwäche erschöpfungssymptomatik,2,0.3
zunehmende schwäche erschöpfungssymptomatik,2,0.3
behandlungsbedürftige beschwerden tinnitus,2,0.3
schlaf durchschlafstörungen gestört drei,2,0.3
tinnitus rechts,2,0.3
kapsulitis,2,0.3
blockaden spannungskopfschmerzen hinaus,2,0.3
häufigen blockaden spannungskopfschmerzen hinaus,2,0.3
einem jahr dorsalgien bereich,2,0.3
hinaus einem jahr dorsalgien,2,0.3
gepflegtem zustand reizlose narbe,2,0.3
zustand reizlose narbe thyreoidektomie,2,0.3
zustand reizlose,2,0.3
zähne gepflegtem zustand reizlose,2,0.3
gepflegtem zustand reizlose,2,0.3
reizlose narbe thyreoidektomie,2,0.3
koxarthrose diagnostiziert,2,0.3
reizlose narbe thyreoidektomie kein,2,0.3
zustand reizlose narbe,2,0.3
jahren erschöpfung verminderter körperlicher,2,0.3
gefasst zehn jahren erschöpfung,2,0.3
jahren erschöpfung verminderter,2,0.3
zehn jahren erschöpfung verminderter,2,0.3
zehn jahren erschöpfung,2,0.3
bestehende rückenschmerzen,2,0.3
durchschlafstörungen erheblich beeinträchtigt hinsichtlich,2,0.3
rückenschmerzen bereich lendenwirbelsäule,2,0.3
beschwerden tinnitus,2,0.3
leichten konzentrations merkfähigkeitsstörungen,2,0.3
schwäche erschöpfungssymptomatik,2,0.3
weitere behandlungsbedürftige beschwerden tinnitus,2,0.3
geworden leichten konzentrations merkfähigkeitsstörungen,2,0.3
beeinträchtigt schlaf durchschlafstörungen gestört,2,0.3
schwindelsymptomatik fühle,2,0.3
schwindelsymptomatik fühle schwankend benommen,2,0.3
muskulatur gelenke rückenschmerzen,2,0.3
gelenke rückenschmerzen,2,0.3
aufgrund erschöpfung psychischen verfassung,2,0.3
aufgrund erschöpfung psychischen,2,0.3
begleitend ziehenden kopfschmerzen,2,0.3
komme aufgrund erschöpfung psychischen,2,0.3
periorale dermatitis,2,0.3
verspannung begleitend ziehenden kopfschmerzen,2,0.3
ziehenden kopfschmerzen hinterkopf,2,0.3
begleitend ziehenden kopfschmerzen hinterkopf,2,0.3
ziehenden kopfschmerzen,2,0.3
einem ekzem,2,0.3
kopfschmerzen hinterkopf,2,0.3
kopfschmerzen sein,2,0.3
durchschlafstörungen gestört vielen jahren,2,0.3
körperlicher erschöpfung,2,0.3
morbus bechterew diagnostiziert einem,2,0.3
lebensjahr starken rückenschmerzen,2,0.3
morbus bechterew diagnostiziert,2,0.3
rückenschmerzen alter jahren,2,0.3
schwindel begleitet,2,0.3
migräneanfälle woche,2,0.3
beeinträchtigt schlaf durchschlafstörungen,2,0.3
arthrose zahlreiche,2,0.3
generalisierte arthrose,2,0.3
erheblich durchschlafstörungen beeinträchtigt,2,0.3
arthrose zahlreiche gelenke,2,0.3
generalisierte arthrose zahlreiche,2,0.3
schwindelsymptomatik fühle schwankend,2,0.3
starken rückenschmerzen,2,0.3
hinaus darmstörungen,2,0.3
jahren morbus bechterew,2,0.3
rückenschmerzen alter,2,0.3
arthrose zahlreiche gelenke bewegungsapparates,2,0.3
schildert generalisierte arthrose zahlreiche,2,0.3
belastungsfaktor schildert generalisierte arthrose,2,0.3
schlaf erheblich durchschlafstörungen beeinträchtigt,2,0.3
generalisierte arthrose zahlreiche gelenke,2,0.3
schildert generalisierte arthrose,2,0.3
wahrnehmungsstörungen,2,0.3
merkfähigkeitsstörungen hinaus schlaf durchschlafstörungen,2,0.3
merkfähigkeitsstörungen hinaus,2,0.3
schlaf durchschlafstörungen gestört vielen,2,0.3
begleitet kopfschmerzen,2,0.3
merkfähigkeitsstörungen hinaus schlaf,2,0.3
anhaltenden zervikobrachialgien schmerzen ziehenden,2,0.3
jahren anhaltenden dorsalgien,2,0.3
jahren anhaltenden dorsalgien bereich,2,0.3
jahren anhaltenden zervikobrachialgien,2,0.3
zervikobrachialgien schmerzen ziehenden stechenden,2,0.3
anhaltenden zervikobrachialgien schmerzen,2,0.3
durchschlafstörungen gestört befindet zehn,2,0.3
alter jahren morbus bechterew,2,0.3
rückenschmerzen alter jahren morbus,2,0.3
morbus bechterew,2,0.3
jahren morbus bechterew diagnostiziert,2,0.3
aufnahmegespräch lebensjahr starken rückenschmerzen,2,0.3
starken rückenschmerzen alter jahren,2,0.3
starken rückenschmerzen alter,2,0.3
alter jahren morbus,2,0.3
lebensjahr starken rückenschmerzen alter,2,0.3
fibromyalgie begonnen hätten,2,0.3
einer fibromyalgie begonnen,2,0.3
einer fibromyalgie begonnen hätten,2,0.3
fibromyalgie begonnen,2,0.3
fibromyalgie begonnen hätten schmerzen,2,0.3
anhaltenden dorsalgien bereich ausstrahlung,2,0.3
erschöpfungssymptomatik hätte einer covid,2,0.3
erschöpfungssymptomatik hätte einer,2,0.3
erschöpfung erschöpfungssymptomatik hätte,2,0.3
durchschlafstörungen gestört vielen,2,0.3
erschöpfung erschöpfungssymptomatik,2,0.3
schlaf schmerzbedingten durchschlafstörungen gestört,2,0.3
basedow,2,0.3
angststörung,2,0.3
jahren anhaltenden zervikobrachialgien schmerzen,2,0.3
zehn jahren anhaltenden zervikobrachialgien,2,0.3
geworden konzentrations gedächtnisstörungen,2,0.3
migränetage,2,0.3
fibromyalgie schmerzen alltagtätigkeiten,2,0.3
fibromyalgie schmerzen alltagtätigkeiten einschränken,2,0.3
verschlechterung fibromyalgie schmerzen alltagtätigkeiten,2,0.3
schmerzbedingten durchschlafstörungen gestört weitere,2,0.3
monate gehen migräneattacke,2,0.3
schmerzen monate gehen migräneattacke,2,0.3
chronische schmerzstörung,2,0.3
dreißig jahren dorsalgien,2,0.3
dreißig jahren dorsalgien bereich,2,0.3
klagte zehn jahren dorsalgien,2,0.3
schlaf schmerzbedingten durchschlafstörungen,2,0.3
beschwerden jahren kopfschmerzen zwei,2,0.3
monate gehen migräneattacke beschreibt,2,0.3
rahmen einer fibromyalgie begonnen,2,0.3
gedächtnisstörungen schlaf,2,0.3
einer neuroborreliose,2,0.3
kopfschmerzen gehen,2,0.3
übelkeit schwindel erbrechen,2,0.3
erschöpfungssymptomatik leistungsfähigkeit,2,0.3
schwindel erbrechen,2,0.3
tage begleitet migräne,2,0.3
begleitet migräne typischer,2,0.3
weiteres beschwerdebild stellen kopfschmerzen,2,0.3
empfunden schlaf ausgeprägten durchschlafstörungen,2,0.3
kopfschmerzen beschreibt migräneattacken zwei,2,0.3
migräne typischer vegetativer symptomatik,2,0.3
migräne typischer vegetativer,2,0.3
beschwerdebild stellen kopfschmerzen,2,0.3
auftreten einen spannungskopfschmerzen halswirbelsäulenproblematik,2,0.3
konzentrations gedächtnisstörungen schlaf,2,0.3
form kopfschmerzen,2,0.3
ausgeprägten durchschlafstörungen gestört morgens,2,0.3
durchschlafstörungen gestört morgens wache,2,0.3
durchschlafstörungen energie,2,0.3
durchschlafstörungen energie kraft,2,0.3
rahmen einer fibromyalgie jahren,2,0.3
einer fibromyalgie jahren,2,0.3
verspannung treten spannungskopfschmerzen,2,0.3
fortgeschrittene koxarthrose,2,0.3
treten spannungskopfschmerzen,2,0.3
schulter verspannung treten spannungskopfschmerzen,2,0.3
jahren intermittierenden dorsalgien bereich,2,0.3
hier fortgeschrittene koxarthrose,2,0.3
depressionen behaftet hinsichtlich somatischer,2,0.3
geworden konzentrations gedächtnisstörungen schlaf,2,0.3
einem erschöpfungssyndrom,2,0.3
zunehmenden dorsalgien,2,0.3
kopfschmerzen beginnt hinterkopf,2,0.3
zunehmenden dorsalgien bereich jahren,2,0.3
stellen kopfschmerzen zwei,2,0.3
einen spannungskopfschmerzen halswirbelsäulenproblematik zusammenhang,2,0.3
begleitet migräne typischer vegetativer,2,0.3
einen spannungskopfschmerzen halswirbelsäulenproblematik,2,0.3
auftreten einen spannungskopfschmerzen,2,0.3
beschreibt migräneattacken zwei,2,0.3
stellen kopfschmerzen zwei formen,2,0.3
spannungskopfschmerzen halswirbelsäulenproblematik zusammenhang bringt,2,0.3
form kopfschmerzen beschreibt,2,0.3
begleitet migräne,2,0.3
tage begleitet migräne typischer,2,0.3
migräne typischer,2,0.3
kopfschmerzen beschreibt,2,0.3
form kopfschmerzen beschreibt migräneattacken,2,0.3
migräneattacken zwei dreimal,2,0.3
kopfschmerzen zwei formen,2,0.3
kopfschmerzen zwei formen auftreten,2,0.3
interessenverlust schlaf durchschlafstörungen,2,0.3
freud interessenverlust schlaf durchschlafstörungen,2,0.3
interessenverlust schlaf durchschlafstörungen gestört,2,0.3
zwanzig jahren chronischen dorsalgien,2,0.3
ausgeprägte müdigkeits erschöpfungssymptomatik,2,0.3
schlafstörungen sinne durchschlafstörungen,2,0.3
sinne durchschlafstörungen,2,0.3
schlafstörungen sinne,2,0.3
zunehmenden dorsalgien bereich,2,0.3
kopfschmerzen beginnt hinterkopf breitet,2,0.3
jahren zunehmenden dorsalgien,2,0.3
jahren zunehmenden dorsalgien bereich,2,0.3
einem chronischen multilokulären schmerzsyndrom,2,0.3
multilokulären schmerzsyndrom rahmen einer,2,0.3
chronischen multilokulären schmerzsyndrom,2,0.3
rhizarthrose links therapieresistente,2,0.3
kraftlosigkeit ausgeprägtes erschöpfungsgefühl,2,0.3
ausgeprägtes erschöpfungsgefühl schlappheit,2,0.3
crohn zwölf darm operationen,2,0.3
depressionen seinem energie,2,0.3
morbus crohn zwölf,2,0.3
depressionen seinem energie kraft,2,0.3
diagnose morbus,2,0.3
diagnose morbus crohn zwölf,2,0.3
kurzgefasst hätte diagnose morbus,2,0.3
zweiten depressionen seinem energie,2,0.3
multilokulären schmerzsyndrom,2,0.3
schmerzsyndrom rahmen einer psychosomatischen,2,0.3
diagnose morbus crohn,2,0.3
hätte diagnose morbus,2,0.3
verdauungsstörungen vielen jahren symptomatik,2,0.3
anstoß schmerzempfindlich fingerpolyarthrose vermutet,2,0.3
schmerzempfindlich fingerpolyarthrose,2,0.3
schmerzempfindlich fingerpolyarthrose vermutet,2,0.3
fingerpolyarthrose vermutet,2,0.3
anstoß schmerzempfindlich fingerpolyarthrose,2,0.3
sein schlaf schlafstörungen,2,0.3
therapie ostechondrose syrinx,2,0.3
merkfähigkeitsstörungen hinsichtlich,3,0.5
häufige spannungskopfschmerzen,3,0.5
erschöpfungssymptomen antrieb,3,0.5
jahren erschöpfungssymptomen antrieb,3,0.5
arthritis allem finger,3,0.5
schmerzsyndrom rahmen,3,0.5
schmerzsyndrom rahmen einer,3,0.5
symptomen einer depression,3,0.5
verdauungsstörungen vielen,3,0.5
konzentrations kurzeitgedächtnisstörungen,3,0.5
kurzeitgedächtnisstörungen,3,0.5
fibromyalgie gestellt jahren,3,0.5
erschöpfungssyndroms,3,0.5
müdigkeits erschöpfungssymptomatik,3,0.5
arthritis allem finger handgelenke,3,0.5
körperlichen symptomen einer depression,3,0.5
jahr erschöpfungssymptomen,3,0.5
verdauungsstörungen vielen jahren,3,0.5
konzentrations merkfähigkeitsstörungen hinsichtlich,3,0.5
einer neurodermitis,3,0.5
einem tinnitus aurium links,3,0.5
intermittierenden schwankschwindel,3,0.5
rahmen einer polymyalgia,3,0.5
rahmen einer polymyalgia rheumatica,3,0.5
pfeifton tinnitus nacht vorhanden,3,0.5
jahren einem beidseitigen tinnitus,3,0.5
merkfähigkeitsstörungen wortfindungsstörung konzentrationsstörungen einem,3,0.5
beeinträchtigt allem durchschlafstörungen morgens,3,0.5
beeinträchtigt allem durchschlafstörungen,3,0.5
wortfindungsstörung,3,0.5
allem durchschlafstörungen morgens,3,0.5
starker erschöpfung gerädert belastenden,3,0.5
durchschlafstörungen gestört drei,3,0.5
psychophysischen erschöpfung fühle erschöpft,3,0.5
neuroborreliose,3,0.5
ausgeprägten psychophysischen erschöpfung fühle,3,0.5
einem chronischen lumbalsyndrom beschwerden,3,0.5
chronischen lumbalsyndrom beschwerden,3,0.5
verdauungsstörungen zeigten meistens,3,0.5
verdauungsstörungen zeigten,3,0.5
jahren intermittierenden dorsalgien,3,0.5
einer gonarthrose,3,0.5
rahmen einer gonarthrose,3,0.5
erschöpfung fühle,3,0.5
erschöpfung fühle erschöpft belastungsgrenze,3,0.5
psychophysischen erschöpfung fühle,3,0.5
rückenschmerzen bereich,3,0.5
vielen jahren kopfschmerzen,3,0.5
gefühl starker erschöpfung gerädert,3,0.5
starker erschöpfung,3,0.5
erschöpfung gerädert belastenden alltagssituationen,3,0.5
einem jahr erschöpfungssymptomatik erschöpft,3,0.5
wortfindungsstörung konzentrationsstörungen einem gefühl,3,0.5
sowohl durchschlafstörungen,3,0.5
psoriasisarthritis,3,0.5
refluxösophagitis,3,0.5
durchschlafstörungen appetit normal gewicht,3,0.5
schmerzstörung,3,0.5
spondylolisthese,3,0.5
reizdarmsyndrom jahren,3,0.5
tinnitus aurium charakter hochfrequenter,3,0.5
tinnitus aurium rechtsbetont charakter,3,0.5
merkfähigkeitsstörungen schlaf meistens durchschlafstörungen,3,0.5
selten pfeifen tinnitus,3,0.5
gedächtnisstörungen lokaler wärmetherapie lässt,3,0.5
konzentrations gedächtnisstörungen lokaler wärmetherapie,3,0.5
konzentrations gedächtnisstörungen lokaler,3,0.5
ebenfalls anhaltenden konzentrations gedächtnisstörungen,3,0.5
anhaltenden konzentrations gedächtnisstörungen,3,0.5
allem durchschlafstörungen gestört hinsichtlich,3,0.5
thyreoiditis,3,0.5
ganzkörperschmerzen rahmen einer fibromyalgie,3,0.5
migräneattacke beschreibt,3,0.5
gehen migräneattacke,3,0.5
gehen migräneattacke beschreibt dann,3,0.5
migräneattacke beschreibt dann deutliche,3,0.5
merkfähigkeitsstörungen wortfindungsstörung konzentrationsstörungen,3,0.5
chronischen lumbalsyndrom beschwerden äußern,3,0.5
erschöpfung gerädert,3,0.5
verlangsamung merkfähigkeitsstörungen wortfindungsstörung,3,0.5
konzentrations wortfindungsstörungen,3,0.5
brainfogs konzentrations wortfindungsstörungen verminderter,3,0.5
gedächtnisstörungen lokaler,3,0.5
anhaltenden konzentrations gedächtnisstörungen lokaler,3,0.5
erschöpfungssymptomatik hätte,3,0.5
gedächtnisstörungen lokaler wärmetherapie,3,0.5
merkfähigkeitsstörungen schlaf meistens,3,0.5
erschöpfungssymptomatik sein antrieb leistungsfähigkeit,3,0.5
erschöpfungssymptomatik sein antrieb,3,0.5
erschöpfungssymptomatik sein,3,0.5
konzentrations merkfähigkeitsstörungen schlaf meistens,3,0.5
durchschlafstörungen gestört drei jahren,3,0.5
tinnitus unterschiedlicher intensität,3,0.5
rauschen selten pfeifen tinnitus,3,0.5
migräne licht,3,0.5
aura migräne,3,0.5
sinne konzentrations merkfähigkeitsstörungen,3,0.5
einschränkungen sinne konzentrations merkfähigkeitsstörungen,3,0.5
sogenannten brainfogs konzentrations wortfindungsstörungen,3,0.5
brainfogs konzentrations wortfindungsstörungen,3,0.5
ausgeprägte psychophysische erschöpfung,3,0.5
wortfindungsstörungen verminderter aufmerksamkeit häufig,3,0.5
konzentrations wortfindungsstörungen verminderter,3,0.5
migräne licht geräuschempfindlichkeit,3,0.5
migräne aura migräne,3,0.5
erbrechen begleitet migräneanfälle,3,0.5
begleitet migräneanfälle,3,0.5
geworden konzentrations merkfähigkeitsstörungen stimmung,3,0.5
gereizt schlaf durchschlafstörungen,3,0.5
merkfähigkeitsstörungen stimmung schwankend gedrückt,3,0.5
kopfschmerzen schmerzen,3,0.5
wortfindungsstörungen verminderter aufmerksamkeit,3,0.5
einer rhizarthrose,3,0.5
rhizarthrose links,3,0.5
mehrfähigkeitsstörungen,3,0.5
konzentrations mehrfähigkeitsstörungen,3,0.5
konzentrationsstörungen sein,3,0.5
kognitiven verlangsamung merkfähigkeitsstörungen wortfindungsstörung,3,0.5
erschöpfung psychischen verfassung stationären,3,0.5
komme aufgrund erschöpfung,3,0.5
aufgrund erschöpfung,3,0.5
erschöpfung psychischen,3,0.5
erschöpfung psychischen verfassung,3,0.5
wesentlichen komme aufgrund erschöpfung,3,0.5
tinnitus unterschiedlicher ausprägung vorhanden,3,0.5
tinnitus unterschiedlicher ausprägung,3,0.5
jahren erschöpfungssymptomen ursächlich hierfür,3,0.5
jahren erschöpfungssymptomen ursächlich,3,0.5
ausgeprägten durchschlafstörungen gestört energie,3,0.5
einer chronischen bronchitis,3,0.5
chronischen bronchitis,3,0.5
restless legs symptomatik,3,0.5
konzentrationsstörungen sein schlaf,3,0.5
kopfschmerzen woche auftreten,3,0.5
treten konzentrations merkfähigkeitsstörungen phasen,3,0.5
müdigkeitssyndrom chronische schmerzproblematik rahmen,3,0.5
treten konzentrations merkfähigkeitsstörungen,3,0.5
konzentrations wortfindungsstörungen verminderter aufmerksamkeit,3,0.5
wortfindungsstörungen verminderter,3,0.5
psychophysische erschöpfung,3,0.5
chronische sinusitis,3,0.5
empfunden lumbalgien,3,0.5
reizdarmsymptomatik vermutet,3,0.5
rahmen einer rhizarthrose,3,0.5
chronischen dorsalgien bereich nacken,3,0.5
häufigen blockaden spannungskopfschmerzen,3,0.5
spannungskopfschmerzen hinaus,3,0.5
verspannung häufigen blockaden spannungskopfschmerzen,3,0.5
schlaf durchschlafstörungen gestört geringen,3,0.5
nennt bestehende kopfschmerzen,3,0.5
reizdarmsyndrom vermutet hinaus jahren,3,0.5
beschwerden nennt bestehende kopfschmerzen,3,0.5
begleitend treten konzentrations merkfähigkeitsstörungen,3,0.5
wortfindungsstörung konzentrationsstörungen,3,0.5
durchschlafstörungen morgens erwache,3,0.5
einem chronischen lumbalsyndrom,3,0.5
schlaf beeinträchtigt allem durchschlafstörungen,3,0.5
erschöpfung gerädert belastenden,3,0.5
allem durchschlafstörungen morgens erwache,3,0.5
durchschlafstörungen morgens erwache regelmäßig,3,0.5
impingement syndrom rechten,3,0.5
syndrom rechten,3,0.5
gereizt schlaf durchschlafstörungen gestört,3,0.5
chronischen gastritis mahlzeiten,3,0.5
ausgeprägten chronischen müdigkeitssyndrom viele,3,0.5
einem ausgeprägten chronischen müdigkeitssyndrom,3,0.5
gastritis mahlzeiten,3,0.5
negativen chronischen gastritis mahlzeiten,3,0.5
arthrose finger handgelenke,3,0.5
chronische gastritis,3,0.5
sensibilitätsstörung,3,0.5
verdauungsstörungen zwanzig jahren,3,0.5
verdauungsstörungen zwanzig,3,0.5
verdauungsstörungen zwanzig jahren zeigten,3,0.5
durchschlafstörungen gestört geringen,3,0.5
anhaltenden kopfschmerzen,3,0.5
schwankend gedrückt konzentrations merkfähigkeitsstörungen,3,0.5
jahren bestehenden tinnitus,3,0.5
reizdarmsyndrom vermutet chronischen beschwerden,3,0.5
reizdarmsyndrom vermutet chronischen,3,0.5
merkfähigkeitsstörungen sein schlaf durchschlafstörungen,3,0.5
polyneuropathie unklarer,3,0.5
polyneuropathie unklarer genese,3,0.5
psychogene erschöpfung,3,0.5
fibromyalgie schmerzen,3,0.5
verschlechterung fibromyalgie,3,0.5
kälte dagegen verschlechterung fibromyalgie,3,0.5
dagegen verschlechterung fibromyalgie,3,0.5
verschlechterung fibromyalgie schmerzen,3,0.5
reizdarm,3,0.5
depressive störung,3,0.5
rezidivierende depressive störung,3,0.5
zwanzig jahren zervikobrachialgien symptomatik,3,0.5
dorsalgien bereich schmerzen,3,0.5
anhaltenden dorsalgien,3,0.5
anhaltenden dorsalgien bereich,3,0.5
gastritis mahlzeiten träten,3,0.5
durchschlafstörungen gestört weitere,3,0.5
fünf jahren zunehmende erschöpfungssymptomatik,3,0.5
ausgeprägter erschöpfung,3,0.5
empfunden migräne,3,0.5
auftreten kopfschmerzen spannungstyp treten,3,0.5
spannungskopfschmerzen auftreten kopfschmerzen,3,0.5
spannungskopfschmerzen auftreten kopfschmerzen spannungstyp,3,0.5
beidseitige rhizarthrose,3,0.5
dagegen verschlechterung fibromyalgie schmerzen,3,0.5
appetit keine gewichtsabnahme reizdarmsyndrom,3,0.5
gedrückt konzentrations merkfähigkeitsstörungen,3,0.5
chronische dorsalgien,3,0.5
hinaus chronischen dorsalgien,3,0.5
kopfschmerzen symptomatik,3,0.5
hinaus chronischen dorsalgien fast,3,0.5
lumbalsyndrom beschwerden äußern,3,0.5
chronischen lumbalsyndrom,3,0.5
gefühl starker erschöpfung,3,0.5
einem gefühl starker erschöpfung,3,0.5
lumbalsyndrom beschwerden,3,0.5
wortfindungsstörung konzentrationsstörungen einem,3,0.5
starker erschöpfung gerädert,3,0.5
dreißig jahren chronischen kopfschmerzen,3,0.5
einschlafstörungen durchschlafstörungen,3,0.5
schwankend gedrückt schlaf durchschlafstörungen,3,0.5
small fiber neuropathie,3,0.5
fiber neuropathie,3,0.5
vergrößert reizlose,3,0.5
intensität hinaus verdauungsstörungen,3,0.5
pfeifen rauschen tinnitus,3,0.5
verlangsamung konzentrationsstörungen einem gefühl,3,0.5
insuffizienz,3,0.5
verlangsamung konzentrationsstörungen,3,0.5
verlangsamung konzentrationsstörungen einem,3,0.5
vielen jahren erschöpfungssymptomen,3,0.5
vergrößert reizlose narbe appendektomie,3,0.5
einem jahr tinnitus,3,0.5
tastbar vergrößert reizlose narbe,3,0.5
einem jahr tinnitus aurium,3,0.5
empfunden migräne betrifft,3,0.5
migräne spannungskopfschmerzen auftreten kopfschmerzen,3,0.5
auftreten kopfschmerzen spannungstyp,3,0.5
ausgeprägten konzentrations merkfähigkeitsstörungen sein,3,0.5
müdigkeitssyndrom viele,3,0.5
gastritis mahlzeiten träten bauchkrämpfe,3,0.5
drückenden kopfschmerzen spannungstyp,3,0.5
chronischen müdigkeitssyndroms,3,0.5
schulmedizinische diagnose,3,0.5
unterschiedlicher intensität hinaus verdauungsstörungen,3,0.5
einem tinnitus aurium linksbetont,3,0.5
familienanamnese arterielle hypertonie,3,0.5
jahr tinnitus aurium,3,0.5
tastbar vergrößert reizlose,3,0.5
jahr tinnitus,3,0.5
reizlose narbe appendektomie nierenlager,3,0.5
vergrößert reizlose narbe,3,0.5
reizlose narbe appendektomie,3,0.5
positive familienanamnese arterielle hypertonie,3,0.5
milz tastbar vergrößert reizlose,3,0.5
jahren dorsalgien bereich beschwerden,3,0.5
dorsalgien bereich beschwerden,3,0.5
beschwerden jahren kopfschmerzen,3,0.5
somatischer beschwerden jahren kopfschmerzen,3,0.5
chronischen müdigkeitssyndrom viele,3,0.5
jahren drückenden kopfschmerzen,3,0.5
beschwerden jahren drückenden kopfschmerzen,3,0.5
müdigkeitssyndrom viele sorgen erschöpfen,3,0.5
müdigkeitssyndrom viele sorgen,3,0.5
kopfschmerzen spannungstyp stirn nackenbereich,3,0.5
ausgeprägten chronischen müdigkeitssyndrom,3,0.5
chronischen müdigkeitssyndrom viele sorgen,3,0.5
drückenden kopfschmerzen spannungstyp stirn,3,0.5
jahren drückenden kopfschmerzen spannungstyp,3,0.5
einer arthrose finger handgelenke,3,0.5
pylori negativen chronischen gastritis,3,0.5
einschlafstörungen gestört hinsichtlich somatischer,3,0.5
spinalkanalstenose höhe,3,0.5
zusätzlich tinnitus stress viel,3,0.5
zusätzlich tinnitus,3,0.5
tinnitus stress viel,3,0.5
auftretende kopfschmerzen,3,0.5
beidseitig charakter pfeifen tinnitus,3,0.5
kopfschmerzen täglich,3,0.5
zurzeit treten kopfschmerzen,3,0.5
träten konzentrations merkfähigkeitsstörungen,3,0.5
begleitend träten konzentrations merkfähigkeitsstörungen,3,0.5
unterschiedlicher intensität zusätzlich tinnitus,3,0.5
jahren einem restless legs,3,0.5
jahren durchschlafstörungen,3,0.5
jahren einem restless,3,0.5
einer polyneuropathie,3,0.5
tinnitus stress,3,0.5
intensität zusätzlich tinnitus stress,3,0.5
intensität zusätzlich tinnitus,3,0.5
geworden konzentrations merkfähigkeitsstörungen sein,3,0.5
schlaf durchschlafstörungen gestört aufnahmegespräch,3,0.5
durchschlafstörungen gestört aufnahmegespräch,3,0.5
ziehend empfunden verstärkten tinnitus,3,0.5
verstärkten tinnitus aurium rechts,3,0.5
empfunden verstärkten tinnitus,3,0.5
verstärkten tinnitus,3,0.5
diffusionsstörung,3,0.5
schlaf durschlafstörungen gestört,3,0.5
durschlafstörungen gestört,3,0.5
durschlafstörungen,3,0.5
schlaf durschlafstörungen,3,0.5
jahren morbus crohn,3,0.5
raynaud,3,0.5
syndrom energie,3,0.5
syndrom energie kraft aufbauen,3,0.5
durchschlafstörungen gestört morgens,3,0.5
müdigkeitssyndrom depressive symptomatik chronische,3,0.5
stehen chronisches müdigkeitssyndrom depressive,3,0.5
müdigkeitssyndrom depressive symptomatik,3,0.5
müdigkeitssyndrom depressive,3,0.5
chronisches müdigkeitssyndrom depressive symptomatik,3,0.5
chronisches müdigkeitssyndrom depressive,3,0.5
diagnose gestellt,3,0.5
jahr dorsalgien bereich,3,0.5
jahr dorsalgien,3,0.5
beschreibt tinnitus,3,0.5
zusätzlich tinnitus stress,3,0.5
tinnitus stress viel intensiver,3,0.5
anhaltenden zervikobrachialgien degenerativer,3,0.5
hoher pfeifton ausgeprägten durchschlafstörungen,3,0.5
pfeifton ausgeprägten durchschlafstörungen,3,0.5
jungend migräneanfällen migräne tage,3,0.5
migräne tage monat stationären,3,0.5
therapierelevante beschwerden anhaltenden zervikobrachialgien,3,0.5
durchschlafstörungen gestört hinsichtlich somatischen,3,0.5
hinaus schlaf durchschlafstörungen gestört,3,0.5
hinaus schlaf durchschlafstörungen,3,0.5
durchschlafstörungen beeinträchtigt morgens,3,0.5
konzentrationsstörungen beziehungen,3,0.5
konzentrationsstörungen beziehungen anderen,3,0.5
migräne tage monat schmerz,3,0.5
konzentrationsstörungen beziehungen anderen etwas,3,0.5
myalgien,3,0.5
syndrom energie kraft,3,0.5
kopfschmerzen spannungstyp stirn,3,0.5
arthrose finger handgelenke stechende,3,0.5
chronischen gastritis,3,0.5
negativen chronischen gastritis,3,0.5
chronischen gastritis mahlzeiten träten,3,0.5
innere unruhe schlaf durchschlafstörungen,3,0.5
unruhe schlaf durchschlafstörungen gestört,3,0.5
unruhe schlaf durchschlafstörungen,3,0.5
durchschlafstörungen gestört körperlichen,3,0.5
durchschlafstörungen gestört körperlichen beschwerden,3,0.5
tinnitus links,3,0.5
durchschlafstörungen gestört befindet,3,0.5
jahren intermittierenden zervikobrachialgien,3,0.5
seiner jungend migräneanfällen migräne,3,0.5
verstärkten tinnitus aurium,3,0.5
zervikobrachialgien degenerativer veränderung bestünden,3,0.5
progredienten müdigkeitssyndrom einschätzung infolge,3,0.5
einem progredienten müdigkeitssyndrom einschätzung,3,0.5
müdigkeitssyndrom einschätzung infolge einer,3,0.5
früher erreicht konzentrationsstörungen,3,0.5
einem progredienten müdigkeitssyndrom,3,0.5
schlaf durchschlafstörungen gestört körperlichen,3,0.5
polymyalgia rheumatica diagnostiziert,3,0.5
rheumatica diagnostiziert,3,0.5
jahren erschöpfung,3,0.5
geworden schlaf durchschlafstörungen,3,0.5
schlaf durchschlafstörungen beeinträchtigt hinsichtlich,3,0.5
ösophagitis,3,0.5
früher erreicht konzentrationsstörungen stimmung,3,0.5
progredienten müdigkeitssyndrom,3,0.5
müdigkeitssyndrom einschätzung,3,0.5
körperliche erschöpfung,3,0.5
rauschen pfeifen tinnitus,3,0.5
chronische kopfschmerzen,3,0.5
fortgeschrittene coxarthrose,3,0.5
drehschwindel,3,0.5
zwei jahren einem tinnitus,3,0.5
coxarthrose diagnostiziert,3,0.5
jahr diagnose einer,3,0.5
jahren migräneanfällen,3,0.5
jahren migräneanfällen treten,3,0.5
schlaf sowohl einschlafstörungen,3,0.5
hiatushernie,3,0.5
neuralgie,3,0.5
müdigkeitssyndrom einschätzung infolge,3,0.5
schneller früher erreicht konzentrationsstörungen,3,0.5
jahren einem progredienten müdigkeitssyndrom,3,0.5
progredienten müdigkeitssyndrom einschätzung,3,0.5
kurzgefasst seiner jungend migräneanfällen,3,0.5
seiner jungend migräneanfällen,3,0.5
jungend migräneanfällen migräne,3,0.5
anhaltenden zervikobrachialgien degenerativer veränderung,3,0.5
beschwerden anhaltenden zervikobrachialgien,3,0.5
beschwerden anhaltenden zervikobrachialgien degenerativer,3,0.5
empfunden verstärkten tinnitus aurium,3,0.5
epicondylitis humeri,3,0.5
jahren bestehende dorsalgien,3,0.5
foramenstenose,3,0.5
konzentrationsstörungen merkfähigkeitsstörungen schlaf,3,0.5
häufig gedrückt zusätzlich konzentrationsstörungen,3,0.5
erschöpfungssymptomen sein,3,0.5
empfunden gefühlsstörungen,3,0.5
konzentrationsstörungen merkfähigkeitsstörungen schlaf durchschlafstörungen,3,0.5
charakter rauschen pfeifen tinnitus,3,0.5
psoriasis arthritis allem finger,3,0.5
verlangsamung merkfähigkeitsstörungen wortfindungsstörung konzentrationsstörungen,3,0.5
störungen,3,0.5
erschöpfungssymptomatik aufgrund,3,0.5
erstdiagnose,3,0.5
arthralgien,3,0.5
dorsalgien bereich ausstrahlung linke,3,0.5
zervikobrachialgien symptomatik jahren,3,0.5
zervikobrachialgien symptomatik jahren zugespitzt,3,0.5
vergleich früher konzentrations merkfähigkeitsstörungen,3,0.5
früher konzentrations merkfähigkeitsstörungen,3,0.5
empfunden gefühlsstörungen bereich,3,0.5
schlaf allem durchschlafstörungen beeinträchtigt,3,0.5
jahren bestehende dorsalgien bereich,3,0.5
erschöpfungssymptomen sein antrieb,3,0.5
tinnitus aurium rechts hoher,3,0.5
migräneanfall,3,0.5
entwickelt depressionen behaftet hinsichtlich,3,0.5
depressionen behaftet hinsichtlich,3,0.5
dorsalgien bereich handle intermittierende,3,0.5
jahren zervikobrachialgien schmerzen,3,0.5
einer depression,3,0.5
einem beidseitigen tinnitus,3,0.5
pfeifton tinnitus nacht,3,0.5
merkfähigkeitsstörungen wortfindungsstörung,3,0.5
migräneattacke beschreibt dann,3,0.5
gehen migräneattacke beschreibt,3,0.5
migränetagen,3,0.5
lebensjahr migräne,3,0.5
sinne eines reizdarmsyndroms,3,0.5
erschöpfung fühle erschöpft,3,0.5
intermittierenden dorsalgien bereich ausstrahlung,3,0.5
jahren verdauungsstörungen,4,0.7
meistens durchschlafstörungen gestört hinsichtlich,4,0.7
jahren einer arthrose finger,4,0.7
einer arthrose finger,4,0.7
diagnose fibromyalgie gestellt,4,0.7
durchschlafstörungen erheblich,4,0.7
schlaf durchschlafstörungen erheblich,4,0.7
schlaf durchschlafstörungen erheblich beeinträchtigt,4,0.7
durchschlafstörungen erheblich beeinträchtigt,4,0.7
dorsalgien allen etagen wirbelsäle,4,0.7
zehn jahren chronischen dorsalgien,4,0.7
geworden schlaf meistens durchschlafstörungen,4,0.7
kopfschmerzen treten woche,4,0.7
sklerose,4,0.7
erschöpfung geführt hätten aktuellen,4,0.7
zustand völliger erschöpfung geführt,4,0.7
einem zustand völliger erschöpfung,4,0.7
keine kraft konzentrations merkfähigkeitsstörungen,4,0.7
lactose,4,0.7
gefühlsstörungen bereich,4,0.7
bestehende dorsalgien,4,0.7
bestehende dorsalgien bereich,4,0.7
gedrückt zusätzlich konzentrationsstörungen merkfähigkeitsstörungen,4,0.7
einer erschöpfungssymptomatik,4,0.7
gedrückt zusätzlich konzentrationsstörungen,4,0.7
zusätzlich konzentrationsstörungen merkfähigkeitsstörungen,4,0.7
ausgeprägte erschöpfungssymptomatik,4,0.7
jahren einer erschöpfungssymptomatik,4,0.7
fibromyalgie jahren,4,0.7
migräneanfällen treten,4,0.7
sowohl einschlafstörungen,4,0.7
anderen zurückhaltend geworden konzentrationsstörungen,4,0.7
erreicht konzentrationsstörungen stimmung,4,0.7
konzentrationsstörungen stimmung,4,0.7
zervikobrachialsyndrom,4,0.7
neuroforamenstenose,4,0.7
bursitis,4,0.7
allem durchschlafstörungen beeinträchtigt,4,0.7
intermittierenden zervikobrachialgien,4,0.7
zervikobrachialgien schmerzen ziehenden,4,0.7
verlangsamung merkfähigkeitsstörungen konzentrationsstörungen,4,0.7
merkfähigkeitsstörungen konzentrationsstörungen einem,4,0.7
merkfähigkeitsstörungen konzentrationsstörungen einem gefühl,4,0.7
merkfähigkeitsstörungen konzentrationsstörungen,4,0.7
kognitiven verlangsamung merkfähigkeitsstörungen konzentrationsstörungen,4,0.7
verlangsamung merkfähigkeitsstörungen konzentrationsstörungen einem,4,0.7
neuropathischen,4,0.7
lupus erythematodes,4,0.7
ausgeprägte erschöpfungszustände deutlicher,4,0.7
konzentrationsstörungen wortfindungsstörungen begleitet dies,4,0.7
schlaf einschlafstörungen gestört hinsichtlich,4,0.7
sein schlaf einschlafstörungen gestört,4,0.7
einschlafstörungen gestört hinsichtlich,4,0.7
dorsalgien bereich ausstrahlung rechte,4,0.7
erschöpfungszustände,4,0.7
erschöpfungszustände deutlicher kognitiver,4,0.7
wortfindungsstörungen begleitet dies ausgeprägter,4,0.7
erschöpfungszustände deutlicher kognitiver einschränkung,4,0.7
wortfindungsstörungen begleitet dies,4,0.7
ausgeprägte erschöpfungszustände deutlicher kognitiver,4,0.7
ausgeprägte erschöpfungszustände,4,0.7
erschöpfungszustände deutlicher,4,0.7
einschränkung form brainfog konzentrationsstörungen,4,0.7
chronischem müdigkeitssyndrom,4,0.7
erschöpfung geführt hätten,4,0.7
völliger erschöpfung geführt hätten,4,0.7
innere unruhe konzentrations merkfähigkeitsstörungen,4,0.7
eines reizdarmsyndroms,4,0.7
restless legs syndrom symptomatik,4,0.7
einem restless legs syndrom,4,0.7
legs syndrom symptomatik,4,0.7
syndrom symptomatik,4,0.7
einem restless legs,4,0.7
einem restless,4,0.7
arten kopfschmerzen,4,0.7
kopfschmerzen überwiegend,4,0.7
rauschen tinnitus nacht vorhanden,4,0.7
tinnitus aurium linksbetont charakter,4,0.7
tinnitus aurium linksbetont,4,0.7
rauschen tinnitus nacht,4,0.7
plantarfasziitis,4,0.7
rheumatologe,4,0.7
keine gewichtsabnahme reizdarmsyndrom,4,0.7
arthrose diagnostiziert,4,0.7
fatigue syndrom,4,0.7
gedrückt schlaf durchschlafstörungen gestört,4,0.7
begleitend zusammenhang erwähnt kopfschmerzen,4,0.7
zwanzig jahren zervikobrachialgien,4,0.7
zusammenhang erwähnt kopfschmerzen,4,0.7
erwähnt kopfschmerzen,4,0.7
erwähnt kopfschmerzen anfang,4,0.7
zusammenhang erwähnt kopfschmerzen anfang,4,0.7
erwähnt kopfschmerzen anfang zervikobrachialgien,4,0.7
aufnahmegespräch jahren zunehmende erschöpfungssymptomatik,4,0.7
charakter rauschen tinnitus,4,0.7
polyarthritis,4,0.7
polyarthralgien,4,0.7
fructose,4,0.7
charakter hohen pfeifen tinnitus,4,0.7
konzentrations merkfähigkeitsstörungen innere,4,0.7
kopfschmerzen woche,4,0.7
gewichtsabnahme reizdarmsyndrom,4,0.7
keine gewichtsabnahme reizdarmsyndrom vermutet,4,0.7
gewichtsabnahme reizdarmsyndrom vermutet,4,0.7
kopfschmerzen form migräne,4,0.7
chronischen kopfschmerzen form,4,0.7
chronischen kopfschmerzen form migräne,4,0.7
spannungskopfschmerzen auftreten,4,0.7
form migräne,4,0.7
form migräne spannungskopfschmerzen,4,0.7
form migräne spannungskopfschmerzen auftreten,4,0.7
kopfschmerzen form migräne spannungskopfschmerzen,4,0.7
jahren chronischen kopfschmerzen form,4,0.7
kopfschmerzen form,4,0.7
migräne spannungskopfschmerzen auftreten,4,0.7
osteopathie,4,0.7
blockaden spannungskopfschmerzen,4,0.7
tachykardien,4,0.7
merkfähigkeitsstörungen phasen erhöhter,4,0.7
anhaltender müdigkeitssymptomatik ausgeprägtes erschöpfungsgefühl,4,0.7
ausgeprägten konzentrations merkfähigkeitsstörungen,4,0.7
hohen pfeifen tinnitus,4,0.7
merkfähigkeitsstörungen phasen,4,0.7
konzentrations merkfähigkeitsstörungen phasen,4,0.7
reizlose,4,0.7
reizlose narbe,4,0.7
dorsalgien bereich nacken,4,0.7
dorsalgien bereich nacken schulterbereich,4,0.7
konzentrations merkfähigkeitsstörungen phasen erhöhter,4,0.7
merkfähigkeitsstörungen phasen erhöhter beanspruchung,4,0.7
bestehenden tinnitus,4,0.7
erschöpfung verminderter,4,0.7
einem chronischen müdigkeitssyndrom,4,0.7
jahren einem chronischen müdigkeitssyndrom,4,0.7
darmstörungen,4,0.7
merkfähigkeitsstörungen innere,4,0.7
merkfähigkeitsstörungen innere unruhe,4,0.7
konzentrations merkfähigkeitsstörungen innere unruhe,4,0.7
erschöpfung verminderter körperlicher belastbarkeit,4,0.7
erschöpfung verminderter körperlicher,4,0.7
zehn jahren einem tinnitus,4,0.7
jahren migräne aura,4,0.7
rheumatologische abklärung,4,0.7
zervikobrachialgien degenerativer,4,0.7
zervikobrachialgien degenerativer veränderung,4,0.7
migräneanfällen migräne tage monat,4,0.7
häufige kopfschmerzen,4,0.7
migräneanfällen migräne tage,4,0.7
einschließlich einer rheumatologischen,4,0.7
drückenden kopfschmerzen,4,0.7
einem jahr erschöpfungssymptomatik,4,0.7
aufnahmegespräch einem jahr erschöpfungssymptomatik,4,0.7
einschließlich einer rheumatologischen abklärung,4,0.7
verdachtsdiagnose einer fibromyalgie,4,0.7
vorher erreicht konzentrationsstörungen,4,0.7
gestellt entzündlich rheumatische erkrankung,4,0.7
gestellt entzündlich rheumatische,4,0.7
rheumatologischen abklärung verdachtsdiagnose,4,0.7
fibromyalgie gestellt entzündlich,4,0.7
erfolgt einschließlich einer rheumatologischen,4,0.7
entzündlich rheumatische erkrankung ausgeschlossen,4,0.7
einer rheumatologischen abklärung,4,0.7
zunehmende erschöpfungssymptomatik gefühl langsam,4,0.7
rheumatische erkrankung ausgeschlossen konnte,4,0.7
abklärung verdachtsdiagnose einer,4,0.7
abklärung verdachtsdiagnose,4,0.7
einer rheumatologischen abklärung verdachtsdiagnose,4,0.7
rheumatische erkrankung ausgeschlossen,4,0.7
rheumatologischen abklärung,4,0.7
ostechondrose,4,0.7
gefasst jahren einer arthrose,4,0.7
tinnitus aurium rechtsbetont,4,0.7
einer migräne,4,0.7
somatischer beschwerden chronischen dorsalgien,4,0.7
schneller vorher erreicht konzentrationsstörungen,4,0.7
jahren schleichend zunehmende erschöpfungssymptomatik,4,0.7
verdachtsdiagnose einer fibromyalgie gestellt,4,0.7
einer fibromyalgie gestellt entzündlich,4,0.7
fibromyalgie gestellt entzündlich rheumatische,4,0.7
abklärung verdachtsdiagnose einer fibromyalgie,4,0.7
rheumatologischen abklärung verdachtsdiagnose einer,4,0.7
aufnahme erschöpfungszustand hier ausgeprägte,4,0.7
grund stationären aufnahme erschöpfungszustand,4,0.7
erschöpfungszustand hier ausgeprägte überforderung,4,0.7
erschöpfungszustand hier ausgeprägte,4,0.7
erschöpfungszustand hier,4,0.7
aufnahme erschöpfungszustand hier,4,0.7
stationären aufnahme erschöpfungszustand hier,4,0.7
jahren kopfschmerzen zwei kopfschmerzarten,4,0.7
migräne betrifft,4,0.7
kopfschmerzarten auftreten kopfschmerzen beginnt,4,0.7
arthrose finger,4,0.7
intermittierenden dorsalgien bereich,4,0.7
jahren dorsalgien bereich handle,4,0.7
stenose,4,0.7
dorsalgien bereich jahren,4,0.7
dorsalgien bereich jahren verschlechtert,4,0.7
charakter hoher pfeifton tinnitus,4,0.7
hoher pfeifton tinnitus,4,0.7
übelkeit schwindel,4,0.7
schmerzbedingten durchschlafstörungen gestört,4,0.7
schmerzbedingten durchschlafstörungen,4,0.7
epicondylitis,4,0.7
lumbalsyndrom,5,0.8
schlaf ausgeprägten durchschlafstörungen gestört,5,0.8
tinnitus aurium beidseitig charakter,5,0.8
jahren tinnitus aurium beidseitig,5,0.8
einer polymyalgia rheumatica,5,0.8
vielen jahren zunehmende erschöpfungssymptomatik,5,0.8
pfeifton tinnitus,5,0.8
einer polymyalgia,5,0.8
dorsalgien bereich handle,5,0.8
tinnitus aurium beidseitig,5,0.8
intermittierenden dorsalgien,5,0.8
zunehmende erschöpfungssymptomatik gefühl,5,0.8
erheblich durchschlafstörungen gestört,5,0.8
schlaf erheblich durchschlafstörungen gestört,5,0.8
jahren einer arthrose,5,0.8
merkfähigkeitsstörungen schlaf erheblich durchschlafstörungen,5,0.8
schleichend zunehmende erschöpfungssymptomatik gefühl,5,0.8
aufnahme erschöpfungszustand,5,0.8
auftreten kopfschmerzen beginnt,5,0.8
zervikobrachialgien verbunden waren,5,0.8
anfang zervikobrachialgien verbunden waren,5,0.8
anfang zervikobrachialgien verbunden,5,0.8
konzentrations merkfähigkeitsstörungen beziehungen anderen,5,0.8
diagnostik zunge pulse diagnose,5,0.8
merkfähigkeitsstörungen beziehungen,5,0.8
kopfschmerzen anfang,5,0.8
sjögren syndrom,5,0.8
zurückhaltender geworden konzentrations merkfähigkeitsstörungen,5,0.8
verdachtsdiagnose,5,0.8
einer rheumatologischen,5,0.8
schleichend zunehmende erschöpfungssymptomatik,5,0.8
verdachtsdiagnose einer,5,0.8
tinnitus aurium charakter hohes,5,0.8
pulse diagnose,5,0.8
durchschlafstörungen appetit normal,5,0.8
anamnese durchschlafstörungen appetit normal,5,0.8
kopfschmerzen anfang zervikobrachialgien verbunden,5,0.8
depression hinsichtlich somatischer beschwerden,5,0.8
depression hinsichtlich somatischer,5,0.8
depression hinsichtlich,5,0.8
stehen chronisches müdigkeitssyndrom chronische,5,0.8
durchschlafstörungen morgens,5,0.8
müdigkeitssyndrom chronische,5,0.8
chronisches müdigkeitssyndrom chronische schmerzproblematik,5,0.8
zusätzlich konzentrationsstörungen,5,0.8
tinnitus aurium links charakter,5,0.8
erschöpfungssymptomatik symptomatik,5,0.8
kopfschmerzen anfang zervikobrachialgien,5,0.8
müdigkeitssyndrom chronische schmerzproblematik,5,0.8
chronisches müdigkeitssyndrom chronische,5,0.8
zustand völliger erschöpfung,5,0.8
unruhe konzentrations merkfähigkeitsstörungen,5,0.8
sein schlaf einschlafstörungen,5,0.8
schlaf einschlafstörungen gestört,5,0.8
kraft konzentrations merkfähigkeitsstörungen,5,0.8
bestehende kopfschmerzen,5,0.8
diagnosen,5,0.8
erschöpfung geführt,5,0.8
völliger erschöpfung geführt,5,0.8
arterielle hypertonie,5,0.8
ausgeprägte durchschlafstörungen,5,0.8
merkfähigkeitsstörungen beziehungen anderen,5,0.8
konzentrations merkfähigkeitsstörungen beziehungen,5,0.8
merkfähigkeitsstörungen beziehungen anderen etwas,5,0.8
reizdarmsyndrom vermutet hinaus,5,0.8
beidseitigen tinnitus,5,0.8
erschöpfungssymptomen ursächlich hierfür,5,0.8
schlaf durchschlafstörungen gestört hinaus,5,0.8
jahren kopfschmerzen zwei,5,0.8
jahren zunehmende erschöpfungssymptomatik hier,5,0.8
anfang zervikobrachialgien,5,0.8
zervikobrachialgien verbunden,5,0.8
nacken schulter verspannung spannungskopfschmerzen,5,0.8
schulter verspannung spannungskopfschmerzen,5,0.8
hinsichtlich somatischer beschwerden verdauungsstörungen,5,0.8
kopfschmerzen spannungstyp treten,5,0.8
chronischen kopfschmerzen,5,0.8
jahren chronischen kopfschmerzen,5,0.8
gedrückt schlaf durchschlafstörungen,5,0.8
pfeifen tinnitus vorhanden,5,0.8
dermatitis,5,0.8
chronischen dorsalgien allen etagen,5,0.8
dorsalgien allen etagen,5,0.8
schwindelsymptomatik,5,0.8
stationären aufnahme erschöpfungszustand,5,0.8
jungend migräneanfällen,5,0.8
erschöpfungssymptomen ursächlich,5,0.8
erschöpfungssymptomen ursächlich hierfür überlastungssituation,5,0.8
zunge pulse diagnose,5,0.8
merkfähigkeitsstörungen schlaf allem durchschlafstörungen,5,0.8
gelenkbeschwerden rahmen einer psoriasis,5,0.8
rahmen einer psoriasis arthritis,5,0.8
einer psoriasis arthritis allem,5,0.8
psoriasis arthritis allem,5,0.8
einer psoriasis arthritis,5,0.8
schlaf ausgeprägten durchschlafstörungen,5,0.8
durchschlafstörungen beeinträchtigt hinsichtlich,5,0.8
parese diagnostik zunge pulse,5,0.8
anhaltenden zervikobrachialgien,5,0.8
zwanzig jahren dorsalgien bereich,5,0.8
endometriose,5,0.8
konzentrationsstörungen schlaf durchschlafstörungen gestört,5,0.8
häufigen kopfschmerzen,5,0.8
migräneanfällen migräne,5,0.8
zwanzig jahren dorsalgien,5,0.8
erholsam durchschlafstörungen gestört hinsichtlich,5,0.8
gefühl erschöpfung,5,0.8
gürtelrose,5,0.8
diagnose einer fibromyalgie gestellt,5,0.8
treten migräneanfälle,5,0.8
jahren spannungskopfschmerzen,5,0.8
reizdarmsyndroms,6,1.0
erschöpfungssymptomatik gefühl langsam keine,6,1.0
konzentrationsstörungen wortfindungsstörungen begleitet,6,1.0
migräneattacken,6,1.0
chronisches syndrom,6,1.0
diagnose einer fibromyalgie,6,1.0
anamnese durchschlafstörungen appetit,6,1.0
einer parese diagnostik zunge,6,1.0
durchschlafstörungen appetit,6,1.0
form brainfog konzentrationsstörungen wortfindungsstörungen,6,1.0
brainfog konzentrationsstörungen wortfindungsstörungen begleitet,6,1.0
brainfog konzentrationsstörungen wortfindungsstörungen,6,1.0
kopfschmerzen kopfschmerzen,6,1.0
konzentrationsstörungen wortfindungsstörungen,6,1.0
schlaf allem durchschlafstörungen gestört,6,1.0
migräneattacke,6,1.0
allem durchschlafstörungen gestört,6,1.0
ausgeprägten durchschlafstörungen gestört,6,1.0
geworden sein schlaf durchschlafstörungen,6,1.0
tinnitus aurium links,6,1.0
merkfähigkeitsstörungen schlaf erheblich,6,1.0
jahren morbus,6,1.0
vegetative anamnese durchschlafstörungen appetit,6,1.0
vegetative anamnese durchschlafstörungen,6,1.0
parese diagnostik,6,1.0
arthritis allem,6,1.0
diagnose fibromyalgie,6,1.0
einer psoriasis,6,1.0
charakter pfeifen tinnitus,6,1.0
reizdarmsyndrom vermutet energie kraft,6,1.0
etwas zurückhaltend geworden konzentrationsstörungen,6,1.0
reizdarmsyndrom vermutet energie,6,1.0
verspannung spannungskopfschmerzen,6,1.0
morbus crohn,6,1.0
sensibilitätsstörungen,6,1.0
tinnitus unterschiedlicher,6,1.0
entzündlich rheumatische erkrankung,6,1.0
rheumatische,6,1.0
beschwerden jahren chronischen dorsalgien,6,1.0
konzentrations merkfähigkeitsstörungen stimmung schwankend,6,1.0
zunehmende erschöpfungssymptomatik hier,6,1.0
defizit sinne einer parese,6,1.0
zunehmende erschöpfungssymptomatik hier ausgeprägte,6,1.0
rheumatische erkrankung,6,1.0
entzündlich rheumatische,6,1.0
form brainfog konzentrationsstörungen,6,1.0
völliger erschöpfung,6,1.0
degeneratives syndrom,6,1.0
fingerpolyarthrose,6,1.0
erschöpfungssymptomatik gefühl langsam,6,1.0
zwei kopfschmerzarten auftreten kopfschmerzen,6,1.0
kopfschmerzen beginnt,6,1.0
sinne einer parese diagnostik,6,1.0
sinusitis,6,1.0
müdigkeitssymptomatik ausgeprägtes erschöpfungsgefühl belastungsgrenze,6,1.0
jahr diagnose,6,1.0
beschwerden chronischen dorsalgien,6,1.0
einer arthrose,6,1.0
konzentrations merkfähigkeitsstörungen schlaf erheblich,6,1.0
jahr erschöpfungssymptomatik erschöpft,6,1.0
rahmen einer psoriasis,6,1.0
müdigkeitssymptomatik ausgeprägtes erschöpfungsgefühl,6,1.0
konzentrationsstörungen merkfähigkeitsstörungen,6,1.0
jahr erschöpfungssymptomatik erschöpft fühle,6,1.0
dorsalgien bereich ausstrahlung beinen,6,1.0
zehn jahren dorsalgien bereich,6,1.0
zehn jahren dorsalgien,6,1.0
sinne einer parese,6,1.0
anamnese durchschlafstörungen,6,1.0
parese,6,1.0
einer parese,6,1.0
einer parese diagnostik,6,1.0
parese diagnostik zunge,6,1.0
tinnitus vorhanden,6,1.0
konzentrationsstörungen schlaf durchschlafstörungen,6,1.0
müdigkeitssyndroms,6,1.0
geworden konzentrationsstörungen schlaf durchschlafstörungen,6,1.0
zurückhaltend geworden konzentrationsstörungen schlaf,6,1.0
somatischer beschwerden verdauungsstörungen,6,1.0
borreliose,6,1.0
rahmen einer fibromyalgie,6,1.0
rheumatologische,6,1.0
neuropathie,6,1.0
störung,6,1.0
merkfähigkeitsstörungen stimmung schwankend,6,1.0
coxarthrose,7,1.2
zwei kopfschmerzarten,7,1.2
kopfschmerzarten auftreten kopfschmerzen,7,1.2
konzentrations merkfähigkeitsstörungen schlaf allem,7,1.2
konzentrations merkfähigkeitsstörungen sein schlaf,7,1.2
wortfindungsstörungen begleitet,7,1.2
kognitiven verlangsamung merkfähigkeitsstörungen,7,1.2
brainfog konzentrationsstörungen,7,1.2
kopfschmerzen zwei kopfschmerzarten auftreten,7,1.2
zwei kopfschmerzarten auftreten,7,1.2
kopfschmerzen zwei kopfschmerzarten,7,1.2
schlaf einschlafstörungen,7,1.2
ängste entwickelt depressionen behaftet,7,1.2
jahren ängste entwickelt depressionen,7,1.2
einer kognitiven verlangsamung merkfähigkeitsstörungen,7,1.2
entwickelt depressionen,7,1.2
entwickelt depressionen behaftet,7,1.2
depressionen behaftet,7,1.2
psoriasis arthritis,7,1.2
rheumatoide,7,1.2
chronischen müdigkeitssyndrom,7,1.2
erschöpfungssymptomatik gefühl,7,1.2
ängste entwickelt depressionen,7,1.2
gefühlsstörungen,7,1.2
beschwerden verdauungsstörungen,7,1.2
merkfähigkeitsstörungen schlaf allem,7,1.2
konzentrations merkfähigkeitsstörungen sein,7,1.2
verlangsamung merkfähigkeitsstörungen,7,1.2
migräne spannungskopfschmerzen,7,1.2
erschöpfungssymptomatik hier,7,1.2
erschöpfungssymptomatik hier ausgeprägte,7,1.2
geworden konzentrationsstörungen schlaf,7,1.2
migräne tage monat,7,1.2
migräne tage,7,1.2
einem tinnitus aurium beidseits,7,1.2
polyarthrose,7,1.2
schlaf genug erholsam durchschlafstörungen,7,1.2
einschlafstörungen gestört,7,1.2
erreicht konzentrationsstörungen,7,1.2
colitis ulcerosa,7,1.2
gastritis,7,1.2
konzentrations gedächtnisstörungen,7,1.2
jahren chronischen dorsalgien bereich,7,1.2
koxarthrose,7,1.2
erschöpfungssymptomatik hier ausgeprägte überforderung,7,1.2
neurodermitis,7,1.2
rheumatoide arthritis,7,1.2
rheumatologen,7,1.2
gerecht können konzentrations merkfähigkeitsstörungen,7,1.2
erheblich durchschlafstörungen,7,1.2
schlaf erheblich durchschlafstörungen,7,1.2
spondylarthrose,8,1.4
merkfähigkeitsstörungen schnell überreiz,8,1.4
erreicht konzentrations merkfähigkeitsstörungen schnell,8,1.4
merkfähigkeitsstörungen schnell überreiz innere,8,1.4
konzentrations merkfähigkeitsstörungen schnell,8,1.4
schlaf meistens durchschlafstörungen gestört,8,1.4
jahren migräne,8,1.4
meistens durchschlafstörungen gestört,8,1.4
chronischen dorsalgien bereich,8,1.4
kopfschmerz,8,1.4
konzentrationsstörungen schlaf,8,1.4
lumbalgien,8,1.4
skoliose,8,1.4
jahren erschöpfungssymptomatik,8,1.4
diabetes,8,1.4
diabetes mellitus,8,1.4
colitis,8,1.4
erschöpfungsgefühl belastungsgrenze schneller,8,1.4
jahren zervikobrachialgien symptomatik,8,1.4
kopfschmerzarten auftreten,8,1.4
seelisch schlaf durchschlafstörungen gestört,8,1.4
seelisch schlaf durchschlafstörungen,8,1.4
körperlich seelisch schlaf durchschlafstörungen,8,1.4
erschöpfungsgefühl belastungsgrenze schneller erreicht,8,1.4
treten kopfschmerzen,8,1.4
jahren tinnitus aurium beidseits,8,1.4
meistens durchschlafstörungen,8,1.4
schlaf meistens durchschlafstörungen,8,1.4
konzentrations merkfähigkeitsstörungen schnell überreiz,8,1.4
rheumatologischen,8,1.4
erschöpfungsgefühl belastungsgrenze,8,1.4
ausgeprägtes erschöpfungsgefühl belastungsgrenze schneller,8,1.4
jahr erschöpfungssymptomatik,8,1.4
ausgeprägtes erschöpfungsgefühl belastungsgrenze,8,1.4
merkfähigkeitsstörungen schnell,8,1.4
hypertonie,8,1.4
konzentrations merkfähigkeitsstörungen stimmung,9,1.5
merkfähigkeitsstörungen stimmung,9,1.5
gedächtnisstörungen,9,1.5
merkfähigkeitsstörungen sein,9,1.5
einer fibromyalgie gestellt,9,1.5
zervikobrachialgien symptomatik,9,1.5
polymyalgia rheumatica,9,1.5
jahren dorsalgien bereich ausstrahlung,9,1.5
polymyalgia,9,1.5
hinaus verdauungsstörungen,9,1.5
erholsam durchschlafstörungen gestört,9,1.5
genug erholsam durchschlafstörungen gestört,9,1.5
schlaf durchschlafstörungen beeinträchtigt,9,1.5
schlaf allem durchschlafstörungen,9,1.5
merkfähigkeitsstörungen sein schlaf,9,1.5
jahren erschöpfungssymptomen,9,1.5
chronischen dorsalgien allen abschnitten,9,1.5
dorsalgien allen abschnitten wirbelsäle,9,1.5
kopfschmerzen treten,9,1.5
zervikobrachialgien schmerzen,9,1.5
impingement,9,1.5
charakter hohes pfeifen tinnitus,9,1.5
impingement syndrom,9,1.5
rauschen tinnitus,9,1.5
tinnitus aurium rechts,9,1.5
migräne aura,9,1.5
können konzentrations merkfähigkeitsstörungen,9,1.5
kopfschmerzen spannungstyp,9,1.5
hohes pfeifen tinnitus nacht,9,1.5
ausgeprägtes erschöpfungsgefühl,10,1.7
durchschlafstörungen gestört hinaus,10,1.7
legs syndrom,10,1.7
kopfschmerzarten,10,1.7
restless legs syndrom,10,1.7
sehstörungen,10,1.7
einem tinnitus aurium charakter,10,1.7
rheumatica,10,1.7
jahren chronischen dorsalgien allen,10,1.7
erschöpfungssyndrom,10,1.7
zurückhaltend geworden konzentrationsstörungen,10,1.7
dorsalgien fast allen abschnitten,10,1.7
genug erholsam durchschlafstörungen,10,1.7
hohes pfeifen tinnitus,10,1.7
bronchitis,10,1.7
konzentrationsstörungen einem gefühl geistiger,10,1.7
dorsalgien allen abschnitten,10,1.7
