cluster_id,segment_count,document_count,percent,representative_phrases
36,151,150,25.3,Die ausführliche Vorgeschichte dürfen wir freundlicherweise als bekannt voraussetzen und verweisen auf die entsprechenden Berichte. | Die ausführliche Vorgeschichte dürfen wir freundlicherweise als bekannt voraussetzen und verweisen auf die entsprechenden Berichte. | Die ausführliche Vorgeschichte dürfen wir freundlicherweise als bekannt voraussetzen und verweisen auf die entsprechenden Berichte. | Die ausführliche Vorgeschichte dürfen wir freundlicherweise als bekannt voraussetzen und verweisen auf die entsprechenden Berichte. | Die ausführliche Vorgeschichte dürfen wir freundlicherweise als bekannt voraussetzen und verweisen auf die entsprechenden Berichte.
196,143,142,24.0,Bei Aufnahmegespräch berichtet die Patientin seit über einem Jahr immer wieder unter Erschöpfungssymptomatik zu leiden. | Bei Aufnahmegespräch berichtet die Patientin seit über Jahren immer wieder unter Müdigkeitssymptomatik zu leiden. | Bei Aufnahmegespräch berichtet die Patientin seit über vielen Jahren immer wieder unter Müdigkeitssymptomatik zu leiden. | Bei Aufnahmegespräch berichtet die Patientin seit über Jahren unter zunehmende Erschöpfungssymptomatik zu leiden. | Bei Aufnahmegespräch berichtet die Patientin seit über vielen Jahren unter zunehmende Erschöpfungssymptomatik zu leiden.
47,103,102,17.2,Vom Aufenthalt erhoffe sich die Patientin wieder Energie und Kraft aufbauen sowie eine Beschwerdelinderung. | Vom Aufenthalt erhoffe sich die Patientin wieder Energie und Kraft aufbauen sowie eine Beschwerdelinderung. | Vom Aufenthalt erhoffe sich die Patientin wieder Energie und Kraft aufbauen sowie eine Beschwerdelinderung. | Vom Aufenthalt erhoffe sich die Patientin wieder Energie und Kraft aufbauen sowie eine Beschwerdelinderung. | Vom Aufenthalt erhoffe sich die Patientin wieder Energie und Kraft aufbauen sowie eine Beschwerdelinderung.
125,64,64,10.8,Ihr Schlaf sei von Ein- und Durchschlafstörungen gestört. | Ihr Schlaf sei von Ein- und Durchschlafstörungen gestört. | Ihr Schlaf sei von Ein- und Durchschlafstörungen gestört. | Ihr Schlaf sei von Ein- und Durchschlafstörungen gestört. | Ihr Schlaf sei von Ein- und Durchschlafstörungen gestört.
147,61,61,10.3,"Sie berichtet, dass sie sich sehr erschöpft fühle und ihre Belastbarkeitsgrenze sei schneller als vorher erreicht. | Sie berichtet, dass sie sich sehr erschöpft fühle und ihre Belastbarkeitsgrenze sei schneller als vorher erreicht. | Sie berichtet, dass sie sich sehr erschöpft fühle und ihre Belastbarkeitsgrenze sei schneller als vorher erreicht. | Sie berichtet, dass sie sich sehr erschöpft fühle und ihre Belastbarkeitsgrenze sei schneller als vorher erreicht. | Sie berichtet, dass sie sich sehr erschöpft fühle und ihre Belastbarkeitsgrenze sei schneller als vorher erreicht."
50,59,59,10.0,Zudem leide sie seit über eineinhalb Jahren unter Tinnitus aurium beidseitig. | Zudem leide sie seit über einem Jahr unter Tinnitus aurium linksbetont. | Zudem leide sie seit über einem Jahr unter Tinnitus aurium rechtsbetont. | Darüber hinaus leide sie seit ca. zehn Jahren unter einem Tinnitus aurium beidseits. | Zudem leide sie seit über vielen Jahren unter einem Tinnitus aurium bds.
55,56,56,9.5,In den Beziehungen zu anderen sei sie etwas zurückhaltend geworden. | In den Beziehungen zu anderen sei sie etwas zurückhaltend geworden. | In den Beziehungen zu anderen sei sie etwas zurückhaltend geworden. | In den Beziehungen zu anderen sei sie etwas zurückhaltend geworden. | In den Beziehungen zu anderen sei sie etwas zurückhaltend geworden.
14,51,50,8.4,"Vom Aufenthalt erhoffe sie sich, dass die chronischen Beschwerden auf ein erträgliches Niveau verbessert werden. | Vom Aufenthalt erhoffe sie sich, dass die chronischen Beschwerden auf ein erträgliches Niveau verbessert werden. | Vom Aufenthalt erhoffe sie sich, dass die chronischen Beschwerden auf ein erträgliches Niveau verbessert werden. | Vom Aufenthalt erhoffe sie sich, dass die chronischen Beschwerden auf ein erträgliches Niveau verbessert werden. | Vom Aufenthalt erhoffe sie sich, dass die chronischen Beschwerden auf ein erträgliches Niveau verbessert werden."
160,49,49,8.3,Ihre Leistungsfähigkeit sowie Antrieb seien stark eingeschränkt. | Ihre Leistungsfähigkeit sowie Antrieb seien stark eingeschränkt. | Ihre Leistungsfähigkeit sowie Antrieb seien stark eingeschränkt. | Ihre Leistungsfähigkeit sowie Antrieb seien stark eingeschränkt. | Ihre Leistungsfähigkeit sowie Antrieb seien stark eingeschränkt.
41,48,48,8.1,Vom Aufenthalt erhoffe sich der Patient wieder Energie und Kraft aufbauen sowie eine Beschwerdelinderung. | Vom Aufenthalt erhoffe sich der Patient wieder Energie und Kraft aufbauen sowie eine Beschwerdelinderung. | Vom Aufenthalt erhoffe sich der Patient wieder Energie und Kraft aufbauen sowie eine Beschwerdelinderung. | Vom Aufenthalt erhoffe sich der Patient wieder Energie und Kraft aufbauen sowie eine Beschwerdelinderung. | Vom Aufenthalt erhoffe sich der Patient wieder Energie und Kraft aufbauen sowie eine Beschwerdelinderung.
135,47,47,7.9,"Stimmung sei schwankend, teilweise gedrückt. | Stimmung sei schwankend, teilweise gedrückt. | Stimmung sei schwankend, teilweise gedrückt. | Stimmung sei schwankend, teilweise gedrückt. | Stimmung sei schwankend, teilweise gedrückt."
204,43,42,7.1,Es handelt sich um intermittierende Schmerzen von ziehendem Schmerzcharakter. | Es handelt sich um intermittierende Schmerzen von ziehendem Schmerzcharakter. | Es handelt sich um intermittierende Schmerzen von ziehendem Schmerzcharakter. | Es handelt sich um intermittierende Schmerzen von ziehendem Schmerzcharakter. | Es handelt sich und intermittierenden Schmerzen von ziehendem Schmerzcharakter.
174,43,42,7.1,"Beschwerdensymptomatik äußert sich vor allem durch krampfartigen Bauchschmerzen, Durchfallneigung, vermehrte Blähungen, Völlegefühl. | Es zeigten sich meistens Verstopfungsneigung, vermehrte Blähungen, Völlegefühl, diffuse Bauchschmerzen, teilweise auch Übelkeit. | Beschwerdensymptomatik äußert sich vor allem durch Bauchschmerzen, Durchfallneigung, vermehrte Blähungen, Völlegefühl und Stuhldrang. | Beschwerdensymptomatik äußert sich vor allem durch krampfartigen Bauchschmerzen, Verstopfungsneigung, vermehrte Blähungen, Völlegefühl, Aufstoßen. | Es zeigten sich meistens Oberbauchschmerzen, vermehrte Blähungen, Völlegefühl, mal Verstopfung, mal Durchfall, Übelkeit."
117,42,40,6.8,"Sie gibt an, dass sich die Symptomatik in den letzten 2-3 Jahren deutlich zugespitzt habe. | Sie gibt an, dass die Symptomatik in den letzten Jahren deutlich zugespitzt habe. | Sie gibt an, dass sich die Symptomatik in den letzten Jahren deutlich zugespitzt habe. | Diese Symptomatik bestehe bereits seit längerer Zeit latent, habe sich jedoch in den letzten 1–3 Jahren deutlich verschlechtert. | Sie gibt weiterhin an, dass es in den letzten Jahren zu einer Verschlechterung der Symptomatik gekommen sei."
104,40,38,6.4,Sie werden als stechenden und ziehenden empfunden. | Sie werden als pochenden empfunden. | Sie werden als pochenden empfunden. | Sie werden als stechenden empfunden. | Sie werden als stechenden empfunden.
124,35,35,5.9,"Ihre Stimmung sei schwankend, häufig gedrückt. | Ihre Stimmung sei schwankend, häufig gedrückt. | Ihre Stimmung sei schwankend, häufig gedrückt. | Ihre Stimmung sei schwankend, häufig gedrückt. | Ihre Stimmung sei schwankend, häufig gedrückt."
110,35,35,5.9,Charakter: hohes Pfeifen. | Charakter: hohes Pfeifen. | Charakter: hohes Pfeifen. | Charakter: hohes Pfeifen. | Charakter: hohes Pfeifen.
120,35,35,5.9,"Schmerzlindernde sowie schmerzverstärkende Faktoren sind der Patientin nicht bekannt, außer einer leichten Schmerzlinderung durch Wärmeapplikationen. | Schmerzlindernde sowie schmerzverstärkende Faktoren sind der Patientin nicht bekannt, außer einer leichten Schmerzlinderung durch Wärmeapplikationen. | Schmerzlindernde sowie schmerzverstärkende Faktoren sind der Patientin nicht bekannt, außer einer leichten Schmerzlinderung durch Wärmeapplikationen. | Schmerzlindernde sowie schmerzverstärkende Faktoren sind der Patientin nicht bekannt, außer einer leichten Schmerzlinderung durch Wärmeapplikationen. | Schmerzlindernde sowie schmerzverstärkende Faktoren sind der Patientin nicht bekannt, außer einer leichten Schmerzlinderung durch Wärmeapplikationen."
81,38,33,5.6,"Bei Aufnahme berichtet die Patientin, dass im Vordergrund der aktuellen Symptomatik eine ausgeprägte und anhaltende Müdigkeit steht, die zwar bereits vor der COVID-19-Erkrankung bestanden habe, sich jedoch im zeitlichen Zusammenhang mit der dritten COVID-19-Impfung im Februar 2022 sowie der durchgemachten Infektion im März 2022 deutlich verschlechtert habe. | Die Patientin berichtet hier, dass sich ihre Müdigkeitssymptomatik seit der Covid-19 Erkrankung im April 2022 deutlich verschlechtert haben. | Sie gibt weiterhin an, dass sich die Symptomatik nach einer COVID-19 Erkrankungen im Juli 2022 deutlich verschlechtert haben. | Vor dem Hintergrund einer durchgemachten COVID-19-Infektion im Jahr 2024 berichtet der Patient bei Aufnahme über eine persistierende Müdigkeitssymptomatik. | Bei Aufnahme berichtet die Patientin, vor dem Hintergrund einer im Mai 2022 durchgemachten COVID-19-Infektion unter einer anhaltenden Müdigkeitssymptomatik zu leiden."
143,33,33,5.6,"Er berichtet, dass er sich sehr erschöpft fühle und seine Belastbarkeitsgrenze sei schneller als vorher erreicht. | Er berichtet, dass er sich sehr erschöpft fühle und seine Belastbarkeitsgrenze sei schneller als vorher erreicht. | Er berichtet, dass er sich sehr erschöpft fühle und seine Belastbarkeitsgrenze sei schneller als vorher erreicht. | Er berichtet, dass er sich sehr erschöpft fühle und seine Belastbarkeitsgrenze sei schneller als vorher erreicht. | Er berichtet, dass er sich sehr erschöpft fühle und seine Belastbarkeitsgrenze sei schneller als vorher erreicht."
183,32,32,5.4,"Schmerzverstärkend wirken längeres Sitzen sowie Gehen. | Schmerzverstärkung nach längerem Sitzen, Stehen und Gehen. | Schmerzverstärkung nach längerem Sitzen, Stehen und Gehen. | Schmerzverstärkung nach längerem Sitzen, Stehen und Gehen. | Die Schmerzintensität verstärkt sich insbesondere nach längerem Sitzen."
26,32,32,5.4,"Die Patientin ist im Hause bekannt, 2022 befand sie sich zum letzten Mal in unserer stationären Behandlung. | Die Patientin ist im Hause bekannt, 2022 befand sie sich zum letzten Mal in unserer stationären Behandlung. | Die Patientin ist im Hause bekannt, 2022 befand sie sich zum letzten Mal in unserer stationären Behandlung. | Die Patientin ist im Hause bekannt, 2022 befand sie sich zum letzten Mal in unserer stationären Behandlung. | Die Patientin ist im Hause bekannt, 2022 befand sie sich zum letzten Mal in unserer stationären Behandlung."
189,32,32,5.4,Weiterhin leide die Patientin unter anhaltenden Schmerzen im LWS-Bereich mit Ausstrahlung in den Beinen linksbetont. | Weiterhin leide die Patientin unter anhaltenden Schmerzen im LWS-Bereich mit Ausstrahlung in den Beinen linksbetont. | Weiterhin leide die Patientin unter intermittierenden Schmerzen im LWS-Bereich mit Ausstrahlung in den Beinen rechtsbetont. | Weiterhin leide die Patientin über anhaltenden Schmerzen im LWS-Bereich mit Ausstrahlung in den rechten Oberschenkel. | Weiterhin leide die Patientin über anhaltenden Schmerzen im LWS-Bereich mit Ausstrahlung in den rechten Oberschenkel.
27,31,31,5.2,"Die Patientin ist im Hause bekannt, 2023 befand sie sich zum letzten Mal in unserer stationären Behandlung. | Die Patientin ist im Hause bekannt, 2023 befand sie sich zum letzten Mal in unserer stationären Behandlung. | Die Patientin ist im Hause bekannt, 2023 befand sie sich zum letzten Mal in unserer stationären Behandlung. | Die Patientin ist im Hause bekannt, 2023 befand sie sich zum letzten Mal in unserer stationären Behandlung. | Die Patientin ist im Hause bekannt, 2023 befand sie sich zum letzten Mal in unserer stationären Behandlung."
49,30,30,5.1,Der Tinnitus sei Tag und Nacht vorhanden und von unterschiedlicher Intensität. | Der Tinnitus sei Tag und Nacht vorhanden und von unterschiedlicher Intensität. | Der Tinnitus sei Tag und Nacht vorhanden und von unterschiedlicher Intensität. | Der Tinnitus sei Tag und Nacht vorhanden und von unterschiedlicher Intensität. | Der Tinnitus sei Tag und Nacht vorhanden und von unterschiedlicher Intensität.
137,30,30,5.1,Sie spüre häufig innere Unruhe. | Sie spüre häufig innere Unruhe. | Sie spüre häufig innere Unruhe. | Sie spüre häufig innere Unruhe. | Sie spüre häufig innere Unruhe.
159,30,30,5.1,Ihre Leistungsfähigkeit sowie Antrieb seien eingeschränkt. | Ihre Leistungsfähigkeit sowie Antrieb seien eingeschränkt. | Ihre Leistungsfähigkeit sowie Antrieb seien eingeschränkt. | Ihre Leistungsfähigkeit sowie Antrieb seien eingeschränkt. | Ihre Leistungsfähigkeit sowie Antrieb seien eingeschränkt.
43,29,29,4.9,"Vom Aufenthalt erhoffe sich die Patientin, wieder Energie und Kraft aufbauen zu können sowie eine Beschwerdelinderung. | Vom Aufenthalt erhoffe sich die Patientin, wieder Energie und Kraft aufbauen zu können sowie eine Beschwerdelinderung. | Vom Aufenthalt erhoffe sich die Patientin, wieder Energie und Kraft aufbauen zu können sowie eine Beschwerdelinderung. | Vom Aufenthalt erhoffe sich die Patientin, wieder Energie und Kraft aufbauen zu können sowie eine Beschwerdelinderung. | Vom Aufenthalt erhoffe sich die Patientin, wieder Energie und Kraft aufbauen zu können sowie eine Beschwerdelinderung."
53,28,28,4.7,In den Beziehungen zu anderen sei er etwas zurückhaltend geworden. | In den Beziehungen zu anderen sei er etwas zurückhaltend geworden. | In den Beziehungen zu anderen sei er etwas zurückhaltend geworden. | In den Beziehungen zu anderen sei er etwas zurückhaltend geworden. | In den Beziehungen zu anderen sei er etwas zurückhaltend geworden.
106,28,28,4.7,Weiterhin berichtet sie über Konzentrations- und Merkfähigkeitsstörungen. | Weiterhin berichtet sie über Konzentrations- und Merkfähigkeitsstörungen. | Weiterhin berichtet sie über Konzentrations- und Merkfähigkeitsstörungen. | Weiterhin berichtet sie über Konzentrations- und Merkfähigkeitsstörungen. | Weiterhin berichtet sie über Konzentrations- und Merkfähigkeitsstörungen.
34,29,28,4.7,Bis jetzt durchgeführte Diagnostik ergab kein wegweisender Befund. | Die bisher durchgeführte Diagnostik ergab keine nennenswerten Befunde. | Insgesamt ergab bis jetzt durgeführte Diagnostik für diese Beschwerden kein wegweisender Befund. | Auch hier habe die bisher durchgeführte Diagnostik bisher keinen nennenswerten Befund erbracht. | Bis jetzt durchgeführte Diagnostik ergab keine wegweisenden Befunde.
107,27,27,4.6,Weiterhin berichtet sie über Konzentrations- und Merkfähigkeitsstörungen. | Weiterhin berichtet sie über Konzentrations- und Merkfähigkeitsstörungen. | Weiterhin berichtet sie über Konzentrations- und Merkfähigkeitsstörungen. | Weiterhin berichtet sie über Konzentrations- und Merkfähigkeitsstörungen. | Weiterhin berichtet sie über Konzentrations- und Merkfähigkeitsstörungen.
46,26,26,4.4,Vom Aufenthalt erhoffe die Patientin wieder Energie und Kraft aufbauen sowie eine Beschwerdelinderung. | Vom Aufenthalt erhoffe die Patientin wieder Energie und Kraft aufbauen sowie eine Beschwerdelinderung. | Vom Aufenthalt erhoffe die Patientin wieder Energie und Kraft aufbauen sowie eine Beschwerdelinderung. | Vom Aufenthalt erhoffe die Patientin wieder Energie und Kraft aufbauen sowie eine Beschwerdelinderung. | Vom Aufenthalt erhoffe die Patientin wieder Energie und Kraft aufbauen sowie eine Beschwerdelinderung.
170,26,26,4.4,Es besteht ausgeprägte Nacken-Schulter-Verspannung. | Es besteht ausgeprägte Nacken-Schulter-Verspannung. | Es besteht ausgeprägte Nacken-Schulter-Verspannung. | Es besteht ausgeprägte Nacken-Schulter-Verspannung. | Es besteht ausgeprägte Nacken-Schulter-Verspannung.
38,26,26,4.4,Vom Aufenthalt erhoffe sich die Patientin wieder Energie und Kraft aufbauen sowie eine Beschwerdelinderung | Vom Aufenthalt erhoffe sich die Patientin wieder Energie und Kraft aufbauen sowie eine Beschwerdelinderung | Vom Aufenthalt erhoffe sich die Patientin wieder Energie und Kraft aufbauen sowie eine Beschwerdelinderung | Vom Aufenthalt erhoffe sich die Patientin wieder Energie und Kraft aufbauen sowie eine Beschwerdelinderung | Vom Aufenthalt erhoffe sich die Patientin wieder Energie und Kraft aufbauen sowie eine Beschwerdelinderung
126,26,26,4.4,Ihr Schlaf sei vor allem durch Durchschlafstörungen beeinträchtigt. | Ihr Schlaf sei vor allem durch Durchschlafstörungen beeinträchtigt. | Ihr Schlaf sei vor allem durch Einschlafstörungen beeinträchtigt. | Ihr Schlaf sei meistens von Durchschlafstörungen gestört. | Ihr Schlaf sei meistens von Durchschlafstörungen gestört.
56,25,25,4.2,In den Beziehungen zu anderen sei sie zurückhaltend geworden. | In den Beziehungen zu anderen sei sie zurückhaltend geworden. | In den Beziehungen zu anderen sei sie zurückhaltend geworden. | In den Beziehungen zu anderen sei sie zurückhaltend geworden. | In den Beziehungen zu anderen sei sie zurückhaltend geworden.
57,27,25,4.2,"Bei Aufnahmegespräch berichtet der Patient, dass sie auf dem Hintergrund durchgemachten Corona-Infektion im März 2022 unter einer ausgeprägten psychophysischen Erschöpfung zu leiden. | Bei Aufnahmegespräch berichtet die Patientin, dass sie auf dem Hintergrund durchgemachten Corona-Infektionen im März 2022 unter einer ausgeprägten psychophysischen Erschöpfung zu leiden. | Bei Aufnahmegespräch berichtet die Patientin, dass sie auf dem Hintergrund durchgemachten Corona-Infektionen im Februar 2022 unter einer ausgeprägten psychophysischen Erschöpfung zu leiden. | Bei Aufnahmegespräch berichtet der Patient, dass er auf dem Hintergrund durchgemachten Corona-Infektion im November 2022 unter einer ausgeprägten psychophysischen Erschöpfung zu leiden. | Bei Aufnahmegespräch berichtet der Patient, dass er auf dem Hintergrund durchgemachten Corona-Infektion im April 2022 unter einer ausgeprägten psychophysischen Erschöpfung zu leiden."
78,25,24,4.1,Im Vordergrund der psychischen Komponente steht eine depressive Symptomatik. | Im Vordergrund der psychischen Komponente steht eine depressive Symptomatik. | Im Vordergrund der psychischen Komponente steht eine depressive Symptomatik. | Im Vordergrund der psychischen Komponente steht eine depressive Symptomatik. | Im Vordergrund der psychischen Komponente steht eine depressive Symptomatik.
127,24,24,4.1,Ihr Schlaf sei von Durchschlafstörungen gestört. | Ihr Schlaf sei von Durchschlafstörungen gestört. | Ihr Schlaf sei von Durchschlafstörungen gestört. | Ihr Schlaf sei von Durchschlafstörungen gestört. | Ihr Schlaf sei von Durchschlafstörungen gestört.
42,24,24,4.1,"Vom Aufenthalt erhoffe sich der Patient, wieder Energie und Kraft aufbauen zu können sowie eine Beschwerdelinderung. | Vom Aufenthalt erhoffe sich der Patient, wieder Energie und Kraft aufbauen zu können sowie eine Beschwerdelinderung. | Vom Aufenthalt erhoffe sich der Patient, wieder Energie und Kraft aufbauen zu können sowie eine Beschwerdelinderung. | Vom Aufenthalt erhoffe sich der Patient, wieder Energie und Kraft aufbauen zu können sowie eine Beschwerdelinderung. | Vom Aufenthalt erhoffe sich der Patient, wieder Energie und Kraft aufbauen zu können sowie eine Beschwerdelinderung."
138,23,23,3.9,Sie leide unter innere Unruhe. | Sie leide unter innere Unruhe. | Sie leide unter innere Unruhe. | Sie leide unter innere Unruhe. | Sie leide unter innere Unruhe.
102,23,23,3.9,Weiterhin berichtet er über Konzentrations- und Merkfähigkeitsstörungen. | Weiterhin berichtet er über Konzentrations- und Merkfähigkeitsstörungen. | Weiterhin berichtet er über Konzentrations- und Merkfähigkeitsstörungen. | Weiterhin berichtet er über Konzentrations- und Merkfähigkeitsstörungen. | Weiterhin berichtet er über Konzentrations- und Merkfähigkeitsstörungen.
69,24,23,3.9,"Verschlechterung durch Kälte, Feuchtigkeit, Wind und im Winter. | Verschlechterung durch Kälte, Feuchtigkeit, Wind und im Winter. | Verschlechterung durch Kälte, Feuchtigkeit, Wind und im Winter. | Verschlechterung durch Kälte, Feuchtigkeit, Wind und im Winter. | Verschlechterung durch Kälte, Feuchtigkeit, Wind und im Winter."
136,22,22,3.7,Er leidet häufig unter innere Unruhe. | Er leidet häufig unter innere Unruhe. | Er spüre häufig innere Unruhe. | Er spüre häufig innere Unruhe. | Er leide häufig unter innere Unruhe.
87,21,21,3.5,Sie fühle sich häufig energielos. | Sie fühle sich häufig energielos. | Sie fühle sich häufig energielos. | Sie fühle sich häufig energielos. | Sie fühle sich häufig energielos.
180,22,21,3.5,"Ferner berichtet die Patientin über seit vielen Jahren bestehende Kopfschmerzen, die überwiegend am Scheitel lokalisiert sind. | Kurz gefasst leide die Patientin seit vielen Jahren unter Kopfschmerzen, die in zwei Kopfschmerzarten auftreten, zu leiden. | Weiterhin leide die Patientin seit Jahren unter chronischen Kopfschmerzen, die in Form von Migräne oder Spannungskopfschmerzen auftreten. | Darüber hinaus leidet die Patientin unter starken Kopfschmerzen, Darüber hinaus leidet die Patientin seit Jahren unter Kopfschmerzen, die nach ihrer Aussage in letzter Zeit etwas milder geworden sind als früher. | Zudem berichtet sie vielen Jahren unter Kopfschmerzen zu leiden."
134,21,21,3.5,"Stimmung sei schwankend, häufig gedrückt. | Stimmung sei schwankend, häufig gedrückt. | Stimmung sei schwankend, häufig gedrückt. | Stimmung sei schwankend, häufig gedrückt. | Stimmung sei schwankend, häufig gedrückt."
67,24,21,3.5,"Die Schmerzintensität beträgt nach der VAS (0 – 10 Punkte) 7-8 Punkte. | Die Schmerzintensität beträgt nach der VAS (0 – 10 Punkte) 7,5 Punkte. | Die Schmerzintensität beträgt nach der VAS (0 – 10 Punkte) 7 Punkte. | Die Schmerzen werden als stechend beschreiben und erreichen Werte nach der VAS (0 – 10 Punkte) von 7 – 8 Punkten. | Die Schmerzintensität beträgt nach der Visuellen Analogskala (= VAS, 0 – 10 Punkte) 6-7Punkte."
139,21,20,3.4,Lokale wärme sowie Krankengymnastik könne die Schmerzen kurzzeitig lindern. | Lokale wärme sowie Krankengymnastik könne die Schmerzen kurzzeitig lindern. | Nach Angaben des Patienten lindert lokale Wärme die Schmerzen. | Unter lokaler Wärmetherapie lässt der Schmerz etwas nach. | Unter lokaler Wärmetherapie lässt der Schmerz etwas nach.
1,20,20,3.4,Zudem berichtet sie über Freud- und Interessenverlust. | Zudem berichtet sie über Freud- und Interessenverlust. | Zudem berichtet sie über Freud- und Interessenverlust. | Zudem berichtet sie über Freud- und Interessenverlust. | Zudem berichtet sie über Freud- und Interessenverlust.
167,20,20,3.4,Linderung durch Wärme sowie manuelle Therapie. | Linderung durch Wärme sowie manuelle Therapie. | Linderung durch Wärme sowie manuelle Therapie. | Linderung durch Wärme sowie manuelle Therapie. | Linderung durch Wärme sowie manuelle Therapie.
91,19,19,3.2,"Sie habe oft das Gefühl, dass sie langsam keine Kraft mehr habe. | Sie habe oft das Gefühl, dass sie langsam keine Kraft mehr habe. | Sie habe oft das Gefühl, dass sie langsam keine Kraft mehr habe. | Sie habe oft das Gefühl, dass sie langsam keine Kraft mehr habe. | Sie habe oft das Gefühl, dass sie langsam keine Kraft mehr habe."
142,19,19,3.2,"Die Patientin berichtet, sich häufig erschöpft zu fühlen und ihre Belastungsgrenze deutlich früher zu erreichen als zuvor. | Der Patient berichtet, sich häufig erschöpft zu fühlen und seine Belastungsgrenze deutlich früher zu erreichen als zuvor. | Die Patientin berichtet, sich häufig erschöpft zu fühlen und ihre Belastungsgrenze deutlich früher als zuvor zu erreichen. | Die Patientin berichtet, sich häufig erschöpft zu fühlen und ihre Belastungsgrenze deutlich früher als zuvor zu erreichen. | Die Patientin berichtet, sich häufig erschöpft zu fühlen und ihre Belastungsgrenze deutlich früher als zuvor zu erreichen."
111,19,19,3.2,Den aktuellen Zustand beschreibt sie als eine Verminderung des Antriebs und der Leistungsfähigkeit. | Den aktuellen Zustand beschreibt sie als eine Verminderung des Antriebs und der Leistungsfähigkeit. | Den aktuellen Zustand beschreibt sie als eine Verminderung des Antriebs und der Leistungsfähigkeit. | Den aktuellen Zustand beschreibt sie als eine Verminderung des Antriebs und der Leistungsfähigkeit. | Den aktuellen Zustand beschreibt sie als eine Verminderung des Antriebs und der Leistungsfähigkeit.
31,19,19,3.2,"Tinnitus sei intermittierend vorhanden. | Tinnitus sei intermittierend vorhanden. | Tinnitus sei intermittierend vorhanden. | Tinnitus sei intermittierend vorhanden. | Der Tinnitus sei beidseitig vorhanden, dauerhaft spürbar und schwanke in seiner Intensität."
176,19,19,3.2,"Hinsichtlich weiteren somatischer Beschwerden berichtet die Patientin seit Jahren unter Kopfschmerzen, die in zwei Kopfschmerzarten auftreten, zu leiden. | Hinsichtlich weiteren somatischer Beschwerden berichtet die Patientin seit über dreißig Jahren unter chronischen Kopfschmerzen, die in Form von Migräne oder Spannungskopfschmerzen auftreten, zu leiden. | Hinsichtlich weiterer somatischer Beschwerden berichtet die Patientin seit 3-4 Jahren unter Kopfschmerzen, die sich in der letzten 2 Jahren deutlich verschlechtern haben, zu leiden. | Hinsichtlich somatischer Beschwerden berichtet die Patientin seit über dreißig Jahren unter chronischen Kopfschmerzen, die in Form von Migräne oder Spannungskopfschmerzen auftreten, zu leiden. | Hinsichtlich weiterer somatischer Beschwerden berichtet der Patient, seit Jahren unter Kopfschmerzen zu leiden, die in zwei unterschiedlichen Kopfschmerzarten auftreten."
74,18,18,3.0,Es wird eine Reizdarmsyndrom vermutet. | Es wird eine Reizdarmsyndrom vermutet. | Es wird eine Reizdarmsyndrom vermutet. | Es wird eine Reizdarmsyndrom vermutet. | Es wird eine Reizdarmsyndrom vermutet.
11,18,18,3.0,"Vom Aufenthalt erhoffe sie, dass die chronischen Beschwerden auf ein erträgliches Niveau verbessert werden | Vom Aufenthalt erhoffe sie, dass die chronischen Beschwerden auf ein erträgliches Niveau verbessert werden | Vom Aufenthalt erhoffe sie, dass die chronischen Beschwerden auf ein erträgliches Niveau verbessert werden | Vom Aufenthalt erhoffe sie, dass die chronischen Beschwerden auf ein erträgliches Niveau verbessert werden | Vom Aufenthalt erhoffe sie, dass die chronischen Beschwerden auf ein erträgliches Niveau verbessert werden"
44,18,18,3.0,Vom Aufenthalt erhoffe die Patientin wieder Energie und Kraft aufbauen sowie eine Beschwerdenlinderung. | Vom Aufenthalt erhoffe die Patientin wieder Energie und Kraft aufbauen sowie eine Beschwerdenlinderung. | Vom Aufenthalt erhoffe die Patientin wieder Energie und Kraft aufbauen sowie eine Beschwerdenlinderung. | Vom Aufenthalt erhoffe die Patientin wieder Energie und Kraft aufbauen sowie eine Beschwerdenlinderung. | Vom Aufenthalt erhoffe die Patientin wieder Energie und Kraft aufbauen sowie eine Beschwerdenlinderung.
40,18,18,3.0,"Vom Aufenthalt erhoffe sich der Patient, wieder Energie und Kraft aufbauen sowie eine Beschwerdelinderung. | Vom Aufenthalt erhoffe sich der Patient, wieder Energie und Kraft aufbauen sowie eine Beschwerdelinderung. | Vom Aufenthalt erhoffe sich der Patient, wieder Energie und Kraft aufbauen sowie eine Beschwerdelinderung. | Vom Aufenthalt erhoffe sich der Patient, wieder Energie und Kraft aufbauen sowie eine Beschwerdelinderung. | Vom Aufenthalt erhoffe sich der Patient, wieder Energie und Kraft aufbauen sowie eine Beschwerdelinderung."
187,22,18,3.0,"Die Schmerzen werden als ziehend beschrieben, in letzter Zeit mit Ausstrahlung entlang der Rückseite des linken Oberschenkels bis zur Kniekehle. | Im Bereich der Lendenwirbelsäule bestünden ebenfalls intermittierende, ziehende Schmerzen mit gelegentlicher Ausstrahlung in die Rückseite des rechten Oberschenkels. | Zusätzlich bestehen Schmerzen, die auf die Rückseite des linken Oberschenkels bis zur Kniekehle ausstrahlen. | Die Schmerzen seien überwiegend im Hinterkopf- sowie Stirnbereich lokalisiert und würden beidseits in die Schläfen ausstrahlen. | Schmerzen werden intermittierend vorhanden und als ziehenden empfunden mit Ausstrahlung in den Hinterkopf links."
212,18,18,3.0,Schmerzen werden als ziehenden sowie stechenden empfunden. | Schmerzen werden als ziehenden sowie stechenden empfunden. | Schmerzen werden als ziehenden sowie stechenden empfunden. | Schmerzen werden als ziehenden sowie stechenden empfunden. | Schmerzen werden als ziehende sowie stechenden empfunden.
184,18,18,3.0,"Schmerzen werden als stechenden, kribbelnden sowie brennenden empfunden. | Die Schmerzen werden als ziehend und brennend empfunden. | Schmerzen werden als ziehenden, stechenden und brennenden empfunden. | Die Schmerzen werden als brennend und pochend sowie ziehenden empfunden. | die Schmerzen seien brennend und ziehend."
0,18,18,3.0,Energieniveau: 40 %. | Energieniveau: 40 %. | Energieniveau: 40 %. | Energieniveau: 20 %. | Das Energieniveau läge nur noch bei 20-30 %.
186,18,18,3.0,"Die Schmerzen seien meist lokal, jedoch in letzter Zeit mit Ausstrahlung in beide Beine hinten und in die Leiste vorne, rechtsbetont. | Die Schmerzen seien meistens lokal, jedoch in letzter Zeit mit Ausstrahlung in beiden Beinen. | Die Schmerzen seien meistens lokal, jedoch in letzter Zeit mit Ausstrahlung in beiden Beinen. | Die Schmerzen seien meistens lokal, jedoch in letzter Zeit mit Ausstrahlung in das rechten Bein. | Die Schmerzen seien meistens lokal, jedoch in letzter Zeit mit Ausstrahlung in das rechte Bein bis zum Fuß."
129,17,17,2.9,Sie fühle sich fast immer angespannt sowohl körperlich als auch seelisch. | Sie fühle sich fast immer angespannt sowohl körperlich als auch seelisch. | Sie fühle sich fast immer angespannt sowohl körperlich als auch seelisch. | Sie fühle sich nahezu ständig angespannt – sowohl körperlich als auch psychisch. | Sie fühle sich nahezu ständig angespannt – sowohl körperlich als auch psychisch.
94,17,17,2.9,"Die Schmerzen sein auch in der Nacht vorhanden und sie wache aufgrund dieser auch häufig auf. | Die Schmerzen treten oft auch nachts auf. | Die Schmerzen treten oft auch nachts auf. | Der Patient fügt hinzu, dass die Schmerzen sehr oft abends auftreten. | Manchmal treten auch nachts Schmerzen auf."
123,17,17,2.9,Stimmung sei schwankend. | Stimmung sei schwankend. | Stimmung sei schwankend. | Stimmung sei schwankend. | Stimmung sei schwankend.
75,17,17,2.9,"Der Patient leidet sehr unter seiner chronischen Beschwerdesymptomatik, und seine Stimmung und Energie seien dadurch sehr beeinträchtigt. | Der Patient leidet sehr unter seiner chronischen Beschwerdesymptomatik und seine Stimmung und Energie seien dadurch sehr beeinträchtigt. | Der Patient leidet unter seiner chronischen Beschwerdesymptomatik und seine Stimmung und Energie seien dadurch beeinträchtigt. | Der Patient leidet sehr unter ihrer chronischen Beschwerdesymptomatik und ihre Stimmung und Energie seien dadurch sehr beeinträchtigt. | Der Patient plagt unter chronische Beschwerdensymptomatik und seine Stimmung und Energie seien dadurch beeinflussen."
65,17,17,2.9,"Dabei sind vor allem Finger- und Handgelenke sowie Knie und Fußgelenke befallen. | Dabei sind vor allem Finger- und Handgelenke, Knie sowie Fußgelenke befallen. | Befallen sein vor allem beiden Schultergelenke, Hand- und Fingergelenke sowie Fuß- und Zehengelenken. | Dabei seien vor allem die Hand- und Fingergelenke sowie Fuß- und Zehengelenke befallen. | Die am meisten betroffenen Gelenke sind Finger-, Hand-, Schulter-, Hüft- sowie Fußgelenke."
48,17,17,2.9,"Am schlimmsten betroffen seien die gesamte Wirbelsäule, beide Schultern und Arme, beide Oberschenkel, Kniegelenke sowie beide Fußgelenke. | Am schlimmsten betroffen seien Schulter-Nacken-Bereich, die Arme und Ellenbogen, die LWS, die Leisten sowie die Füße. | Am schlimmsten seien betroffen Schulter-Nacken-Bereich, der Armen und Ellenbogen, der LWS, der Leisten sowie der Füße. | Am schlimmsten seien betroffen Schultern und Oberarmen, der LWS sowie Oberschenkel und Füßen. | Am schlimmsten seien betroffen Schulter-Nacken-Bereich, der Armen und Ellenbogen, der LWS, Bauchraum, der Leisten sowie der Füße."
73,17,17,2.9,"Zudem schildert der Patient wiederkehrende „Crash“-Phasen mit abruptem Energieverlust sowie eine persistierende „Brain Fog“-Symptomatik im Sinne einer kognitiven Verlangsamung, Merkfähigkeitsstörungen, Konzentrationsstörungen und einem Gefühl geistiger Benommenheit. | Zudem berichtet die Patientin über wiederkehrende „Crash“-Phasen mit plötzlichem Energieverlust sowie über eine anhaltende „Brain Fog“-Symptomatik im Sinne von kognitiver Verlangsamung, Konzentrationsstörungen und einem Gefühl geistiger Benommenheit. | Zudem berichtet die Patientin über wiederkehrende „Crash“-Phasen mit plötzlichem Energieverlust sowie über eine anhaltende „Brain Fog“-Symptomatik im Sinne von kognitiver Verlangsamung, Konzentrationsstörungen und einem Gefühl geistiger Benommenheit. | Zudem schildert der Patient wiederkehrende „Crash“-Phasen mit abruptem Energieverlust sowie eine persistierende „Brain Fog“-Symptomatik im Sinne einer kognitiven Verlangsamung, Konzentrationsstörungen und einem Gefühl geistiger Benommenheit. | Die Patientin berichtet über ausgeprägte postbelastungsinduzierte Verschlechterungen (sog. „Crashs“) mit starker Leistungseinbrüchen nach körperlicher oder geistiger Aktivität sowie über anhaltende kognitive Einschränkungen im Sinne von „Brain Fog“ mit Konzentrationsstörungen, verlangsamtem Denken und Wortfindungsstörungen."
12,16,16,2.7,"Vom Aufenthalt erhoffe er sich, dass die chronischen Beschwerden auf ein erträgliches Niveau verbessert werden. | Vom Aufenthalt erhoffe er sich, dass die chronischen Beschwerden auf ein erträgliches Niveau verbessert werden. | Vom Aufenthalt erhoffe er sich, dass die chronischen Beschwerden auf ein erträgliches Niveau verbessert werden. | Vom Aufenthalt erhoffe er sich, dass die chronischen Beschwerden auf ein erträgliches Niveau verbessert werden. | Vom Aufenthalt erhoffe er sich, dass die chronischen Beschwerden auf ein erträgliches Niveau verbessert werden."
59,18,16,2.7,Derzeit treten die Migräneanfälle etwa einmal im Monat oder einmal alle zwei Monate auf und dauern etwa 2-3 Tage. | Die Migräneanfälle würden ca. 1-2 Mal in im Monat auftreten und dauern meistens bis zu 2-3 Tage lang. | Die Migräneanfälle würden ca. 1-2 Mal in im Monat auftreten und dauern meistens bis zu 2-3 Tage lang. | Aktuell treten Migräneanfälle etwa zweimal pro Monat auf und dauern jeweils rund zwei Tage. | Aktuell treten Migräneanfälle ein- bis zweimal monatlich auf.
58,18,16,2.7,Wärme würde hier als angenehme empfunden. | Wärme würde hier als angenehme empfunden. | Wärme würde hier als angenehme empfunden. | Wärme würde hier als angenehme empfunden. | Wärme würde hier als angenehme empfunden.
190,16,16,2.7,Zudem leide der Patient seit über vielen Jahren unter intermittierend Schmerzen im LWS-Bereich. | Zudem leide der Patient seit Jahren unter intermittierenden Schmerzen im LWS-Bereich. | Zudem leide der Patient seit Jahren unter intermittierenden Schmerzen im LWS-Bereich. | Zudem leide die Patientin vielen Jahren unter intermittierend zunehmende Schmerzen im LWS-Bereich. | Zudem leidet der Patient seit 4-5 Jahren unter intermittierend zunehmenden Schmerzen im LWS-Bereich.
207,16,16,2.7,Schmerzen werden von fast ständiger Nacken-Schulter-Verspannung begleitend. | Schmerzen werden von fast ständiger Nacken-Schulter-Verspannung begleitend. | Schmerzen werden von fast ständiger Nacken-Schulter-Verspannung begleitend. | Schmerzen werden von fast ständiger Nacken-Schulter-Verspannung begleitend. | Schmerzen werden von ständiger Nacken-Schulter-Verspannung begleitend.
202,16,16,2.7,"Hinsichtlich körperlicher Beschwerden berichtet die Patientin über seit vielen Jahren bestehende Schmerzen im Bereich der Halswirbelsäule. | Hinsichtlich weiteren somatischen Beschwerden berichtet die Patientin über seit Jahren bestehende chronische Schmerzen im Bereich der Halswirbelsäule. | Hinsichtlich weiteren somatischen Beschwerden berichtet die Patientin über seit Jahren bestehende chronische Schmerzen im Bereich der Halswirbelsäule. | Des Weiteren berichtet die Patientin, dass sie seit vielen Jahren unter intermittierenden Schmerzen im Bereich der Lendenwirbelsäule leidet. | Bei Aufnahmegespräch berichtet die Patientin über zehn Jahren unter intermittierenden Oberbauchschmerzen von drückendem Schmerzcharakter zu leiden."
131,18,16,2.7,"Wärme, Liegen und Ablenkung führen zur Linderung. | Besserung durch Wärme. | Linderung erfahre sie durch Wärme und Bewegung. | Besserung durch die Wärme. | Linderung durch Wärme sowie Bewegung."
182,16,15,2.5,"Zudem berichtet die Patientin über beidseitige Knieschmerzen von pochender sowie ziehender Schmerzqualität, die insbesondere unter Belastung auftreten. | Ferner berichtet die Patientin über seit vielen Jahren bestehende belastungsabhängige Schmerzen im rechten Kniegelenk. | Weiteren behandlungsbedürftige Beschwerden sind belastungabhängigen pochenden Knieschmerzen sowie drückenden Hüftschmerzen beidseits. | Weiteren behandlungsbedürftige Beschwerden sind belastungabhängigen ziehenden Knieschmerzen beidseits sowie ziehenden Schulterschmerzen links. | Zudem berichtet die Patientin über seit Jahren bestehende, intermittierende Knieschmerzen, aktuell verstärkt linksbetont bei Belastung, Schmerzqualität eher dumpf."
188,17,15,2.5,Die Schmerzsymptomatik sei deutlich von Fehlhaltung sowie von Stress abhängig. | Die Schmerzsymptomatik sei deutlich von Fehlhaltung sowie von Stress abhängig. | Die Schmerzsymptomatik sei deutlich von Fehlhaltung sowie von Stress abhängig. | Die Schmerzsymptomatik sei deutlich von Fehlhaltung sowie von Stress abhängig. | Die Schmerzsymptomatik sei deutlich von Fehlhaltung sowie von Stress abhängig.
122,15,15,2.5,Sein Schlaf sei von Durchschlafstörungen gestört. | Sein Schlaf sei von Durchschlafstörungen gestört. | Sein Schlaf sei von Durchschlafstörungen gestört. | Sein Schlaf sei von Durchschlafstörungen gestört. | Sein Schlaf sei von Durchschlafstörungen gestört.
192,15,15,2.5,"Hinsichtlich weiteren somatischer Beschwerden berichtet die Patientin seit über 2-3 Jahren unter Ganzkörperschmerzen zu leiden. | Hinsichtlich weiteren somatischer Beschwerden berichtet die Patientin seit über 8-10 Jahren unter Ganzkörperschmerzen zu leiden. | Hinsichtlich weiteren somatischer Beschwerden berichtet der Patient seit 3-4 Jahren unter Hüfteschmerzen beidseits zu leiden. | Hinsichtlich weiteren somatischer Beschwerden berichtet die Patientin seit über zwanzig Jahren unter Ganzkörperschmerzen zu leiden. | Hinsichtlich der somatischen Beschwerden berichtet die Patientin, seit Jahren unter Berührungsschmerzen in beiden Oberschenkeln zu leiden."
2,15,15,2.5,Hier ist eine ausgeprägte Überforderung mit Burn out zu beklagen. | Hier ist eine ausgeprägte Überforderung mit Burn out zu beklagen. | Hier ist eine ausgeprägte Überforderung mit Burn out zu beklagen. | Hier ist eine ausgeprägte Überforderung mit Burn out zu beklagen. | Hier ist eine ausgeprägte Überforderung mit Burn out zu beklagen.
79,15,15,2.5,Begleitend bestehen ausgeprägte muskuläre Verspannungen im Nacken-Schulter-Bereich. | Begleitend bestehen ausgeprägte muskuläre Verspannungen im Nacken-Schulter-Bereich. | Begleitend bestehen ausgeprägte muskuläre Verspannungen im Nacken-Schulter-Bereich. | Zusätzlich bestehen anhaltende muskuläre Verspannungen im Nacken-Schulter-Bereich. | Zudem werden rezidivierende muskuläre Verspannungen im Schulter-Nacken-Bereich sowie im Bereich der Lendenwirbelsäule angegeben.
52,15,15,2.5,In sozialen Beziehungen habe sie sich zunehmend zurückgezogen. | In sozialen Beziehungen habe sie sich zunehmend zurückgezogen. | In sozialen Beziehungen habe sie sich zunehmend zurückgezogen. | Im sozialen Kontext habe sie sich zunehmend zurückgezogen. | Im sozialen Kontext habe sie sich zunehmend zurückgezogen.
39,15,15,2.5,"Vom Aufenthalt erhoffe sich die Patientin, wieder Energie und Kraft aufbauen sowie eine Beschwerdelinderung. | Vom Aufenthalt erhoffe sich die Patientin, wieder Energie und Kraft aufbauen sowie eine Beschwerdelinderung. | Vom Aufenthalt erhoffe sich die Patientin, wieder Energie und Kraft aufbauen sowie eine Beschwerdelinderung. | Vom Aufenthalt erhoffe die Patientin, wieder Energie und Kraft aufzubauen sowie eine Beschwerdelinderung. | Vom Aufenthalt erhoffe die Patientin, wieder Energie und Kraft aufzubauen sowie eine Beschwerdelinderung."
148,15,15,2.5,"Sie berichtet, dass sie sich sehr erschöpft fühle und ihre Belastbarkeitsgrenze sei viel schneller als vorher erreicht. | Sie berichtet, dass sie sich sehr erschöpft fühle und ihre Belastbarkeitsgrenze sei viel schneller als vorher erreicht. | Sie berichtet, dass sie sich sehr erschöpft fühle und ihre Belastbarkeitsgrenze sei viel schneller als vorher erreicht. | Sie berichtet, dass sie sich sehr erschöpft fühle und ihre Belastbarkeitsgrenze sei viel schneller als vorher erreicht. | Sie berichtet, dass sie sich sehr erschöpft fühle und ihre Belastbarkeitsgrenze sei viel schneller als vorher erreicht."
32,14,14,2.4,"Es gelingt ihr kaum, Nötigste zu schaffen. | Es gelingt ihr kaum, Nötigste zu schaffen. | Es gelingt ihr kaum, Nötigste zu schaffen. | Es gelingt ihr kaum, Nötigste zu schaffen. | Es gelingt ihr kaum, Nötigste zu schaffen."
121,14,14,2.4,Darüber hinaus ist sein Schlaf von Ein- und Durchschlafstörungen gestört. | Weiterhin sei ihn Schlaf von ausgeprägten Ein- und Durchschlafstörungen gestört. | Sein Schlaf sei von Ein- und Durchschlafstörungen gestört. | Sein Schlaf sei von Ein- und Durchschlafstörungen gestört. | Sein Schlaf sei von Ein- und Durchschlafstörungen gestört.
130,14,14,2.4,Sie spüre häufig innere Unruhe und fühle sie sich angespannt sowohl körperlich als auch seelisch. | Sie spüre häufig innere Unruhe und fühle sie sich angespannt sowohl körperlich als auch seelisch. | Sie spüre häufig innere Unruhe und fühle sie sich angespannt sowohl körperlich als auch seelisch. | Sie spüre häufig innere Unruhe und fühle sie sich angespannt sowohl körperlich als auch seelisch. | Sie spüre häufig innere Unruhe und fühle sie sich angespannt sowohl körperlich als auch seelisch.
144,14,14,2.4,"Sie fühle sich häufig erschöpft und ihre Belastbarkeitsgrenze sei schneller als vorher erreicht. | Sie fühle sich häufig erschöpft, ihre Belastbarkeitsgrenze sei deutlich schneller als zuvor erreicht. | Sie fühle sich häufig erschöpft, ihre Belastbarkeitsgrenze sei deutlich schneller als zuvor erreicht. | Sie fühle sich häufig erschöpft, ihre Belastbarkeitsgrenze sei deutlich schneller als zuvor erreicht. | Sie fühle sich häufig sehr erschöpft, und ihre Belastbarkeitsgrenze sei deutlich schneller als früher erreicht."
98,14,14,2.4,Ihre Konzentration sowie Merkfähigkeit seien stark beeinträchtigt. | Ihre Konzentration sowie Merkfähigkeit seien stark beeinträchtigt. | Ihre Konzentration sowie Merkfähigkeit seien stark beeinträchtigt. | Ihre Konzentration sowie Merkfähigkeit seien stark beeinträchtigt. | Ihre Konzentration sowie Merkfähigkeit seien stark beeinträchtigt.
152,14,14,2.4,Seine Leistungsfähigkeit sei deutlich reduziert. | Seine Leistungsfähigkeit sei deutlich reduziert. | Seine Leistungsfähigkeit sei deutlich reduziert. | Seine Leistungsfähigkeit sei deutlich reduziert. | Seine Leistungsfähigkeit sei reduziert.
103,14,14,2.4,Weiterhin berichtet sie über Konzentrationsstörungen. | Weiterhin berichtet sie über Konzentrationsstörungen. | Weiterhin berichtet sie über Konzentrationsstörungen. | Weiterhin berichtet sie über Konzentrationsstörungen. | Weiterhin berichtet sie über Konzentrationsstörungen.
157,14,14,2.4,Seine Leistungsfähigkeit sowie Antrieb seien eingeschränkt. | Seine Leistungsfähigkeit sowie Antrieb seien eingeschränkt. | Seine Leistungsfähigkeit sowie Antrieb seien eingeschränkt. | Seine Leistungsfähigkeit sowie Antrieb seien eingeschränkt. | Seine Leistungsfähigkeit sowie Antrieb seien eingeschränkt.
200,14,14,2.4,"Es handelt sich um intermittierende Schmerzen mit sehr wenigen schmerzfreien Phasen. | Es handelt sich um intermittierende Schmerzen mit sehr wenigen schmerzfreien Phasen. | Es handelt sich um intermittierende Schmerzen mit sehr wenigen schmerzfreien Phasen. | Aktuell handelt es sich um intermittierende Schmerzen mit wenigen schmerzfreien Phasen von ziehendem sowie stechendem Schmerzcharakter. | Es handelt sich um intermittierende Schmerzen, mit sehr wenigen schmerzfreien Phasen."
158,14,14,2.4,"Aktuell treten die Kopfschmerzen 1x wöchentlich auf und halten mehreren Stunden lang an. | Die Kopfschmerzen treten 2-3 Mal pro Woche auf und halten mehrere Stunden an. | An weiteren körperlichen Beschwerden, nennt der Patient bestehende Kopfschmerzen, die 2-3 Tage in der Woche auftreten und mehreren Stunden lange anhalten. | In der letzten Zeit treten Kopfschmerzen 1-2x pro Woche auf und halten meistens 2-3 Tage lange an. | An weitern körperlichen Beschwerden, nennt die Patientin bestehende Kopfschmerzen, die 3-4x pro Woche auftreten und mehreren Stunden lange anhalten."
194,14,14,2.4,"Des Weiteren berichtet die Patientin unter chronischen Dorsalgien fast in allen Abschnitten der Wirbelsäle, die seit über vielen Jahren bestehen würden, zu leiden. | Des Weiteren berichtet die Patientin unter chronischen Dorsalgien fast in allen Abschnitten der Wirbelsäle, die seit über vielen Jahren bestehen würden, zu leiden. | Des Weiteren berichtet die Patientin unter chronischen Dorsalgien fast in allen Abschnitten der Wirbelsäle, die seit mehreren Jahren bestehen würden, zu leiden. | Darüber hinaus berichtet die Patientin unter chronischen Dorsalgien fast in allen Abschnitten der Wirbelsäle, die seit über vielen Jahren bestehen würden, zu leiden. | Darüber hinaus berichtet die Patientin unter chronischen Dorsalgien fast in allen Abschnitten der Wirbelsäle, die seit über vielen Jahren bestehen würden, zu leiden."
115,14,14,2.4,Verschlechterung durch Belastung sowie Stress. | Verschlechterung durch Belastung sowie Stress. | Verschlechterung oder Auslösung durch Stress. | Verschlechterung oder Auslösung durch Stress. | Verschlechterung oder Auslösung durch Stress.
17,14,14,2.4,"Sie berichtet, dass sich aufgrund sowohl beruflicher als auch familiärer Situation ihr psychophysischer Zustand seit paar Jahren verschlechtert habe. | Sie berichtet, dass sich aufgrund sowohl beruflicher als auch familiärer Situation ihr psychophysischer Zustand seit paar Jahren verschlechtert habe. | Sie berichtet, dass sich aufgrund sowohl beruflicher als auch familiärer Situation ihr psychophysischer Zustand seit zwei Jahren verschlechtert habe. | Sie berichtet, dass sich aufgrund sowohl beruflicher als auch familiärer Situation ihr psychophysischer Zustand seit vier Jahren verschlechtert habe. | Er berichtet, dass sich aufgrund sowohl beruflicher als auch familiärer Situation sein psychophysischer Zustand seit über einem Jahr verschlechtert habe."
89,13,13,2.2,"Oft habe er das Gefühl, dass sie langsam keine Kraft mehr habe. | Oft habe er das Gefühl, dass sie langsam keine Kraft mehr habe. | Oft habe er das Gefühl, dass sie langsam keine Kraft mehr habe. | Oft habe er das Gefühl, dass sie langsam keine Kraft mehr habe. | Oft habe er das Gefühl, dass sie langsam keine Kraft mehr habe."
4,13,13,2.2,Teilweise spüre keine richtige Freude am Leben. | Häufig spüre keine richtige Freude am Leben. | Manchmal spüre keine richtige Freude am Leben. | Manchmal spüre keine richtige Freude am Leben. | Manchmal spüre keine richtige Freude am Leben.
68,13,13,2.2,Verschlechterung vor allem durch längeres Sitzen sowie Liegen. | Die Beschwerden verschlechtern sich durch z.B. langes Sitzen und Stehen. | Die Beschwerden verschlechtern sich durch z.B. langes Stehen und Sitzen oder beim Heben. | Die Beschwerden verschlechtern sich durch z.B. langes Stehen und Sitzen oder beim Heben. | Die Beschwerden verschlechtern sich durch z.B. langes Stehen und Sitzen oder beim Heben.
179,14,13,2.2,Bezüglich Linderung ggf. | Bei der Einnahme von z. | Linderung durch Umschläge (z.B. | Linderung durch Umschläge (z.B. | Linderung durch Umschläge (z.B.
162,14,13,2.2,Manuelle Therapie und Wärme würde diese Symptomatik kurzzeitig lindern. | Manuelle Therapie und Wärme würde diese Symptomatik kurzzeitig lindern. | Manuelle Therapie und Wärme würde diese Symptomatik kurzzeitig lindern. | Manuelle Therapie und Wärme würde diese Symptomatik kurzzeitig lindern. | Manuelle Therapie und Wärme würde diese Symptomatik kurzzeitig lindern.
197,13,13,2.2,"Darüber hinaus gibt der Patient „Verdauungsstörungen“ an, die seit über vielen Jahren bestehen würden. | Darüber hinaus berichtet der Patient, dass bei ihm seit vielen Jahren „Verdauungsprobleme“ bestehen. | Darüber hinaus gibt die Patientin „Verdauungsstörungen“ an, die seit immer wieder über vielen Jahren bestehen würden. | Zudem gibt die Patientin an, seit Jahren unter rezidivierenden Verdauungsbeschwerden zu leiden, welche vor allem im Sinne eines „Reizdarmsyndroms“ imponieren. | Darüber hinaus gibt die Patientin „Verdauungsstörungen“ an, die seit über zehn Jahren bestehen würden."
203,13,13,2.2,Stechenden Schmerzcharakter. | Stechenden Schmerzcharakter. | Stechenden Schmerzcharakter. | Schmerzcharakter ziehend. | Drückender Schmerzcharakter.
210,15,13,2.2,Schmerzen werden als dumpf sowie stechend empfunden. | Schmerzen werden als dumpf empfunden. | Die Schmerzen werden als dumpf empfunden. | Die Schmerzen werden als dumpf empfunden. | Die Schmerzen werden als dumpf empfunden.
96,14,13,2.2,"Schmerzverstärkend seien Wetterumschwung, Kälte sowie körperliche oder psychische Überlastung. | Schmerzverstärkend wirken Gehen, Stehen, Kälte, Stress, Berührung und Wetterwechsel. | Schmerzverstärkend seien Stress und Kälte. | Im Gegenteil Kälte und Stress verschlechtert die Schmerzen deutlich. | Die Schmerzen werden durch Belastung und Kälte verschlimmert."
205,13,13,2.2,Im Nacken-Schulterbereich handle es sich um intermittierende Schmerzen von ziehender Schmerzqualität. | Im Nacken-Schulterbereich handle es sich um intermittierende Schmerzen von ziehender Schmerzqualität. | Im Nacken-Schulterbereich handle es sich um intermittierende Schmerzen von ziehender Schmerzqualität. | Im Nacken-Schulterbereich handle es sich um intermittierende Schmerzen von ziehender Schmerzqualität. | Im Nacken-Schulterbereich handle es sich um intermittierende Schmerzen von ziehender Schmerzqualität.
114,13,13,2.2,Der Patient kommt zu stationäre Aufnahme mit einem komplexen psychosomatischen Krankheitsbild. | Der Patient kommt zu stationäre Aufnahme mit einem komplexen psychosomatischen Krankheitsbild. | Der Patient kommt zu stationäre Aufnahme mit einem komplexen psychosomatischen Krankheitsbild. | Der Patient kommt zu stationäre Aufnahme mit einem komplexen psychosomatischen Krankheitsbild. | Der Patient kommt zu stationäre Aufnahme mit einem komplexen psychosomatischen Krankheitsbild.
146,12,12,2.0,"Sie berichtet, dass sie sich erschöpft fühle und ihre Belastbarkeitsgrenze sei schneller als vorher erreicht. | Sie berichtet, dass sie sich erschöpft fühle und ihre Belastbarkeitsgrenze sei schneller als vorher erreicht. | Sie berichtet, dass sie sich erschöpft fühle und ihre Belastbarkeitsgrenze sei schneller als vorher erreicht. | Sie berichtet, dass sie sich erschöpft fühle und ihre Belastbarkeitsgrenze sei schneller als vorher erreicht. | Sie berichtet, dass sie sich erschöpft fühle und ihre Belastbarkeitsgrenze sei schneller als vorher erreicht."
128,12,12,2.0,"Stimmung sie schwankend, teilweise gedrückt. | Stimmung sie schwankend, teilweise gedrückt. | Stimmung sie schwankend, teilweise gedrückt. | Stimmung sie schwankend, teilweise gedrückt. | Stimmung sie schwankend, teilweise gedrückt."
215,12,12,2.0,Schmerzen werden als ziehenden empfunden. | Schmerzen werden als ziehenden empfunden. | Schmerzen werden als ziehenden empfunden. | Schmerzen werden als ziehenden empfunden. | Schmerzen werden als ziehenden empfunden.
211,12,12,2.0,Die Schmerzen werden als stechend beschrieben. | Die Schmerzen werden als ziehend beschrieben. | Die Schmerzen werden als ziehend beschrieben. | Die Schmerzen werden als ziehend beschrieben. | Der Schmerz wird als ziehend beschrieben.
164,12,12,2.0,"Wärme und manuelle Therapie würden zur kurzzeitigen Linderung führen. | Wärme und manuelle Therapie würden zur kurzzeitigen Linderung führen. | Wärme, manuelle Therapien würden zur kurzzeitigen Linderung führen. | Wärme, manuelle Therapien würden zur kurzzeitigen Linderung führen. | Wärme und manuelle Therapie würden zur kurzeitigen Linderung führen."
198,12,12,2.0,Schmerzqualität sei stechend sowie ziehend. | Schmerzqualität sei stechend sowie ziehend. | Schmerzqualität sei ziehend und stechend. | Schmerzqualität sei ziehend und stechend. | Schmerzqualität sei ziehend und stechend.
153,12,12,2.0,Leistungsfähigkeit und Antrieb seien merklich reduziert. | Leistungsfähigkeit und Antrieb seien merklich reduziert. | Leistungsfähigkeit und Antrieb seien merklich reduziert. | Leistungsfähigkeit und Antrieb seien merklich reduziert. | Leistungsfähigkeit und Antrieb seien merklich reduziert.
171,12,12,2.0,Im Vordergrund stehen ein chronisches Müdigkeitssyndrom sowie eine chronische Schmerzproblematik. | Im Vordergrund stehen ein chronisches Müdigkeitssyndrom sowie eine chronische Schmerzproblematik. | Im Vordergrund stehen ein chronisches Müdigkeitssyndrom sowie eine chronische Schmerzproblematik. | Im Vordergrund stehen ein chronisches Müdigkeitssyndrom sowie eine chronische Schmerzproblematik. | Im Vordergrund stehen ein chronisches Müdigkeitssyndrom und eine chronische Schmerzproblematik.
119,13,12,2.0,Schmerzlindernde sowie schmerzverstärkende Faktoren sind der Patientin nicht bekannt. | Schmerzlindernde sowie schmerzverstärkende Faktoren sind der Patientin nicht bekannt. | Schmerzlindernde sowie schmerzverstärkende Faktoren sind der Patientin nicht bekannt. | Schmerzlindernde sowie schmerzverstärkende Faktoren sind der Patientin nicht bekannt. | Schmerzlindernde sowie schmerzverstärkende Faktoren sind der Patientin nicht bekannt.
109,12,12,2.0,"Kurz gefasst leide die Patientin seit ihre Jungend unter Migräneanfällen. | Kurzgefasst leide der Patient seit seiner Jungend unter Migräneanfällen, aktuell über 20 Migräne-Tage pro Monat. | Kurzgefasst leide der Patient seit seiner Jungend unter Migräneanfällen, aktuell ca. 20 Migräne-Tage pro Monat. | Kurzgefasst leide der Patient seit seiner Jungend unter Migräneanfällen, aktuell ca. 20 Migräne-Tage pro Monat. | Zudem berichtet die Patientin seit über vielen Jahren unter Migräneanfällen zu leiden."
105,12,12,2.0,Weiterhin berichtet sie über Konzentrations- sowie Merkfähigkeitsstörungen. | Weiterhin berichtet sie über Konzentrations- sowie Merkfähigkeitsstörungen. | Weiterhin berichtet sie über Konzentrations- sowie Merkfähigkeitsstörungen. | Weiterhin berichtet sie über Konzentrations- sowie Merkfähigkeitsstörungen. | Weiterhin berichtet sie über Konzentrations- sowie Merkfähigkeitsstörungen.
149,12,12,2.0,"Ihr Antrieb sowie ihre Leistungsfähigkeit seien deutlich reduziert, sie fühle sich häufig müde und ihre Belastbarkeitsgrenze sei schneller als vorher erreicht. | Ihr Antrieb sowie ihre Leistungsfähigkeit seien deutlich reduziert, sie fühle sich häufig müde und ihre Belastbarkeitsgrenze sei schneller als vorher erreicht. | Ihr Antrieb sowie ihre Leistungsfähigkeit seien deutlich reduziert, sie fühle sich häufig müde und ihre Belastbarkeitsgrenze sei schneller als vorher erreicht. | Ihr Antrieb sowie ihre Leistungsfähigkeit seien deutlich reduziert, sie fühle sich häufig müde und ihre Belastbarkeitsgrenze sei schneller als vorher erreicht. | Ihr Antrieb sowie ihre Leistungsfähigkeit seien deutlich reduziert, sie fühle sich häufig müde und ihre Belastbarkeitsgrenze sei schneller als vorher erreicht."
22,12,12,2.0,"Die Patientin ist im Hause bekannt, 2018 befand sie sich zum letzten Mal in unserer stationären Behandlung. | Die Patientin ist im Hause bekannt, 2018 befand sie sich zum letzten Mal in unserer stationären Behandlung. | Die Patientin ist im Hause bekannt, 2018 befand sie sich zum letzten Mal in unserer stationären Behandlung. | Die Patientin ist im Hause bekannt, 2018 befand sie sich zum letzten Mal in unserer stationären Behandlung. | Die Patientin ist im Hause bekannt, 2018 befand sie sich zum letzten Mal in unserer stationären Behandlung."
161,12,12,2.0,Linderung erfahre der Patient durch lokale Wärmetherapie und Massage. | Linderung erfahre der Patient durch lokale Wärmetherapie und Massage. | Linderung erfahre der Patient durch lokale Wärmetherapie und Massage. | Linderung erfahre der Patient durch lokale Wärmetherapie und Massage. | Linderung erfahre der Patient durch lokale Wärmetherapie und Massage.
181,12,12,2.0,Die Schmerzen strahlen häufig in die Schultern sowie in den Beinen aus. | Die Schmerzen strahlen häufig in die Schultern sowie in den Beinen aus. | Die Schmerzen strahlen beidseits in die Schultern und Arme aus und werden als ziehend beschrieben. | Zeitweise strahlen die Schmerzen in beide Schultern aus. | Teilweise strahlen die Schmerzen sowohl nach oben zum Kopf als nach unter in die linke Schulter.
16,15,12,2.0,Anamnestisch sei Bandscheibenvorfall L4/5 vorbekannt. | Anamnestisch ist ein Bandscheibenvorfall im Segment L4/5 vorbekannt. | Bandscheibenvorfall L4/5 u. | Bandscheibenvorfall L4/5 u. | Anamnestisch sei ein Bandscheibenvorfall C5/6 vorbekannt.
24,12,12,2.0,"Die Patientin ist im Hause bekannt, 2024 befand sie sich zum letzten Mal in unserer stationären Behandlung. | Die Patientin ist im Hause bekannt, 2024 befand sie sich zum letzten Mal in unserer stationären Behandlung. | Die Patientin ist im Hause bekannt, 2024 befand sie sich zum letzten Mal in unserer stationären Behandlung. | Die Patientin ist im Hause bekannt, 2024 befand sie sich zum letzten Mal in unserer stationären Behandlung. | Die Patientin ist im Hause bekannt, 2024 befand sie sich zum letzten Mal in unserer stationären Behandlung."
23,12,12,2.0,"Die Patientin ist im Hause bekannt, 2019 befand sie sich zum letzten Mal in unserer stationären Behandlung. | Die Patientin ist im Hause bekannt, 2019 befand sie sich zum letzten Mal in unserer stationären Behandlung. | Die Patientin ist im Hause bekannt, 2019 befand sie sich zum letzten Mal in unserer stationären Behandlung. | Die Patientin ist im Hause bekannt, 2019 befand sie sich zum letzten Mal in unserer stationären Behandlung. | Die Patientin ist im Hause bekannt, 2019 befand sie sich zum letzten Mal in unserer stationären Behandlung."
37,12,12,2.0,Vom Aufenthalt erhoffe er wieder Energie und Kraft aufbauen sowie eine Beschwerdenlinderung. | Vom Aufenthalt erhoffe er wieder Energie und Kraft aufbauen sowie eine Beschwerdenlinderung. | Vom Aufenthalt erhoffe er wieder Energie und Kraft aufbauen sowie eine Beschwerdenlinderung. | Vom Aufenthalt erhoffe er wieder Energie und Kraft aufbauen sowie eine Beschwerdenlinderung. | Vom Aufenthalt erhoffe er wieder Energie und Kraft aufbauen sowie eine Beschwerdenlinderung.
51,12,12,2.0,Die Beschwerden haben sich in letzten 3-4 Jahren deutlich zugespitzt. | Die Beschwerden haben sich in letztes halbes Jahr deutlich zugespitzt. | Die Beschwerden haben sich seit letztem halben Jahr deutlich zugespitzt. | Die Beschwerden haben sich in letzten Jahren zugespitzt. | Die Beschwerden haben sich in letzten drei Jahren deutlich zugespitzt.
156,12,12,2.0,Ihre Leistungsfähigkeit sei stark eingeschränkt. | Ihre Leistungsfähigkeit sei stark eingeschränkt. | Ihre Leistungsfähigkeit sei stark eingeschränkt. | Ihre Leistungsfähigkeit sei stark eingeschränkt. | Ihre Leistungsfähigkeit sei stark eingeschränkt.
3,11,11,1.9,"Ihr Appetit sei gut, keine Gewichtsabnahme. | Ihr Appetit sei gut, keine Gewichtsabnahme. | Ihr Appetit sei gut, keine Gewichtsabnahme. | Ihr Appetit sei gut, keine Gewichtsabnahme. | Ihr Appetit sei gut, keine Gewichtsabnahme."
85,11,11,1.9,"Sie habe das Gefühl, dass sie nur sehr wenig Kraft habe. | Sie habe das Gefühl, dass sie nur sehr wenig Kraft habe. | Sie habe das Gefühl, dass sie nur sehr wenig Kraft habe. | Sie habe das Gefühl, dass sie nur sehr wenig Kraft habe. | Sie habe das Gefühl, dass sie nur sehr wenig Kraft habe."
15,11,11,1.9,"Vom Aufenthalt erhoffe sie, dass die chronischen Beschwerden auf ein erträgliches Niveau verbessert werden. | Vom Aufenthalt erhoffe sie, dass die chronischen Beschwerden auf ein erträgliches Niveau verbessert werden. | Vom Aufenthalt erhoffe sie, dass die chronischen Beschwerden auf ein erträgliches Niveau verbessert werden. | Vom Aufenthalt erhoffe sie, dass die chronischen Beschwerden auf ein erträgliches Niveau verbessert werden. | Vom Aufenthalt erhoffe sie, dass die chronischen Beschwerden auf ein erträgliches Niveau verbessert werden."
54,11,11,1.9,In den Beziehungen zu anderen sei sie sehr zurückhaltend geworden. | In den Beziehungen zu anderen sei sie sehr zurückhaltend geworden. | In den Beziehungen zu anderen sei sie sehr zurückhaltend geworden. | In den Beziehungen zu anderen sei sie sehr zurückhaltend geworden. | In den Beziehungen zu anderen sei sie sehr zurückhaltend geworden.
72,11,11,1.9,"Seine Stimmung sei schwankend, häufig gedrückt. | Seine Stimmung sei schwankend, teilweise gedrückt. | Seine Stimmung sei schwankend, phasenweise gedrückt. | Seine Stimmung sei schwankend, phasenweise gedrückt. | Seine Stimmung sei sehr schwankend, teilweise bedrückt."
7,11,11,1.9,"Diese treten ca. 3-4 x pro Woche auf und halten einen Tag lang an. | Diese treten ca. 3-4 x pro Woche auf und halten einen Tag lang an. | Diese treten ca. 3-4 x pro Woche auf und halten einen Tag lang an. | Derzeit treten sie alle paar Tage etwa 2–3 Mal pro Woche auf und dauern unterschiedlich lang, teils einen halben, teils einen ganzen Tag. | Häufigkeit beträgt ca. 3-4 wöchentlich."
20,11,11,1.9,"Der Patient ist im Hause bekannt, 2020 befand sie sich zum letzten Mal in unserer stationären Behandlung. | Der Patient ist im Hause bekannt, 2020 befand sie sich zum letzten Mal in unserer stationären Behandlung. | Die Patientin ist im Hause bekannt, 2020 befand er sich zum letzten Mal in unserer stationären Behandlung. | Die Patientin ist im Hause bekannt, 2020 befand sie sich zum letzten Mal in unserer stationären Behandlung. | Die Patientin ist im Hause bekannt, 2020 befand sie sich zum letzten Mal in unserer stationären Behandlung."
193,11,11,1.9,"Hinsichtlich weiteren somatischer Beschwerden berichtet der Patient seit Jahren unter chronischen Dorsalgien in HWS-und LWS-Bereich zu leiden. | Hinsichtlich somatischer Beschwerden berichtet die Patientin seit über 3-4 Jahren unter chronischen Dorsalgien in HWS-und LWS-Bereich zu leiden. | Hinsichtlich somatischer Beschwerden berichtet die Patientin seit über 2-3 Jahren unter chronischen Dorsalgien in HWS-und LWS-Bereich zu leiden. | Hinsichtlich weiteren somatischer Beschwerden berichtet die Patientin seit einem Jahr unter Dorsalgien in HWS-und LWS-Bereich zu leiden. | Hinsichtlich weiteren somatischer Beschwerden gibt die Patientin chronischen Dorsalgien im LWS-Bereich an, die seit vielen Jahren bestehen würden."
216,11,11,1.9,Schmerzen werden als ziehenden empfunden. | Schmerzen werden als ziehenden empfunden. | Schmerzen werden als ziehenden empfunden. | Schmerzen werden als ziehenden empfunden. | Schmerzen werden als ziehenden empfunden.
100,11,11,1.9,Weiterhin bestehen Konzentrations- und Merkfähigkeitsstörungen. | Weiterhin bestehen Konzentrations- und Merkfähigkeitsstörungen. | Weiterhin bestehen Konzentrations- und Merkfähigkeitsstörungen. | Weiterhin bestehen Konzentrations- und Merkfähigkeitsstörungen. | Weiterhin bestehen Konzentrations- und Merkfähigkeitsstörungen.
108,11,11,1.9,Zudem leide sie unter unspezifischen Nahrungsmittelunverträglichkeiten (z.B. | Zudem leide sie unter unspezifischen Nahrungsmittelunverträglichkeiten (z.B. | Zudem leide sie unter unspezifischen Nahrungsmittelunverträglichkeiten (z.B. | Es bestünden unspezifischen Nahrungsmittelunverträglichkeiten (z.B. | Es bestünden unspezifischen Nahrungsmittelunverträglichkeiten (z.B.
213,11,11,1.9,Schmerzen werden als stechenden empfunden. | Schmerzen werden als stechenden empfunden. | Schmerzen werden als stechenden empfunden. | Schmerzen werden als stechenden empfunden. | Schmerzen werden als stechenden empfunden.
175,11,11,1.9,"Darüber hinaus leide die Patientin seit einigen Jahren unter Zervikobrachialgien. | Zudem berichtet die Patientin, seit über zwanzig Jahren an Zervikobrachialgien zu leiden. | Bei Aufnahmegespräch berichtet der Patient über vielen Jahren unter Zervikobrachialgien zu leiden. | Bei Aufnahmegespräch berichtet die Patientin, seit über elf Jahren unter Zervikobrachialgien zu leiden. | Weiterhin klagte die Patientin über Jahren unter intermittierenden Zervikobrachialgien."
84,11,11,1.9,Er fühle sich ständig energielos. | Er fühle sich ständig energielos. | Er fühle sich ständig energielos. | Er fühle sich ständig energielos. | Er fühle sich ständig energielos.
61,11,11,1.9,Aktuell bestehen ausgeprägte Erschöpfungszustände mit deutlicher kognitiver Einschränkung in Form von „Brainfog“ (Konzentrationsstörungen und Wortfindungsstörungen). | Aktuell bestehen ausgeprägte Erschöpfungszustände mit deutlicher kognitiver Einschränkung in Form von „Brainfog“ (Konzentrationsstörungen und Wortfindungsstörungen). | Aktuell bestehen ausgeprägte Erschöpfungszustände mit deutlicher kognitiver Einschränkung in Form von „Brainfog“ (Konzentrationsstörungen und Wortfindungsstörungen). | Aktuell bestehen ausgeprägte Erschöpfungszustände mit deutlicher kognitiver Einschränkung in Form von „Brainfog“ (Konzentrationsstörungen und Wortfindungsstörungen). | Aktuell bestehen neben ihren ausgeprägten Erschöpfungszuständen noch erhebliche  kognitiver Einschränkungen in Form von „Brainfog“ (Konzentrationsstörungen und Wortfindungsstörungen).
80,11,11,1.9,Es bestehe eine ausgeprägte Druckempfindlichkeit der Muskulatur am gesamten Körper. | Es bestehe eine ausgeprägte Druckempfindlichkeit der Muskulatur am gesamten Körper. | Es bestehe eine ausgeprägte Druckempfindlichkeit der Muskulatur am gesamten Körper. | Es bestehe eine ausgeprägte Druckempfindlichkeit der Muskulatur am gesamten Körper. | Es bestehe eine ausgeprägte Druckempfindlichkeit der Muskulatur am gesamten Körper.
62,11,11,1.9,Der Schmerz hält dann mehrere Tage lang an. | Die Schmerzen halten in der Regel mehrere Stunden an. | Schmerzen treten unmittelbar nach Belastung auf und halten mehrere Stunden lange an. | Die Schmerzen treten wöchentlich auf und halten jeweils 2–3 Tage an. | Die Schmerzen halten mehrere Stunden oder den ganzen Tag an.
10,10,10,1.7,"Vom Aufenthalt erhoffe sich die Patientin, dass die chronischen Beschwerden auf ein erträgliches Niveau verbessert werden. | Vom Aufenthalt erhoffe sich die Patientin, dass die chronischen Beschwerden auf ein erträgliches Niveau verbessert werden. | Vom Aufenthalt erhoffe sich die Patientin, dass die chronischen Beschwerden auf ein erträgliches Niveau verbessert werden. | Vom Aufenthalt erhoffe sich die Patientin, dass die chronischen Beschwerden auf ein erträgliches Niveau verbessert werden. | Vom Aufenthalt erhoffe sich die Patientin, dass die chronischen Beschwerden auf ein erträgliches Niveau verbessert werden."
86,10,10,1.7,Sie fühle sich überwiegend energielos. | Sie fühle sich überwiegend energielos. | Sie fühle sich überwiegend energielos. | Sie fühle sich überwiegend energielos. | Sie fühle sich überwiegend energielos.
163,10,10,1.7,"Einen Hauptschmerz könne sie nicht benennen, da immer verschiedene Schmerzen im Vordergrund stehen würden. | Einen Hauptschmerz könne sie nicht benennen, da immer verschiedene Schmerzen im Vordergrund stehen würden. | Einen Hauptschmerz könne sie nicht benennen, da immer verschiedene Schmerzen im Vordergrund stehen würden. | Einen Hauptschmerz könne sie nicht benennen, da immer verschiedene Schmerzen im Vordergrund stehen würden. | Einen Hauptschmerz könne sie nicht benennen, da immer verschiedene Schmerzen im Vordergrund stehen würden."
208,10,10,1.7,"Als Begleiterscheinungen gibt die Patientin ausgeprägte Nacken-Schulter-Verspannung sowie Spannungskopfschmerzen an. | Als Begleiterscheinungen gibt die Patientin ausgeprägte Nacken-Schulter-Verspannung sowie Spannungskopfschmerzen an. | Als Begleiterscheinungen gibt die Patientin ausgeprägte Nacken-Schulter-Verspannung, häufigen Blockaden sowie Spannungskopfschmerzen an. | Als Begleiterscheinungen gibt die Patientin ausgeprägte Nacken-Schulter-Verspannung, häufigen Blockaden sowie Spannungskopfschmerzen an. | Als Begleiterscheinungen gibt die Patientin ausgeprägte Nacken-Schulter-Verspannung, häufigen Blockaden mit Schwindelanfällen sowie Spannungskopfschmerzen an."
118,10,10,1.7,Der Schlaf sei nicht erholsam. | Der Schlaf sei nicht erholsam. | Der Schlaf sei nicht erholsam. | Der Schlaf sei nicht genug erholsam. | Der Schlaf sei nicht genug erholsam.
13,10,10,1.7,"Vom Aufenthalt erhoffe er, dass die chronischen Beschwerden auf ein erträgliches Niveau verbessert werden | Vom Aufenthalt erhoffe er, dass die chronischen Beschwerden auf ein erträgliches Niveau verbessert werden | Vom Aufenthalt erhoffe er, dass die chronischen Beschwerden auf ein erträgliches Niveau verbessert werden | Vom Aufenthalt erhoffe er, dass die chronischen Beschwerden auf ein erträgliches Niveau verbessert werden | Vom Aufenthalt erhoffe er, dass die chronischen Beschwerden auf ein erträgliches Niveau verbessert werden"
60,10,10,1.7,"Morgens wacht sie dann wie „gerädert“ auf, was ihre ausgeprägte Müdigkeitssymptomatik zusätzlich verstärkt. | Morgens erwacht die Patientin regelmäßig mit dem Gefühl, „wie gerädert“ zu sein, was die ausgeprägte Müdigkeitssymptomatik zusätzlich verstärkt. | Morgens erwache die Patientin wie „gerädert“ und deutlich erschöpft, was die chronische Müdigkeitssymptomatik zusätzlich verstärke. | Morgens wacht die Patientin wie „gerädert“ und sehr erschöpft auf, was ihre chronische Müdigkeitssymptomatik zusätzlich deutlich verstärkt. | Morgens erwacht die Patientin teilweise „wie gerädert“ und fühlt sich stark erschöpft, wodurch die bestehende chronische Müdigkeitssymptomatik zusätzlich deutlich verstärkt wird."
28,11,10,1.7,"Bildgebende Diagnostik zeige erosive Osteochondrose L5/S1, intra-extraforaminale Bandcheibenprotrusion L5/S1 sowie hypertrophe Facettenarthrose L3/4 bis L5/S1 beidseits. | Im MRT der LWS vom 07.06.2022: Osteochondrose L2-5 und Facettengelenksarthrosen L2-5, keine zentrale oder foraminale Stenose. | MRT LWS nativ vom 06.02.2020 zeigte unter anderem linkskonvexe Skoliose der LWS, deutliche Osteochondrose in allen lumbalen Segmenten, beginende Spondylosis deformans sowie Bandscheibenprotrusionen L4/L5 und L5/S1. | Es liegen degenerative Veränderungen der LWS mit Bandscheibenprolaps L2/3, Spondylarthrose L5/S1 sowie Osteochondrosen L1/2 und L5/S1 vor. | Lumboischalgie bei Osteochondrose L5/S1 diskret, bei mediane Bandscheibenprotrusion, diskrete Einengung des Neuroforamens links und bei subligamentarer Bandscheibenvorfall L5/S1 mit bds."
66,10,10,1.7,Zudem schlafen häufig ihre Finger ein. | Teilweise schlafen ihre Hände ein. | Häufig schlafen ihre Finger ein. | Teilweise schlafen ihre Finger ein. | Zudem schlafen häufig ihre Finger linksbetont ein.
5,10,10,1.7,"Sie beschreibt eine gesteigerte emotionale Empfindlichkeit, insbesondere in Situationen, die sie zuvor als unproblematisch empfunden habe. | Sie beschreibt eine gesteigerte emotionale Empfindlichkeit, insbesondere in Situationen, die sie zuvor als unproblematisch empfunden habe. | Sie beschreibt eine gesteigerte emotionale Empfindlichkeit, insbesondere in Situationen, die sie zuvor als unproblematisch empfunden habe. | Sie beschreibt eine gesteigerte emotionale Empfindlichkeit, insbesondere in Situationen, die sie zuvor als unproblematisch empfunden habe. | Sie beschreibt eine gesteigerte emotionale Empfindlichkeit, insbesondere in Situationen, die sie zuvor als unproblematisch empfunden habe."
21,10,10,1.7,"Die Patientin ist im Hause bekannt, 2014 befand sie sich zum letzten Mal in unserer stationären Behandlung. | Die Patientin ist im Hause bekannt, 2014 befand sie sich zum letzten Mal in unserer stationären Behandlung. | Die Patientin ist im Hause bekannt, 2014 befand sie sich zum letzten Mal in unserer stationären Behandlung. | Die Patientin ist im Hause bekannt, 2014 befand sie sich zum letzten Mal in unserer stationären Behandlung. | Der Patient ist im Hause bekannt, 2014 befand sie sich zum letzten Mal in unserer stationären Behandlung."
8,10,10,1.7,"Es bestünde eine Morgensteifigkeit, die ca. 1/2 Stunde anhalte. | Es bestünde eine Morgensteifigkeit, die ca. 1-2 Stunden anhalten würde. | Es bestünde eine Morgensteifigkeit, die ca. eine halbe Stunde beträgt. | Morgensteifigkeit ca. 1 Stunde. | Außerdem bestünde eine Morgensteifigkeit, welche ca. ein bis zwei Stunden anhalten würde."
99,10,10,1.7,Ihre Konzentration sowie Merkfähigkeit seien beeinträchtigt. | Ihre Konzentration sowie Merkfähigkeit seien beeinträchtigt. | Ihre Konzentration sowie Merkfähigkeit seien beeinträchtigt. | Ihre Konzentration sowie Merkfähigkeit seien beeinträchtigt. | Ihre Konzentration sowie Merkfähigkeit seien beeinträchtigt.
95,10,10,1.7,Ganzkörperschmerzen sein manchmal von einer morgendlichen Steifigkeit begleitet. | Ganzkörperschmerzen sein manchmal von einer morgendlichen Steifigkeit begleitet. | Ganzkörperschmerzen sein manchmal von einer morgendlichen Steifigkeit begleitet. | Die Ganzkörperschmerzen sein manchmal von einer morgendlichen Steifigkeit begleitet. | Häufig würden die Ganzkörperschmerzen von einer morgendlichen Steifigkeit begleitet sein.
116,10,10,1.7,Sie sei häufig gereizt. | Sie sei häufig gereizt. | Sie sei häufig gereizt. | Sie sei häufig gereizt. | Sie sei häufig gereizt.
113,10,10,1.7,Die Patientin kommt zu stationäre Aufnahme mit einem komplexen psychosomatischen Krankheitsbild. | Die Patientin kommt zu stationäre Aufnahme mit einem komplexen psychosomatischen Krankheitsbild. | Die Patientin kommt zu stationäre Aufnahme mit einem komplexen psychosomatischen Krankheitsbild. | Die Patientin kommt zu stationäre Aufnahme mit einem komplexen psychosomatischen Krankheitsbild. | Die Patientin kommt zu stationäre Aufnahme mit einem komplexen psychosomatischen Krankheitsbild.
132,11,10,1.7,Lokale Wärme würde zur kurzzeitigen Linderung führen. | Auch hier würde lokale Wärme zur kurzzeitigen Linderung führen. | Auch hier würde lokale Wärme zur kurzzeitigen Linderung führen. | Auch hier würde Wärme kurzzeitige Linderung bringen. | Lokale Wärme würde hier eine kurzzeitige Linderung bringen.
90,10,10,1.7,"Er habe oft das Gefühl, dass er langsam keine Kraft mehr habe. | Er habe oft das Gefühl, dass er langsam keine Kraft mehr habe. | Er habe oft das Gefühl, dass er langsam keine Kraft mehr habe. | Er habe oft das Gefühl, dass er langsam keine Kraft mehr habe. | Er habe oft das Gefühl, dass er langsam keine Kraft mehr habe."
64,10,10,1.7,Zudem leide unter muskulärer Anspannung im BWS-Bereich. | Zudem leide unter muskulärer Anspannung im BWS-Bereich. | Zudem leide unter muskulärer Anspannung im BWS-Bereich. | Zudem leide unter muskulärer Anspannung im BWS-Bereich. | Zudem leide unter muskulärer Anspannung im BWS-Bereich.
70,9,9,1.5,"Wärme würde hier zu kurzfristiger Besserung führen, Kälte dagegen zur Verschlechterung. | Wärme würde hier zu kurzfristiger Besserung führen, Kälte dagegen zur Verschlechterung. | Wärme würde hier zu kurzfristiger Besserung führen, Kälte dagegen zur Verschlechterung. | Wärme würde hier zu kurzfristiger Besserung führen, Kälte dagegen zur Verschlechterung. | Wärme würde hier zu kurzfristiger Besserung führen, Kälte dagegen zur Verschlechterung."
9,9,9,1.5,Der Patient ist im Hause bekannt. | Der Patient ist im Hause bekannt. | Der Patient ist im Hause bekannt. | Der Patient ist im Hause bekannt. | Der Patient ist im Hause bekannt.
199,9,9,1.5,Schmerzqualität sei ziehend. | Schmerzqualität sei ziehend. | Schmerzqualität sei ziehend. | Schmerzqualität sei ziehend. | Schmerzqualität sei ziehend.
206,9,9,1.5,Im Nacken-Schulterbereich handle es sich um anhaltende Schmerzen von ziehender Schmerzqualität. | Im Nacken-Schulterbereich handle es sich um anhaltende Schmerzen von ziehender Schmerzqualität. | Im Nacken-Schulterbereich handle es sich um anhaltende Schmerzen von ziehender Schmerzqualität. | Im Nacken-Schulterbereich handle es sich um anhaltende Schmerzen von ziehender Schmerzqualität. | Im Nacken-Schulterbereich handle es sich um anhaltende Schmerzen von ziehender Schmerzqualität.
195,9,9,1.5,"Hinsichtlich somatischer Beschwerden berichtet der Patient seit über zehn Jahren unter chronischen Dorsalgien in allen Etagen der Wirbelsäle zu leiden. | Hinsichtlich somatischer Beschwerden berichtet der Patient seit über zehn Jahren unter chronischen Dorsalgien in fast allen Etagen der Wirbelsäle zu leiden. | Hinsichtlich somatischer Beschwerden berichtet die Patientin über chronische Dorsalgien in nahezu allen Abschnitten der Wirbelsäule, bestehend seit über zehn Jahren. | Hinsichtlich weiteren somatischer Beschwerden gibt die Patientin chronischen Dorsalgien in allen Abschnitten der Wirbelsäle an, die seit über zehn Jahren bestehen würden. | Hinsichtlich weiteren somatischer Beschwerden berichtet der Patient seit über zwanzig Jahren unter chronischen Dorsalgien in allen Etagen der Wirbelsäle zu leiden."
154,9,9,1.5,"Ihr Antrieb sowie ihre Leistungsfähigkeit seien reduziert, sie fühle sich häufig erschöpft und ihre Belastbarkeitsgrenze sei schneller als vorher erreicht. | Ihr Antrieb sowie ihre Leistungsfähigkeit seien reduziert, sie fühle sich häufig erschöpft und ihre Belastbarkeitsgrenze sei schneller als vorher erreicht. | Ihr Antrieb sowie ihre Leistungsfähigkeit seien reduziert, sie fühle sich häufig erschöpft und ihre Belastbarkeitsgrenze sei schneller als vorher erreicht. | Ihr Antrieb sowie ihre Leistungsfähigkeit seien reduziert, sie fühle sich häufig erschöpft und ihre Belastbarkeitsgrenze sei schneller als vorher erreicht. | Ihr Antrieb sowie ihre Leistungsfähigkeit seien reduziert, sie fühle sich häufig erschöpft und ihre Belastbarkeitsgrenze sei schneller als vorher erreicht."
155,9,9,1.5,"Ihr Antrieb sowie ihre Leistungsfähigkeit seien deutlich reduziert, sie fühle sich häufig erschöpft und ihre Belastbarkeitsgrenze sei schneller als vorher erreicht. | Ihr Antrieb sowie ihre Leistungsfähigkeit seien deutlich reduziert, sie fühle sich häufig erschöpft und ihre Belastbarkeitsgrenze sei schneller als vorher erreicht. | Ihr Antrieb sowie ihre Leistungsfähigkeit seien deutlich reduziert, sie fühle sich häufig erschöpft und ihre Belastbarkeitsgrenze sei schneller als vorher erreicht. | Ihr Antrieb sowie ihre Leistungsfähigkeit seien deutlich reduziert, sie fühle sich häufig erschöpft und ihre Belastbarkeitsgrenze sei schneller als vorher erreicht. | Ihr Antrieb sowie ihre Leistungsfähigkeit seien deutlich reduziert, sie fühle sich häufig erschöpft und ihre Belastbarkeitsgrenze sei schneller als vorher erreicht."
141,9,9,1.5,Die Schmerzen werden durch Wärme kurzzeitig gelindert. | Die Schmerzen werden durch Wärme kurzzeitig gelindert. | Die Schmerzen werden durch Wärme kurzzeitig gelindert. | Die Schmerzen werden durch Wärme kurzzeitig gelindert. | Die Schmerzen werden durch Wärme kurzzeitig gelindert.
133,9,9,1.5,Er sei schnell überreiz und leide unter innere Unruhe. | Er sei schnell überreiz und leide unter innere Unruhe. | Er sei schnell überreiz und leide unter innere Unruhe. | Er sei schnell überreiz und leide unter innere Unruhe. | Er sei schnell überreiz und leide unter innere Unruhe.
29,9,9,1.5,"Zudem berichtet die Patientin über Zukunfts- und Existenzängste sowie über die Sorge, den eigenen Ansprüchen nicht mehr gerecht werden zu können. | Die Patientin berichtet zudem über Zukunfts- und Existenzängste sowie über die Sorge, nicht mehr den eigenen Ansprüchen genügen zu können. | Der Patient berichtet zudem über Zukunfts- und Existenzängste sowie über die Sorge, den eigenen Ansprüchen nicht mehr genügen zu können. | Zudem berichtet der Patient über Zukunfts- und Existenzängste sowie die Sorge, den eigenen Ansprüchen nicht mehr gerecht werden zu können. | Die Patientin berichtet zudem über ausgeprägte Zukunfts- und Existenzängste sowie über die Sorge, nicht ausreichend leistungsfähig bzw. „nicht gut genug“ zu sein."
35,9,9,1.5,Die Finger seien sehr steif und nur schwer beweglich. | Die Finger seien sehr steif und nur schwer beweglich. | Die Finger seien sehr steif und nur schwer beweglich. | Die Finger seien sehr steif und nur schwer beweglich. | Die Fingergelenke fühlen sich steif an.
71,9,9,1.5,Teilweise leide er an einer gedrückten Stimmung. | Teilweise leide er an einer gedrückten Stimmung. | Teilweise leide er an einer gedrückten Stimmung. | Teilweise leide er an einer gedrückten Stimmung. | Teilweise leide er an einer gedrückten Stimmung.
45,9,9,1.5,Vom Aufenthalt erhoffe der Patient wieder Energie und Kraft aufbauen sowie eine Beschwerdelinderung. | Vom Aufenthalt erhoffe der Patient wieder Energie und Kraft aufbauen sowie eine Beschwerdelinderung. | Vom Aufenthalt erhoffe der Patient wieder Energie und Kraft aufbauen sowie eine Beschwerdelinderung. | Vom Aufenthalt erhoffe der Patient wieder Energie und Kraft aufbauen sowie eine Beschwerdelinderung. | Vom Aufenthalt erhoffe der Patientin wieder Energie und Kraft aufbauen sowie eine Beschwerdelinderung.
25,9,9,1.5,"Der Patient ist im Hause bekannt, 2023 befand er sich zum letzten Mal in unserer stationären Behandlung. | Der Patient ist im Hause bekannt, 2023 befand er sich zum letzten Mal in unserer stationären Behandlung. | Der Patient ist im Hause bekannt, 2023 befand er sich zum letzten Mal in unserer stationären Behandlung. | Der Patient ist im Hause bekannt, 2023 befand er sich zum letzten Mal in unserer stationären Behandlung. | Der Patient ist im Hause bekannt, 2022 befand er sich zum letzten Mal in unserer stationären Behandlung."
76,9,9,1.5,Es sei die Diagnose einer Fibromyalgie gestellt worden. | Es sei die Diagnose einer Fibromyalgie gestellt worden. | Es sei die Diagnose einer Fibromyalgie gestellt worden. | Die Diagnose einer Fibromyalgie wurde gestellt. | Es sei die Diagnose einer Fibromyalgie vermutet.
145,9,9,1.5,"Er berichtet, dass sein Antrieb sowie seine Leistungsfähigkeit deutlich reduziert sei, er fühle sich häufig erschöpft und seine Belastbarkeitsgrenze sei schneller als vorher erreicht. | Er berichtet, dass sein Antrieb sowie seine Leistungsfähigkeit deutlich reduziert sei, er fühle sich häufig erschöpft und seine Belastbarkeitsgrenze sei schneller als vorher erreicht. | Er berichtet, dass sein Antrieb sowie seine Leistungsfähigkeit deutlich reduziert sei, er fühle sich häufig erschöpft und seine Belastbarkeitsgrenze sei schneller als vorher erreicht. | Er berichtet, dass sein Antrieb sowie seine Leistungsfähigkeit deutlich reduziert seien, er fühle sich häufig erschöpft und seine Belastbarkeitsgrenze sei schneller als vorher erreicht. | Er gibt an, dass sein Antrieb sowie seine Leistungsfähigkeit seien reduziert, er fühle sich häufig erschöpft und seine Belastbarkeitsgrenze sei schneller als vorher erreicht."
172,9,9,1.5,Zudem berichtet die Patientin seit über zehn Jahren unter intermittierenden HWS-Schmerzen und schmerzhafte Verspannungen im Nacken-Schulterbereich zu leiden. | Kurz gefasst leide der Patient seit über 3 Jahren immer wieder unter intermittierenden HWS-Schmerzen und schmerzhafte Verspannungen im Nacken-/Schulterbereich. | Kurz gefasst berichtet die Patientin seit Jahren unter HWS-Schmerzen mit Ausstrahlung in den Kopf und Nacken-Schulter-Bereich sowie schmerzhafte Verspannungen im Nacken-Schulterbereich zu leiden. | Bei Aufnahmegespräch berichtet die Patientin seit …….Jahren unter HWS-Schmerzen und schmerzhafte Verspannungen im Nacken-Schulterbereich zu leiden. | Kurz gefasst leide der Patient über 15 Jahren unter immer wieder auftretenden HWS-Schmerzen und schmerzhafte Verspannungen im Nacken-Schulterbereich.
185,8,8,1.4,"Im Nacken-Schulterbereich handle es sich um intermittierende Schmerzen von ziehender Schmerzqualität mit Ausstrahlung in den Schultern und Kopf. | Im Nacken-Schulterbereich handle es sich um anhaltende Schmerzen von ziehender Schmerzqualität mit Ausstrahlung in den Schultern und Kopf. | Im Nacken-Schulterbereich handle es sich um anhaltende Schmerzen von ziehender Schmerzqualität mit Ausstrahlung in den Schultern und Kopf. | Es handelt sich um rezidivierende, spannungsartige Schmerzen im Bereich der Halswirbelsäule mit Ausstrahlung okzipital sowie in beide Schulterregionen. | Es handelt sich um rezidivierende, spannungsartige Schmerzen im Bereich der Halswirbelsäule mit Ausstrahlung okzipital sowie in beide Schulterregionen."
201,8,8,1.4,"Bei Aufnahmegespräch berichtet die Patientin unter seit über acht Jahren bestehende rezidivierend auftretende Schmerzen in vielen Körperregionen, obere und untere, rechte und linke Körperhälfte zu leiden. | Bei Aufnahmegespräch berichtet die Patientin unter seit über sieben Jahren bestehende rezidivierend auftretende Schmerzen in vielen Körperregionen, obere und untere, rechte und linke Körperhälfte zu leiden. | Darüber hinaus berichtet die Patientin seit Jahren unter rezidivierend auftretende Schmerzen in vielen Körperregionen, obere und untere, rechte und linke Körperhälfte zu leiden. | Bei Aufnahmegespräch berichtet der Patient unter seit über fünf Jahren bestehende rezidivierend auftretende Schmerzen in vielen Körperregionen, obere und untere, rechte und linke Körperhälfte zu leiden. | Bei Aufnahmegespräch berichtet die Patientin unter seit über 20 Jahren bestehende rezidivierend auftretende Schmerzen in vielen Körperregionen, obere und untere, rechte und linke Körperhälfte zu leiden."
63,8,8,1.4,"Kurzzeitige Linderung erfährt sie durch Massage, Ruhe und Wärme. | Kurzzeitige Linderung durch Massage sowie Wärme. | Kurzzeitige Linderung durch Massage sowie Wärme. | Wärme habe eine entspannende und schmerzlindernde Wirkung, auch Massagen führten zu einer kurzfristigen Besserung. | Wärme und Massage würden als kurzfristig wohltuend empfunden."
83,8,8,1.4,Sie fühle sich sehr kraftlos und häufig abgeschlagen. | Sie fühle sich sehr kraftlos und häufig abgeschlagen. | Sie fühle sich sehr kraftlos und häufig abgeschlagen. | Sie fühle sich häufig kraftlos | Sie fühle sich häufig kraftlos
82,8,8,1.4,Zudem berichtet er über Konzentrations- und Gedächtnisstörungen sowie Versagensängsten. | Ebenfalls leide er unter anhaltenden Konzentrations- und Gedächtnisstörungen. | Ebenfalls leide er unter anhaltenden Konzentrations- und Gedächtnisstörungen. | Ebenfalls leide er unter anhaltenden Konzentrations- und Gedächtnisstörungen. | Zudem berichtet sie über Konzentrations- und Gedächtnisstörungen.
77,8,8,1.4,"Ursächlich hierfür ist eine Überlastungssituation sowohl im familiären Umkreis als ihre „Gesundheitliche Lage“. | Ursächlich hierfür ist eine Überlastungssituation sowohl im familiären Umkreis als ihre „Gesundheitliche Lage“. | Ursächlich hierfür ist eine Überlastungssituation sowohl im familiären Umkreis als ihre „Gesundheitliche Lage“. | Ursache hierfür ist eine Überlastungssituation sowohl im familiären Umkreis als auch ihre „Gesundheitliche Lage“. | Ursächlich hierfür ist eine Überlastungssituation sowohl im familiären Umkreis, als auch im beruflichen Bereich."
33,8,8,1.4,Die Lokalisation der Schmerzen sei dabei wechselnd. | Die Lokalisation der Schmerzen sei dabei wechselnd. | Die Lokalisation der Schmerzen sei dabei wechselnd. | Die Lokalisation der Schmerzen sei dabei wechselnd. | Die Lokalisation der Schmerzen sei dabei wechselnd.
30,8,8,1.4,"Zudem berichtet sie über Zukunfts- und Existenzängste sowie über die Sorge, den eigenen Ansprüchen nicht mehr gerecht werden zu können. | Zudem berichtet sie über Zukunfts- und Existenzängste sowie über die Sorge, den eigenen Ansprüchen nicht mehr gerecht werden zu können. | Darüber hinaus berichtet sie über Zukunfts- und Existenzängste sowie über die Sorge, den eigenen Ansprüchen nicht mehr gerecht werden zu können. | Darüber hinaus berichtet sie über Zukunfts- und Existenzängste sowie über die Sorge, den eigenen Ansprüchen nicht mehr gerecht werden zu können. | Darüber hinaus berichtet sie über Zukunfts- und Existenzängste sowie über die Sorge, den eigenen Ansprüchen nicht mehr gerecht werden zu können."
150,8,8,1.4,"Sein Antrieb sowie seine Leistungsfähigkeit seien deutlich reduziert, er fühle sich häufig müde und seine Belastbarkeitsgrenze sei schneller als vorher erreicht. | Sein Antrieb sowie seine Leistungsfähigkeit seien deutlich reduziert, er fühle sich häufig müde und seine Belastbarkeitsgrenze sei schneller als vorher erreicht. | Sein Antrieb sowie seine Leistungsfähigkeit seien deutlich reduziert, er fühle sich häufig müde und seine Belastbarkeitsgrenze sei schneller als vorher erreicht. | Sein Antrieb sowie seine Leistungsfähigkeit seien deutlich reduziert, er fühle sich häufig müde und seine Belastbarkeitsgrenze sei schneller als vorher erreicht. | Sein Antrieb sowie seine Leistungsfähigkeit seien deutlich reduziert, er fühle sich häufig müde und seine Belastbarkeitsgrenze sei schneller als vorher erreicht."
88,8,8,1.4,Sie fühle sich immer wieder energielos. | Sie fühle sich immer wieder energielos. | Sie fühle sich immer wieder energielos. | Sie fühle sich ständig energielos. | Sie fühle sich ständig energielos.
92,8,8,1.4,"Oft habe sie das Gefühl, dass sie langsam keine Kraft mehr habe. | Oft habe sie das Gefühl, dass sie langsam keine Kraft mehr habe. | Oft habe sie das Gefühl, dass sie langsam keine Kraft mehr habe. | Oft habe sie das Gefühl, dass sie langsam keine Kraft mehr habe. | Oft habe sie das Gefühl, dass sie langsam keine Kraft mehr habe."
101,8,8,1.4,Weiterhin berichtet er über Konzentrationsstörungen. | Weiterhin berichtet er über Konzentrationsstörungen. | Weiterhin berichtet er über Konzentrationsstörungen. | Weiterhin berichtet er über Konzentrationsstörungen. | Zudem berichtet er über Konzentrationsstörungen.
112,8,8,1.4,Die Patientin wird mit einem komplexen psychosomatischen Beschwerdebild zur stationären Aufnahme vorgestellt. | Die Patientin wird mit einem komplexen psychosomatischen Beschwerdebild zur stationären Aufnahme vorgestellt. | Die Patientin wird mit einem komplexen psychosomatischen Beschwerdebild zur stationären Aufnahme vorgestellt. | Die Patientin wird mit einem komplexen psychosomatischen Beschwerdebild zur stationären Aufnahme vorgestellt. | Die Patientin wird mit einem komplexen psychosomatischen Beschwerdebild zur stationären Aufnahme vorgestellt.
93,8,8,1.4,"Oft habe sie das Gefühl, dass sie langsam keine Kraft mehr habe. | Oft habe sie das Gefühl, dass sie langsam keine Kraft mehr habe. | Oft habe sie das Gefühl, dass sie langsam keine Kraft mehr habe. | Oft habe sie das Gefühl, dass sie langsam keine Kraft mehr habe. | Oft habe sie das Gefühl, dass sie langsam keine Kraft mehr habe."
209,8,8,1.4,Als Begleiterscheinungen gibt die Patientin ausgeprägte Nacken-Schulter-Verspannung an. | Als Begleiterscheinungen gibt die Patientin ausgeprägte Nacken-Schulter-Verspannung an. | Als Begleiterscheinungen gibt die Patientin ausgeprägte Nacken-Schulter-Verspannung an. | Als Begleiterscheinungen gibt die Patientin ausgeprägte Nacken-Schulter-Verspannung an. | Als Begleiterscheinungen gibt die Patientin ausgeprägte Nacken-Schulter-Verspannung an.
214,8,8,1.4,Die Schmerzen werden als ziehend empfunden. | Die Schmerzen werden als ziehend empfunden. | Die Schmerzen werden als ziehenden empfunden. | Die Schmerzen werden als ziehenden empfunden. | Die Schmerzen werden als ziehenden empfunden.
178,8,8,1.4,Eine Art von den Kopfschmerzen beginnt im Hinterkopf und breitet sich nach vorne bis zur Stirn aus. | Eine Art von den Kopfschmerzen beginnt im Hinterkopf und breitet sich nach vorne bis zur Stirn aus. | Eine Art der Kopfschmerzen beginnt typischerweise im Hinterkopf und zieht sich nach vorne in die Stirnregion. | Eine Art von den Kopfschmerzen beginnt im Stirnbereich und setzt sich nach dem im Hinterkopf fort. | Kopfschmerz beginnt im Hinterkopf und breitet sich nach vorne bis zur Stirn aus.
151,8,8,1.4,"Sein Antrieb sowie seine Leistungsfähigkeit seien deutlich reduziert, er fühle sich häufig erschöpft und seine Belastbarkeitsgrenze sei schneller als vorher erreicht. | Sein Antrieb sowie seine Leistungsfähigkeit seien deutlich reduziert, er fühle sich häufig erschöpft und seine Belastbarkeitsgrenze sei schneller als vorher erreicht. | Sein Antrieb sowie seine Leistungsfähigkeit seien deutlich reduziert, er fühle sich häufig erschöpft und seine Belastbarkeitsgrenze sei schneller als vorher erreicht. | Sein Antrieb sowie seine Leistungsfähigkeit seien deutlich reduziert, er fühle sich häufig erschöpft und seine Belastbarkeitsgrenze sei schneller als vorher erreicht. | Sein Antrieb sowie ihre Leistungsfähigkeit seien deutlich reduziert, er fühle sich häufig erschöpft und seine Belastbarkeitsgrenze sei schneller als vorher erreicht."
169,8,8,1.4,"Die Patientin gibt auch an, dass sie seit vielen Jahren an intermittierenden Schmerzen in der linken Schulter leidet. | Darüber hinaus gibt die Patientin an, dass sie seit über zwei Jahren unter Schmerzen in der rechten Schulter leidet. | Zudem berichtet die Patientin, seit zwei Jahren unter intermittierenden Schmerzen in der rechten Schulter zu leiden. | Die Patientin gibt auch an, dass sie seit etwa 4-5 Jahren an intermittierenden Schmerzen in der linken Schulter leidet. | Die Patientin gibt auch an, dass sie seit einem Jahr an Schmerzen in der rechten Schulter leidet."
166,9,8,1.4,Die Beschwerden bessern sich durch Wärme und manuelle Therapie. | Die Beschwerden bessern sich durch Wärme und manuelle Therapie. | Die Beschwerden bessern sich durch Wärme und manuelle Therapie. | Die Beschwerden bessern sich durch Wärme und manuelle Therapie. | Die Beschwerden bessern sich durch Wärme und manuelle Therapie.
173,8,8,1.4,Zudem besteht seit über acht Jahren schleichend eine zunehmende Erschöpfungssymptomatik. | Weiterhin bestehe seit mehr als 10-15 Jahren immer wieder Erschöpfungssymptomatik. | Zudem bestehe seit über elf Jahren immer wieder eine Erschöpfungssymptomatik. | Zudem bestehe seit ca. dreiviertel Jahr schleichend zunehmende Erschöpfungssymptomatik. | Zudem bestehe seit über zehn Jahren eine zunehmende Müdigkeitssymptomatik.
177,8,8,1.4,"Bei Aufnahmegespräch berichtet der Patient, dass durch diversen körperlichen und psychischen Erkrankungen und vor allem durch die andauernde Schmerzproblematik seit mehre Jahren er Ängste entwickelt und mit Depressionen behaftet ist. | Bei Aufnahmegespräch berichtet der Patient, dass durch diversen körperlichen und psychischen Erkrankungen und vor allem durch die andauernde Schmerzproblematik seit mehre Jahren er Ängste entwickelt und mit Depressionen behaftet ist. | Bei Aufnahmegespräch berichtet der Patient, dass er durch psychischen und körperlichen Erkrankungen seit mehre Jahren Ängste entwickelt und mit Depressionen behaftet ist. | Bei Aufnahmegespräch berichtet der Patient, dass er durch psychischen und körperlichen Erkrankungen seit mehre Jahren Ängste entwickelt und mit Depressionen behaftet ist. | Bei Aufnahmegespräch berichtet die Patientin, dass sie durch diversen körperlichen und psychischen Erkrankungen und vor allem durch die andauernde Schmerzproblematik seit mehre Jahren sie Ängste entwickelt und mit Depressionen behaftet ist."
191,8,8,1.4,"Die Schmerzen seien ständig vorhanden, allerdings mit wechselnder Intensität. | Die Schmerzen seien dauerhaft vorhanden, jedoch mit wechselnder Intensität. | Die Schmerzen seien dauerhaft vorhanden, mit wechselnder Intensität. | Die Schmerzen seien dauerhaft vorhanden mit Fluktuationen und von ziehendem Charakter. | Die Schmerzen sind ständig vorhanden, jedoch mit unterschiedlicher Intensität."
168,8,7,1.2,Kurzfristige Linderung erfahre die Patientin durch lokale Wärmeanwendungen sowie manuelle Therapie. | Kurzzeitige Linderung erfahre die Patientin meistens durch lokale Wärme und manuelle Therapie. | Kurzzeitige Linderung erfahre die Patientin meistens durch lokale Wärme und manuelle Therapie. | Kurzfristige Linderung erfährt die Patientin durch lokale Wärmeanwendungen oder manuelle Therapie. | Kurzeitige Linderung erfahre die Patientin durch lokale Wärme sowie manuelle Therapie.
6,8,7,1.2,"An körperlichen Beschwerden gibt die Patientin an, dass bei ihr seit 2019 eine Colitis ulcerosa bekannt ist. | Die Patientin berichtet bei Aufnahme über eine seit April 2021 bekannte Colitis ulcerosa, welche sich initial durch einen steroidrefraktären Verlauf gekennzeichnet habe. | Aus Schilderung des Patienten und vorliegenden Befundberichten geht folgendes hervor: Bei dem Patienten ist seit 2020 eine Colitis ulcerosa bekannt mit Befall insbesondere des S- und Enddarms. | In diesem Zusammenhang gibt die Patientin an, dass bei ihr 2002 eine Colitis ulcerosa diagnostiziert wurde, die seit Jahren in Remission ist. | Im Jahr 2016 wurde sie unter anderem aufgrund erhöhter Leberwerte gastroenterologisch abgeklärt, wobei die Diagnose einer Colitis ulcerosa gestellt wurde."
18,11,7,1.2,Wirbelsäule nicht klopfdolent. | Wirbelsäule nicht klopfdolent. | Wirbelsäule nicht klopfdolent. | Wirbelsäule nicht klopfdolent. | Wirbelsäule nicht klopfdolent.
140,10,7,1.2,Die Schmerzen werden durch Wärme sowie manuelle Therapie kurzzeitig gelindert. | Die Schmerzen werden durch Wärme sowie manuelle Therapie kurzzeitig gelindert. | Die Schmerzen werden durch Wärme sowie manuelle Therapie kurzzeitig gelindert. | Die Schmerzen werden durch Wärme sowie manuelle Therapie kurzzeitig gelindert. | Die Schmerzen werden durch Wärme sowie manuelle Therapie kurzzeitig gelindert.
97,9,6,1.0,Gynäkologische Anamnese: Eine Geburt. | Gynäkologische Anamnese: Zwei Geburten. | Gynäkologische Anamnese: Zwei Geburten. | Gynäkologische Anamnese: Zwei Geburten. | Gynäkologische Anamnese: Zwei Geburten.
165,8,6,1.0,Lokale Wärmeanwendungen und manuelle Therapie führen zu einer kurzfristigen Linderung der Beschwerden. | Lokale Wärmeanwendungen und manuelle Therapie führen zu einer kurzfristigen Linderung der Beschwerden. | Auch hier führen lokale Wärmeanwendungen und manuelle Therapie zu einer kurzfristigen Linderung der Beschwerden. | Auch hier führen lokale Wärmeanwendungen und manuelle Therapie zu einer kurzfristigen Linderung der Beschwerden. | Lokale Wärme und manuelle Therapie führen zu einer kurzfristigen Besserung der Beschwerden.
19,8,4,0.7,Es würden ihr aufgrund der Schmerzen und der fehlenden Kraft öfters Gegenstände aus der Hand fallen. | Es würden ihr aufgrund der Schmerzen und der fehlenden Kraft öfters Gegenstände aus der Hand fallen. | Es würden ihr aufgrund der Schmerzen und der fehlenden Kraft öfters Gegenstände aus der Hand fallen. | Es würden ihr dann aufgrund der Schmerzen und der fehlenden Kraft öfters Gegenstände aus der Hand fallen. | Zudem leide sie immer wieder an den Armen und Händen unter einem generellen Schweregefühl und einer ausgeprägten Kraftlosigkeit.
